id,field,z_phot,M_msun,R_pc,Sigma,logSigma,f444w_flux,f150w_flux,color_mag,color_excess,z_N,emit_enhance,sersic_enhance,z_sersic,geom_factor,geff_factor,z_final,dmag_N,dmag_emit,dmag_sersic,dmag_geo,dmag_final
1072,primer-uds-north,8.90596,30199517204.02019,78.83757820174078,1546619.8425736583,6.189383577719029,0.1588505630490475,0.0176665777606853,-2.384590823013821,-0.3579418805249506,1.8336450943607622e-05,1.455,3.671056845830528,6.731415376476641e-05,1.3,31.08032155577852,0.002719789207543277,3.981709731249232e-05,5.793387658967633e-05,0.00014617082767012524,0.00019002207597116282,0.005905947223880316
1381,primer-uds-north,5.6625967,1778279410.0389228,120.01283584270938,39300.19735145945,4.594394731251626,0.0741659972839389,0.0084033741489397,-2.364377851382106,-0.3377289088932356,7.092851342745018e-07,1.455,3.671056845830528,2.603826047824235e-06,1.3,1.1218426131777217,3.7974079230767673e-06,1.5401930995571155e-06,2.2409809598556035e-06,5.654136422030089e-06,7.350377348639116e-06,8.245966532639639e-06
1470,primer-uds-north,5.3967586,3981071705.5349693,146.5718278440177,58986.023523096024,4.770749119678452,0.1159059409244741,0.0326038490539661,-1.3770920577517696,0.6495568847371007,1.3001637458914191e-06,1.455,3.671056845830528,4.772975020055357e-06,1.3,1.2240426946452876,7.595022766530167e-06,2.8232697020565248e-06,4.107857416492244e-06,1.036438356736052e-05,1.3473698637568676e-05,1.6492382387168103e-05
1544,primer-uds-north,5.463462,6025595860.743568,120.55093383660046,131980.256908102,5.120508969409211,0.1047941426617799,0.0426652188063577,-0.9756575793632544,1.050991363125616,2.392643403562504e-06,1.455,3.671056845830528,8.783529946279385e-06,1.3,1.7498433806811953,1.9980742256165648e-05,5.195559136647053e-06,7.559538543821463e-06,1.9073192936505512e-05,2.4795150817457168e-05,4.338763053091935e-05
1939,primer-uds-north,4.3620567,1288249551.6931322,99.5346059965892,41390.61925156326,4.616901923997402,0.2954058064449807,0.026924673374955,-2.6006714598257874,-0.5740225173369171,6.195472791669282e-07,1.455,3.671056845830528,2.274393280501429e-06,1.3,1.1316921821219947,3.3460870229985436e-06,1.3453298231018518e-06,1.9574548926131944e-06,4.938782256998026e-06,6.420416934097434e-06,7.265935650281732e-06
3992,primer-uds-north,5.6593285,4786300923.22638,79.56723036871635,240647.66113327516,5.381381645103971,0.5607223317984699,0.0456699669881885,-2.72279288833863,-0.6961439458497596,2.879481645663742e-06,1.455,3.671056845830528,1.0570740807757235e-05,1.3,2.846203523928571,3.911242365884645e-05,6.2527149472672884e-06,9.097700248273904e-06,2.2954072012192447e-05,2.9840293615850182e-05,8.493154884449602e-05
7991,primer-uds-north,5.655741,4570881896.148752,127.5731514212076,89398.77325165285,4.951331559358633,1.2249967436828235,0.029227947468518,-4.055841540336304,-2.0291925978474334,1.7150993080934334e-06,1.455,3.671056845830528,6.2962270562556005e-06,1.3,1.4180271093324595,1.1606686847967835e-05,3.724290827105316e-06,5.418843153438235e-06,1.367208333670881e-05,1.7773708337721453e-05,2.5203600256257384e-05
8559,primer-uds-north,7.9365425,33884415613.920204,85.23854166436611,1484492.8346182446,6.1715781056752315,0.2208006237684673,0.0379505971240823,-1.9119542059298353,0.11469473655903495,1.9028850096424198e-05,1.455,3.671056845830528,6.985599041476095e-05,1.3,29.286177769378284,0.002659559439605477,4.132062296920594e-05,6.0121506420194654e-05,0.00015169035582508563,0.00019719746257261135,0.005775159944571816
10404,primer-uds-north,5.6559963,3235936569.296281,83.28728747516016,148488.45590003073,5.171692691136082,0.7236548666028123,0.0386485084401846,-3.1809968730600113,-1.154347930571141,1.8598153918648088e-06,1.455,3.671056845830528,6.827488026286292e-06,1.3,1.8948415566645573,1.681811045178803e-05,4.038537810228101e-06,5.876072513881888e-06,1.48257018753833e-05,1.927341243799829e-05,3.6520062826254727e-05
11219,primer-uds-north,5.4287095,8511380382.023759,69.45012848458238,561699.4779583397,5.749504020244457,0.7133544776215276,0.0691441310542971,-2.5338751711112413,-0.507226228622371,5.8664517379401196e-06,1.455,3.671056845830528,2.1536077813299473e-05,1.3,7.58359547855168,0.00021231717302987754,1.2738838090695675e-05,1.8535009421962208e-05,4.676499878077505e-05,6.0794498415007563e-05,0.0004610408833008686
14419,primer-uds-north,4.8167844,1698243652.461746,101.3688073269726,52606.74776060164,4.721041453797101,0.254808978040208,0.0244327171289943,-2.5456073977070703,-0.5189584552182,8.019443259634327e-07,1.455,3.671056845830528,2.943983207803008e-06,1.3,1.1886988652964559,4.549362348137433e-06,1.7413999777977072e-06,2.5337369676956643e-06,6.392778309823402e-06,8.310611802770424e-06,9.878814819872537e-06
15257,primer-uds-north,6.9201365,11481536214.968842,96.35690251750648,393626.6243385939,5.595084465806766,0.1723695928191372,0.0336291467362668,-1.7743620187555023,0.25228692373336803,5.70381886095749e-06,1.455,3.671056845830528,2.093904327689528e-05,1.3,4.8621915260956285,0.00013235253042111084,1.2385685285447643e-05,1.8021172090326323e-05,4.546855475744501e-05,5.9109121184678516e-05,0.0002873998681391035
16999,primer-uds-north,4.2059326,2290867652.76777,123.57814740257558,47749.27333557878,4.67896676673129,1.4105353313904372,0.0905209581053687,-2.9815870672436358,-0.9549381247547655,8.873743588972527e-07,1.455,3.671056845830528,3.2576017150442354e-06,1.3,1.1631763663879113,4.925914923857436e-06,1.9269089372575627e-06,2.803652503709754e-06,7.073792245411403e-06,9.195929919034822e-06,1.0696488348780804e-05
18804,primer-uds-north,4.3172913,5248074602.497734,104.11764122760248,154099.59097805354,5.187801485985064,0.6404656302606717,0.0891541222951243,-2.140886000121213,-0.1142370576323426,2.412816171820396e-06,1.455,3.671056845830528,8.857585325291872e-06,1.3,1.946039646006254,2.240837587417154e-05,5.239363746342631e-06,7.6232742509285284e-06,1.9234002148807397e-05,2.5004202793449615e-05,4.8659169952833276e-05
18892,primer-uds-north,4.729469,1000000000.0,90.50174813927704,38862.98822407189,4.589536190996916,0.2095088110909186,0.0178511494541913,-2.6738402658157687,-0.6471913233268984,5.289219465290244e-07,1.455,3.671056845830528,1.9417025327153835e-06,1.3,1.1198150558222542,2.8266520490817565e-06,1.1485394136754103e-06,1.6711248468977223e-06,4.216353477279296e-06,5.481259520463085e-06,6.1379969358836315e-06
19416,primer-uds-north,5.433182,3548133892.3357606,167.72615035565858,40146.58132704431,4.603648568941888,0.1108200052195378,0.0310844576695719,-1.3801871791072813,0.646461763381589,1.0126229745915172e-06,1.455,3.671056845830528,3.717396503119462e-06,1.3,1.1257998030962315,5.440557526615263e-06,2.198882850567763e-06,3.199374547576095e-06,8.072223941756134e-06,1.0493891124282973e-05,1.1814020561431063e-05
21108,primer-uds-north,7.1364045,6025595860.743568,81.31058340571161,290105.50701358437,5.462555973004357,0.1708201868165751,0.0143996301914276,-2.68546963431187,-0.6588206918229997,3.5473290752109028e-06,1.455,3.671056845830528,1.3022446685966661e-05,1.3,3.443661617522693,5.829836976430868e-05,7.702927214295301e-06,1.1207759096799663e-05,2.8277883682973042e-05,3.676124878786496e-05,0.00012659330146297317
22773,primer-uds-north,4.401274,3890451449.942805,101.92125161603352,119212.18025167023,5.076320630788794,0.3044200542439161,0.0665745050041828,-1.6504132823935538,0.3762356600953165,1.82719041112086e-06,1.455,3.671056845830528,6.7077198673811304e-06,1.3,1.6437067364966733,1.4333181632311017e-05,3.967693564681618e-06,5.772994136611754e-06,1.4565628622782182e-05,1.8935317209616837e-05,3.1124108455148585e-05
23575,primer-uds-north,5.6605954,3467368504.5253096,95.52958794710352,120941.21250352592,5.082574318337651,0.2768795577700517,0.0246950953157963,-2.6242004647128048,-0.5975515222239345,1.7374433422530009e-06,1.455,3.671056845830528,6.378253275820552e-06,1.3,1.657761705387934,1.3745711236296591e-05,3.7728102808001058e-06,5.489438958564154e-06,1.3850201009351025e-05,1.8005261312156332e-05,2.984843269879567e-05
24081,primer-uds-north,5.6564054,4365158322.401666,77.0447797884074,234079.6669841328,5.3693636909281235,0.3322097171981511,0.0358976224483437,-2.4158666148040506,-0.38921767231518034,2.712097744409372e-06,1.455,3.671056845830528,9.956264991175559e-06,1.3,2.771138992325999,3.5867252375469915e-05,5.889245423896229e-06,8.568852091769014e-06,2.1619754730170363e-05,2.8105681149221475e-05,7.78847489384894e-05
24100,primer-uds-north,4.991886,6456542290.346562,86.23758336823218,276348.41098119435,5.441456971707434,0.408389672025762,0.0611302452673905,-2.0620465304639684,-0.035397587975098066,3.5838677724906863e-06,1.455,3.671056845830528,1.3156582320753338e-05,1.3,3.271917545392766,5.596142829248026e-05,7.782269987318017e-06,1.1323202831547717e-05,2.8569155513045262e-05,3.7139902166958846e-05,0.00012151869753424344
29106,primer-uds-north,5.2048426,6025595860.743568,114.10112156484168,147322.91403356183,5.168270300572366,0.3861896677059651,0.0649285076557188,-1.9359130732681942,0.09073586922067611,2.527892738315715e-06,1.455,3.671056845830528,9.280037942519185e-06,1.3,1.884326335836458,2.2732605860445623e-05,5.489249335469079e-06,7.98685778310751e-06,2.015134635144444e-05,2.6196750256877774e-05,4.936322642236528e-05
29110,primer-uds-north,7.1287746,4265795188.0159345,100.54216119836272,134324.02429468004,5.128153694615938,0.1445161363463001,0.0104161850169297,-2.855519141796509,-0.8288701993076386,2.0309551802231374e-06,1.455,3.671056845830528,7.455751917933123e-06,1.3,1.7699059037177545,1.7154773137066248e-05,4.410163138818664e-06,6.416787366981156e-06,1.6189959581989704e-05,2.104694745658662e-05,3.725111655865003e-05
31581,primer-uds-north,4.1634083,1023292992.2807536,84.0964646424577,46056.89435038442,4.663294649825262,0.0616407445199213,0.007038912905112,-2.3559057102182086,-0.3292567677293383,5.824663183730557e-07,1.455,3.671056845830528,2.13826696552911e-06,1.3,1.154578497863777,3.2094361794200375e-06,1.2648095398196036e-06,1.8402978804375233e-06,4.643187719826515e-06,6.0361440357744705e-06,6.969202113713885e-06
31645,primer-uds-north,4.7559195,3162277660.1683793,113.68773652076456,77879.45208984206,4.891422887439735,0.2254024042168071,0.0460303976580759,-1.7247845431742594,0.30186439931461084,1.3314808842885564e-06,1.455,3.671056845830528,4.88794201535999e-06,1.3,1.3398923884427196,8.514111191989283e-06,2.8912740040309102e-06,4.206803675864975e-06,1.0614031225669515e-05,1.379824059337037e-05,1.8488157544958314e-05
32025,primer-uds-north,4.0433307,524807460.2497734,84.81280966663823,23223.476114163794,4.365927225919808,0.2994297090135069,0.0465935778210277,-2.0199220699709324,0.00672687251793791,2.962013987193391e-07,1.455,3.671056845830528,1.0873721725132075e-06,1.3,1.0553474920821169,1.4918221437882057e-06,6.431931649791694e-07,9.358460550446914e-07,2.361198671488184e-06,3.069558272934639e-06,3.2394506251414854e-06
32237,primer-uds-north,4.6121683,5011872336.272715,75.56104237564186,279417.9142041641,5.446254246411705,0.7254191144338352,0.0902246584262055,-2.26315937065731,-0.2365104281684398,3.175050339220727e-06,1.455,3.671056845830528,1.165579028365279e-05,1.3,3.3098749950937436,5.015297145029468e-05,6.8945342104430465e-06,1.0031547276194634e-05,2.531022701205972e-05,3.2903295115677636e-05,0.00010890579375957153
32986,primer-uds-north,4.152747,1174897554.9395304,88.70998326951835,47523.14049623642,4.676905132628003,0.0750552130275679,0.023515970774068,-1.2600448754279223,0.766604067060948,6.339807311245826e-07,1.455,3.671056845830528,2.3273793031195425e-06,1.3,1.1620185745399578,3.5157953742922025e-06,1.3766716658019768e-06,2.003057273741876e-06,5.0538399432032646e-06,6.569991926164243e-06,7.634452652780406e-06
33332,primer-uds-north,4.5419765,5128613839.913659,151.4941816207269,71130.88637486137,4.852058220553786,0.1926219456014826,0.0648442194048642,-1.1820862465244528,0.8445626959644175,1.6205133095918807e-06,1.455,3.671056845830528,5.948996478936759e-06,1.3,1.2966842138709256,1.0028160769394321e-05,3.518899941032648e-06,5.119999414202503e-06,1.2918081718320544e-05,1.6793506233816707e-05,2.1775874428933105e-05
33774,primer-uds-north,7.137637,14125375446.227554,130.27219633898406,264939.4661120276,5.423146656817457,0.144388897479664,0.0344318032419615,-1.5564350808100893,0.470213861678781,5.190352102426195e-06,1.455,3.671056845830528,1.9054077617882557e-05,1.3,3.1326868599807765,7.759759615737285e-05,1.127070638609319e-05,1.6398877791765593e-05,4.137540383601325e-05,5.378802498681723e-05,0.00016850103910052001
35111,primer-uds-north,5.6563144,9332543007.969925,110.39002628754632,243775.72334747537,5.386990453779527,0.4110151046720455,0.0458137970428851,-2.382153737000686,-0.3555047945118157,4.046865018684057e-06,1.455,3.671056845830528,1.4856271530992196e-05,1.3,2.8823171042360896,5.566663120064083e-05,8.78765573310893e-06,1.2786039091673493e-05,3.225998373783142e-05,4.1937978859180854e-05,0.00012087855378290849
36327,primer-uds-north,7.861698,10000000000.0,99.20324935216414,323443.42884938023,5.509798332340186,0.073195090060749,0.0143922608832652,-1.7658823169505744,0.2607666255382959,4.825281540948001e-06,1.455,3.671056845830528,1.7713882833956836e-05,1.3,3.87676645845241,8.927436286553173e-05,1.0477965734316682e-05,1.5245440143430772e-05,3.8465207839340944e-05,5.0004770191143234e-05,0.000193856815839645
42014,primer-uds-north,4.551596,1949844599.7580414,191.7669702235892,16877.282262258297,4.227302513762934,0.0978233558127538,0.0189839969226597,-1.780137255815252,0.24651168667361834,4.86715020198908e-07,1.455,3.671056845830528,1.7867585068697449e-06,1.3,1.034289478380518,2.4024331812809406e-06,1.0568882376590774e-06,1.5377723857939577e-06,3.8798968001361175e-06,5.0438658401769535e-06,5.216817368857935e-06
42859,primer-uds-north,6.580927,1778279410.0389228,79.06514917711044,90548.22429171247,4.956879937942486,0.2371030818074591,0.0081985296743894,-3.6530030648545067,-1.6263541223656364,1.076622522961144e-06,1.455,3.671056845830528,3.952342483291842e-06,1.3,1.4261151888201504,7.327444340894141e-06,2.337856104073909e-06,3.4015806314275372e-06,8.58240265542721e-06,1.1157123452055373e-05,1.5911343218517677e-05
43738,primer-uds-north,5.090068,5370317963.702533,93.7992621780625,194290.37334686777,5.288451282813331,0.7609768529956923,0.0641538335581396,-2.685372084402517,-0.6587231419136468,2.7406219609286244e-06,1.455,3.671056845830528,1.0060979011500512e-05,1.3,2.3393190068947005,3.0596591258443345e-05,5.951184973070854e-06,8.658974135818094e-06,2.1847138336195522e-05,2.840127983705418e-05,6.643965374295607e-05
43932,primer-uds-north,4.235388,3467368504.5253096,124.4399173826422,71273.92883751907,4.852930699100398,0.2445397279934735,0.0768208113730922,-1.2571763374284115,0.7694726050604588,1.3337942523418879e-06,1.455,3.671056845830528,4.896434520989098e-06,1.3,1.2975796006276603,8.259567615317882e-06,2.896297418931776e-06,4.2141127445457345e-06,1.0632472467330785e-05,1.3822214207530022e-05,1.793542319119678e-05
44053,primer-uds-north,5.438139,2630267991.8953815,126.5139810188023,52308.598419058835,4.718573083494775,0.202940298207054,0.0171513943511384,-2.6826721542473253,-0.656023211758455,9.9519923566395e-07,1.455,3.671056845830528,3.6534329670494526e-06,1.3,1.187096960924931,5.638072923765567e-06,2.1610476822159368e-06,3.144324377624188e-06,7.933328887965009e-06,1.0313327554354511e-05,1.2242919796797593e-05
44681,primer-uds-north,4.5811663,1513561248.436207,82.07716409557993,71516.36668478149,4.8544054424652625,0.239278778265488,0.0283229424122971,-2.3169145330998973,-0.29026559061102697,8.827265990050114e-07,1.455,3.671056845830528,3.2405395242740464e-06,1.3,1.2990992139146387,5.47271705323685e-06,1.9168164548855045e-06,2.788967941858409e-06,7.036742168908034e-06,9.147764819580444e-06,1.1883854086192942e-05
46085,primer-uds-north,4.78585,4897788193.684457,75.19261660062519,275739.9747066395,5.4404997314160015,0.6121386476712231,0.1008225031708423,-1.958230810188151,0.06841813230071936,3.1179802343367245e-06,1.455,3.671056845830528,1.1446282684426106e-05,1.3,3.264418555795285,4.85750948668945e-05,6.770608052279236e-06,9.851234716066288e-06,2.4855287040754987e-05,3.2311873152981486e-05,0.00010547947829309625
48927,primer-uds-north,7.907303,9332543007.969925,88.70323407788338,377547.1695397604,5.576971218723045,0.0665620736807755,0.0152384661335618,-1.6007139733772002,0.42593496911167006,5.036271117267754e-06,1.455,3.671056845830528,1.8488437562504347e-05,1.3,4.627972078680724,0.00011123316466301263,1.093612377799055e-05,1.591206009697625e-05,4.014713206204222e-05,5.219127168065489e-05,0.0002415397480889108
52141,primer-uds-north,7.130078,17782794100.38923,83.40011570308987,813798.3800577864,5.910516821014115,0.1719329567921033,0.0409973361866519,-1.5565087318165682,0.47014021067230205,1.02066189798111e-05,1.455,3.671056845830528,3.746907847861934e-05,1.3,12.481069328819787,0.0006079504160322286,2.216339150910479e-05,3.224773464574747e-05,8.136307012632132e-05,0.00010577199116421773,0.0013201475547679154
52856,primer-uds-north,6.320852,12589254117.941662,130.3689840091876,235777.06939604806,5.372501565309482,0.0876914208706562,0.0554318603022788,-0.497994133023442,1.5286548094654284,4.622471846167711e-06,1.455,3.671056845830528,1.6969356915532854e-05,1.3,2.7904386975945696,6.155753527351598e-05,1.0037570077718868e-05,1.4604664463080953e-05,3.684849034931352e-05,4.790303745410757e-05,0.00013367048944426383
53667,primer-uds-north,4.5639205,2691534803.9269137,139.53292252148583,44004.465076983935,4.643496746029599,0.2836616798897035,0.0472143259290506,-1.9468171920260289,0.07983175046284141,9.233617181182551e-07,1.455,3.671056845830528,3.3897133564758585e-06,1.3,1.14436177955047,5.042775931417523e-06,2.00505449489732e-06,2.9173542900756004e-06,7.360669029756078e-06,9.568869738682901e-06,1.0950248802445806e-05
54143,primer-uds-north,4.7315016,4466835921.509635,135.45754054007486,77489.65999418614,4.889243755318419,0.1550780777689225,0.0473885174401021,-1.2871932181623293,0.7394557243265409,1.5785028476710767e-06,1.455,3.671056845830528,5.794773685105889e-06,1.3,1.337343806361824,1.0074486106158297e-05,3.4276753820605888e-06,4.9872676808981575e-06,1.2583191176598296e-05,1.6358148529577785e-05,2.1876468619577627e-05
54603,primer-uds-north,5.651867,5754399373.371567,120.81149651493617,125497.07370324575,5.098633599208694,0.1227774969641753,0.0269255026861741,-1.6473873879022438,0.37926155458662647,2.280028584041708e-06,1.455,3.671056845830528,8.370114542135597e-06,1.3,1.6952764296382206,1.844655526565096e-05,4.951019163154992e-06,7.203732882390513e-06,1.8175472792738263e-05,2.3628114630559742e-05,4.005618580997792e-05
55902,primer-uds-north,8.670386,12589254117.941662,76.45530737967627,685543.2356441625,5.836034849949102,0.1130102679733642,0.0199064789027784,-1.8853086419492848,0.14134030053958546,7.882081425731754e-06,1.455,3.671056845830528,2.8935568977326205e-05,1.3,9.876860252001514,0.0003715303424315617,1.7115722345537082e-05,2.4903376012756452e-05,6.283278968791845e-05,8.168262659429398e-05,0.000806767887888264
56783,primer-uds-north,5.3133664,1122018454.3019652,87.9203147264202,46203.15783713349,4.664671659200591,0.2053555989889028,0.0095608194670685,-3.3300285766317077,-1.3033796341428374,6.108848034815297e-07,1.455,3.671056845830528,2.2425928398347064e-06,1.3,1.1553154276214002,3.368172737454621e-06,1.3265194961529035e-06,1.9300858669024748e-06,4.869728477479779e-06,6.330647020723713e-06,7.313894169867559e-06
57469,primer-uds-north,5.667973,16595869074.375631,105.37355869003378,475758.80276864907,5.677386832604842,0.3784485677644287,0.0832256301549378,-1.6443744345688112,0.3822745079200591,7.539054942753015e-06,1.455,3.671056845830528,2.7676299258685934e-05,1.3,6.132008379784044,0.000220624688668375,1.6370849802015348e-05,2.381958646193233e-05,6.009832023775179e-05,7.812781630907733e-05,0.0004790804243014907
57944,primer-uds-north,5.28979,3548133892.3357606,79.15001961700119,180280.21761493268,5.2559480736329505,0.211403784037747,0.0279583588216963,-2.1965027058581703,-0.16985376336930003,2.145840950031163e-06,1.455,3.671056845830528,7.877504109675386e-06,1.3,2.1970966580588778,2.2499929339176726e-05,4.6596344182028275e-06,6.779768078485115e-06,1.710578283001104e-05,2.2237517679014355e-05,4.8857975776087647e-05
61010,primer-uds-north,7.1341963,5370317963.702533,145.64056178251772,80590.79433047431,4.9062854363484245,0.1094311708435197,0.025731839078338,-1.57167554793042,0.4549733945584502,1.7650873815494823e-06,1.455,3.671056845830528,6.479736115526308e-06,1.3,1.3577958199181377,1.1437606195384477e-05,3.832838549419998e-06,5.576780089406097e-06,1.4070568195811435e-05,1.8291738654554868e-05,2.4836446284189617e-05
61298,primer-uds-north,5.242596,1819700858.6099825,85.42160650122935,79380.65125959249,4.899714657651103,0.2945579257474608,0.0240709351793879,-2.7191943738411832,-0.692545431352313,1.0197197266332678e-06,1.455,3.671056845830528,3.7434490832854923e-06,1.3,1.3497672113100716,6.568620278775754e-06,2.2142932518236026e-06,3.2217966814033418e-06,8.128796400783378e-06,1.0567435321018391e-05,1.4263577703950545e-05
61378,primer-uds-north,7.4582853,13803842646.028866,117.58698040520518,317783.7249362822,5.502131651362998,0.0755870051793338,0.0299985230954844,-1.0033681618983699,1.0232807805905004,5.6193918560792484e-06,1.455,3.671056845830528,2.0629106942664043e-05,1.3,3.8015900413271373,0.00010195042976911538,1.2202354373736447e-05,1.775442561378653e-05,4.4795536558955273e-05,5.823419752664185e-05,0.00022138254538195908
62716,primer-uds-north,5.386735,8511380382.023759,88.86082499488971,343106.89479616104,5.535429445371359,0.3171553771460147,0.0651117747277377,-1.7190313650986522,0.3076175773902181,4.584988120152762e-06,1.455,3.671056845830528,1.683175202653844e-05,1.3,4.143049899480982,9.065522510413056e-05,9.956175200871539e-06,1.448623491726809e-05,3.654968512944759e-05,4.751459066828188e-05,0.0001968553200921052
64273,primer-uds-north,7.13156,1318256738.5564048,95.45100089901749,46056.3114985484,4.663289153776486,0.0993347152558606,0.0094634908227233,-2.5526242147623157,-0.5259752722734454,6.611013879463244e-07,1.455,3.671056845830528,2.426940776008418e-06,1.3,1.1545755635774713,3.642712468497784e-06,1.435563423818348e-06,2.0887447816556964e-06,5.270034934632258e-06,6.851045415021936e-06,7.910049621143802e-06
66007,primer-uds-north,4.5963383,436515832.24016654,90.98577110551594,16784.29743788352,4.224903167136836,0.2298051966981728,0.0185375629412065,-2.733268016912434,-0.7066190744235636,2.2965456130534328e-07,1.455,3.671056845830528,8.430749494561871e-07,1.3,1.0340064939428628,1.1332684644037228e-06,4.986885435941132e-07,7.255918309294345e-07,1.8307139918984245e-06,2.379928189467952e-06,2.4608612030275425e-06
67270,primer-uds-north,5.6651006,7079457843.841373,82.00542927635038,335092.65968048177,5.525164914570045,0.526546407633969,0.0530356235784036,-2.4921724365083713,-0.465523494019501,4.132434221218993e-06,1.455,3.671056845830528,1.517040093775033e-05,1.3,4.033573206095815,7.954819957271273e-05,8.97346689551785e-06,1.3056394332978473e-05,3.294210707762442e-05,4.282473920091175e-05,0.00017273672059883873
68006,primer-uds-north,5.1602645,1862087136.6628656,74.1397249355095,107832.13063781497,5.032748186449448,0.8769797675973392,0.0510654000765394,-3.087157088234182,-1.0605081457453118,1.2022577499164925e-06,1.455,3.671056845830528,4.413556543283747e-06,1.3,1.5537699529224867,8.914947005222336e-06,2.6106695330707613e-06,3.7985241706179583e-06,9.583916261580607e-06,1.245909114005479e-05,1.93585614541399e-05
69921,primer-uds-north,5.6548767,6025595860.743568,112.60075282301597,151275.13147935833,5.179767539067596,0.3545486179333295,0.0243997557900532,-2.9057257928858746,-0.8790768503970043,2.5615760943516958e-06,1.455,3.671056845830528,9.403691457285619e-06,1.3,1.9201495467571617,2.3473442056416527e-05,5.5623918137611245e-06,8.093280089022436e-06,2.0419856547099462e-05,2.65458135112293e-05,5.097193178188708e-05
69936,primer-uds-north,7.0339665,19952623149.688828,78.70314772328626,1025335.3315405479,6.010865922777925,0.1831104617019263,0.0507905301730391,-1.3923260286963401,0.6343229137925301,1.2135465877379829e-05,1.455,3.671056845830528,4.454998508649799e-05,1.3,17.237007530451095,0.0009982809569426849,2.6351829329356317e-05,3.834191167421344e-05,9.673906345969119e-05,0.00012576078249759855,0.0021677395549465285
70423,primer-uds-north,5.4776564,1000000000.0,95.35114842972806,35010.49660218312,4.5441982710066275,0.1973846107114595,0.0121856194170158,-3.0236641984905814,-0.9970152560017111,5.020218589751331e-07,1.455,3.671056845830528,1.8429507821472304e-06,1.3,1.1024482429635272,2.641285207140414e-06,1.0901266157385639e-06,1.5861342258996105e-06,4.00191677552912e-06,5.202491808187856e-06,5.735477952968846e-06
70813,primer-uds-north,4.7062697,2951209226.66639,100.70344797393987,92632.08643657641,4.966761446170423,0.3278291024459838,0.0543455877996551,-1.9512080355992987,0.07544090688957161,1.4028273199316283e-06,1.455,3.671056845830528,5.1498588363530965e-06,1.3,1.4409093180611365,9.646623459200855e-06,3.0462008205471686e-06,4.43222219389613e-06,1.1182776376044255e-05,1.4537609288857531e-05,2.0947376686646947e-05
71037,primer-uds-north,6.849483,5888436553.555884,68.42158433044855,400372.1634805006,5.602463874833589,0.4590818416784424,0.0312240742915758,-2.918501359048373,-0.8918524165595025,4.119603604528417e-06,1.455,3.671056845830528,1.5123299014512163e-05,1.3,4.961894623273617,9.755228088614722e-05,8.945605565377186e-06,1.3015856097623806e-05,3.283982655087759e-05,4.269177451614087e-05,0.00021183208642964896
71893,primer-uds-north,6.429184,6606934480.075964,134.07548138606464,116990.7155993543,5.068151397438807,0.1044738697833578,0.024795766549929,-1.5615753567867732,0.4650735857020971,2.358843840345432e-06,1.455,3.671056845830528,8.65944982834527e-06,1.3,1.625798047909691,1.8302071614964344e-05,5.1221643176674805e-06,7.4527490822061845e-06,1.8803756383842058e-05,2.4444883298994676e-05,3.974244354888575e-05
4278,primer-cosmos-east,5.6582265,5623413251.903491,166.72576349784188,64393.8953603528,4.808844697530957,0.1232575821451096,0.0354007484702483,-1.3545029998040308,0.6721459426848395,1.6145289652097678e-06,1.455,3.671056845830528,5.927027610524996e-06,1.3,1.2555489814006753,9.674175522866838e-06,3.5059051023178464e-06,5.101091923872467e-06,1.2870376926696107e-05,1.673149000470494e-05,2.1007205232722866e-05
6282,primer-cosmos-east,5.673777,17782794100.38923,74.25574260142744,1026573.4688721788,6.011390036009583,0.4279721117206814,0.0887531145019526,-1.7080796687979816,0.3185692736908887,1.1463533647796758e-05,1.455,3.671056845830528,4.208328367515289e-05,1.3,17.266426754112874,0.0009446163156944559,2.4892747031751933e-05,3.6218946931199066e-05,9.138268940244049e-05,0.00011879749622317263,0.002051208267109411
9227,primer-cosmos-east,5.713857,38018939632.05613,165.23975068084368,443221.7511138085,5.646621065251302,0.5157519288997977,0.1641740633088022,-1.242840784473072,0.7838081580157983,1.1013719832339966e-05,1.455,3.671056845830528,4.0431991588571086e-05,1.3,5.614649345882271,0.0002951148916631346,2.3915988742068272e-05,3.479776361970934e-05,8.779695419637556e-05,0.00011413604045528824,0.0006408338448838766
10696,primer-cosmos-east,5.6677623,2630267991.8953815,88.3758712353823,107197.01960438675,5.030182710847775,0.1548298000082258,0.0201041584355387,-2.216421636648676,-0.1897726941598057,1.424671864058607e-06,1.455,3.671056845830528,5.230051399614488e-06,1.3,1.5488847620365465,1.053097099279003e-05,3.093635645417363e-06,4.501239864082264e-06,1.1356912314614755e-05,1.4763986008999181e-05,2.2867712956259595e-05
11967,primer-cosmos-east,5.482298,1995262314.9688828,133.1464167047015,35825.40933663645,4.554191161292043,0.0550797282842516,0.0106947397637601,-1.7795539196361259,0.24709502285274443,7.173301296996897e-07,1.455,3.671056845830528,2.6333596833545464e-06,1.3,1.1060458920899263,3.786401658220383e-06,1.5576625851575956e-06,2.2663990614043014e-06,5.718267896736869e-06,7.43374826575793e-06,8.222066732172172e-06
14086,primer-cosmos-east,7.127323,3890451449.942805,78.36029237983924,201677.7705379764,5.304658031754039,0.1212609202208929,0.0107295677498714,-2.6328465832255117,-0.6061976407366414,2.376580382568437e-06,1.455,3.671056845830528,8.724561683094395e-06,1.3,2.4164268658120367,2.740694481650265e-05,5.160678729744956e-06,7.5087875517789114e-06,1.894514497996221e-05,2.4628688473950876e-05,5.9513424498170154e-05
14487,primer-cosmos-east,7.1692533,8511380382.023759,141.4839957719728,135342.90504908154,5.131435494101384,0.0583685269237209,0.0128816754999156,-1.6405159455437182,0.38613299694515213,2.8796601673957793e-06,1.455,3.671056845830528,1.057139617118376e-05,1.3,1.7786823826518354,2.4444102968632906e-05,6.253102602282906e-06,9.09826428632163e-06,2.2955495115791352e-05,2.984214365052876e-05,5.307969517176083e-05
15393,primer-cosmos-east,5.68946,1949844599.7580414,123.6962826516061,40563.63168385356,4.608136830685507,0.0431664520123244,0.0100997671420755,-1.5770874829445678,0.4495614595443025,7.54556748069306e-07,1.455,3.671056845830528,2.770020715567447e-06,1.3,1.1277651337582777,4.061112617646658e-06,1.6384991598468086e-06,2.3840162775771064e-06,6.015023557643195e-06,7.819530624936154e-06,8.81859400115807e-06
15850,primer-cosmos-east,7.0456376,12302687708.123812,76.68805100667778,665878.091776856,5.823394726295248,0.4006884030741802,0.0222623009802545,-3.138091807616932,-1.111442865128062,7.679286227383602e-06,1.455,3.671056845830528,2.8191096276128662e-05,1.3,9.497657003129731,0.00034807417186474127,1.6675358167541692e-05,2.4262646133773163e-05,6.121618775762994e-05,7.958104408491893e-05,0.000755833460669506
16083,primer-cosmos-east,4.57788,2238721138.568338,90.46193984352976,87079.98277822619,4.939918334478817,0.2600430696890656,0.0390294745534203,-2.0591314488754584,-0.03248250638658812,1.18462981619436e-06,1.455,3.671056845830528,4.3488433965152654e-06,1.3,1.4018690957301725,7.925461907668484e-06,2.5723909613563695e-06,3.7428288487735177e-06,9.443393448839875e-06,1.2276411483491837e-05,1.7209921865174208e-05
16408,primer-cosmos-east,4.574863,2630267991.8953815,91.36930141555192,100288.12654418287,5.001249518448306,0.2612199565997196,0.0415482575463049,-1.9961338448326862,0.030515097656184098,1.3779969339820851e-06,1.455,3.671056845830528,5.0587050780284115e-06,1.3,1.496685390221295,9.842676978840421e-06,2.9922823225400955e-06,4.3537707792958395e-06,1.0984838504818488e-05,1.4280290056264037e-05,2.137310149533282e-05
16563,primer-cosmos-east,5.0219927,3162277660.1683793,70.93498214271098,200045.69042207935,5.301129199823637,0.4834433285643447,0.0378438846120257,-2.7658746544820607,-0.7392257119931904,2.1339689301801923e-06,1.455,3.671056845830528,7.833921249927643e-06,1.3,2.399268017224843,2.4434379715732297e-05,4.633854654651215e-06,6.742258522517518e-06,1.7011143852541e-05,2.2114487008303302e-05,5.305858139635641e-05
17813,primer-cosmos-east,5.226693,1412537544.6227555,109.40921548419055,37561.447426557475,4.574742319410235,0.0928168315140719,0.0114922854442526,-2.2680508360461498,-0.24140189355727948,6.180087894455544e-07,1.455,3.671056845830528,2.26874539727754e-06,1.3,1.1138467368374954,3.2851450547144772e-06,1.3419890351195644e-06,1.9525940460989664e-06,4.926518034405181e-06,6.404473444726736e-06,7.133601847571267e-06
18893,primer-cosmos-east,4.8477397,4073802778.041122,166.86677167428374,46570.44626415152,4.668110399606124,0.0729431290781279,0.04617862078097,-0.4963585796128994,1.530290362875971,1.1686344693457094e-06,1.455,3.671056845830528,4.290123568965093e-06,1.3,1.1571711053012756,6.453729141831907e-06,2.537657506993882e-06,3.6922916726760984e-06,9.315884963423122e-06,1.2110650452450058e-05,1.4014094769979028e-05
19462,primer-cosmos-east,4.365069,1000000000.0,94.0519368287005,35984.431041054115,4.556114640337835,0.101507491886783,0.0144204138222803,-2.118800933940181,-0.0921519914513107,5.089566722829956e-07,1.455,3.671056845830528,1.8684088760156155e-06,1.3,1.1067527492557823,2.688226658343445e-06,1.1051853715017332e-06,1.608044715535022e-06,4.057198323963193e-06,5.274357821152152e-06,5.837410019118881e-06
19946,primer-cosmos-east,5.974449,3162277660.1683793,87.65106225812531,131019.4463220196,5.117335759805128,0.1480027123549141,0.0263662155652542,-1.8730546901232372,0.15359425236563307,1.7269961601794462e-06,1.455,3.671056845830528,6.3399010765497915e-06,1.3,1.7416700600483508,1.4354620655303605e-05,3.750124513170189e-06,5.456431166662625e-06,1.3766920266790298e-05,1.7896996346827392e-05,3.1170662702063976e-05
20187,primer-cosmos-east,6.6081676,14791083881.682072,72.95404931448154,884608.9366864552,5.946751322478769,0.4042006402575828,0.0441939300829077,-2.4030859320923974,-0.3764369896035271,9.705080751213809e-06,1.455,3.671056845830528,3.562790313108153e-05,1.3,14.011701500844195,0.0006489698069058187,2.107431508338811e-05,3.0663128446329705e-05,7.736500865806148e-05,0.00010057451125547992,0.0014092200303050795
21943,primer-cosmos-east,4.7154994,1148153621.496884,118.53507125803986,26010.960949182034,4.415156397071614,0.1255390502766613,0.0220545915368049,-1.8881995500076385,0.13844939248123178,4.6366219898443587e-07,1.455,3.671056845830528,1.7021302897346497e-06,1.3,1.065605719615535,2.3579397039537176e-06,1.00682967243034e-06,1.4649371733861447e-06,3.6961289615607074e-06,4.804967650028919e-06,5.120201010438433e-06
23571,primer-cosmos-east,4.760719,1258925411.794166,102.9091919716332,37839.18649373787,4.577941790914786,0.0716022870536406,0.0230264735028092,-1.2317486584161597,0.7949002840727106,5.855909920681055e-07,1.455,3.671056845830528,2.1497378202883087e-06,1.3,1.1151117865572306,3.116357375834746e-06,1.2715946825371453e-06,1.8501702630915464e-06,4.668096364449684e-06,6.068525273784589e-06,6.767084059817641e-06
26971,primer-cosmos-east,6.4066525,18620871366.628654,133.57555911087675,332197.3211095198,5.5213961259117506,0.341386951947941,0.0785303816098385,-1.5955230254695127,0.43112591701935754,6.673006609420604e-06,1.455,3.671056845830528,2.449698659578587e-05,1.3,3.9943412749356857,0.00012720412207242184,1.449024974087648e-05,2.108331337297528e-05,5.3194530509038635e-05,6.915288966175023e-05,0.00027622024145700216
27072,primer-cosmos-east,4.957128,1995262314968.8828,63.849597371654575,155787928.04819855,8.192533801313576,22.287690937037027,24.43837567091142,0.10001814950400258,2.1266670919928727,0.0014958580836131191,1.455,3.671056845830528,0.005491380058238875,1.3,30410.397103005136,217.09356267893799,0.003248214557117753,0.004726152180606331,0.011924380286633503,0.015501694372623555,471.4126816409024
27765,primer-cosmos-east,5.1726418,3467368504.5253096,83.07954313529999,159904.95740752952,5.203861928044926,0.2407418056465846,0.031105230454699,-2.2217952255962743,-0.195146283107404,1.9978112577793514e-06,1.455,3.671056845830528,7.334078694548186e-06,1.3,2.0,1.9068604605825286e-05,4.3381920256888356e-06,6.3120693973772566e-06,1.5925749534432405e-05,2.0703474394762132e-05,4.1406948789524265e-05
31668,primer-cosmos-east,5.6076913,7244359600.749891,65.8799880032613,531304.0231323845,5.725343104480374,0.6375844856809083,0.0536888255676489,-2.6866345922087733,-0.659985649719903,5.263747453092992e-06,1.455,3.671056845830528,1.9323516122400035e-05,1.3,7.056500600993612,0.0001772633240703333,1.143008236505291e-05,1.6630769841151983e-05,4.196048211463428e-05,5.454862674902457e-05,0.00038492241743786807
31770,primer-cosmos-east,5.77907,19952623149.688828,65.86514684958436,1463992.319903902,6.165538798421755,1.1580546699776224,0.1046995246569771,-2.609460880731225,-0.5828119382423549,1.4500831005804574e-05,1.455,3.671056845830528,5.3233374934090465e-05,1.3,28.702266667865256,0.0019862940798853345,3.148815444416253e-05,4.5815264716256484e-05,0.00011559480493481183,0.0001502732464152554,0.004313182791656487
32928,primer-cosmos-east,4.4581003,8317637711.026709,88.29622998359365,339598.5332437414,5.530965805819486,0.7332383751675383,0.1092351322820811,-2.067207118550793,-0.04055817606192269,4.509271607030085e-06,1.455,3.671056845830528,1.655379240269702e-05,1.3,4.094965531485849,8.812337209574161e-05,9.79175888168087e-06,1.424700917284567e-05,3.5946103475316434e-05,4.672993451791137e-05,0.00019135747113943787
40209,primer-cosmos-east,5.4609075,1905460717.9632444,96.23145359555866,65496.18972319246,4.816216035406668,0.1472200042328561,0.0187520384842549,-2.237295850634407,-0.21064690814553666,9.478323116907431e-07,1.455,3.671056845830528,3.479546296531677e-06,1.3,1.2621387118909564,5.709171104870271e-06,2.0581917136844636e-06,2.9946689434108944e-06,7.555738780553016e-06,9.82246041471892e-06,1.2397307535433248e-05
40642,primer-cosmos-east,4.63434,3548133892.3357606,99.40246644881638,114302.52023016714,5.0580558061607075,0.1279907936643481,0.0458587776689771,-1.1143906433871182,0.912258299101752,1.7086432495856188e-06,1.455,3.671056845830528,6.272526498473405e-06,1.3,1.604353187712832,1.308235224769072e-05,3.7102716741813737e-06,5.398445285933899e-06,1.3620618229394625e-05,1.7706803698213015e-05,2.8407966957433412e-05
40799,primer-cosmos-east,7.681151,4677351412.871982,72.90880432892983,280085.2092437072,5.447290175180421,0.1495580455410324,0.0131920127987987,-2.6362467926821513,-0.609597850193281,3.0709205429203084e-06,1.455,3.671056845830528,1.1273523882089199e-05,1.3,3.31815446434433,4.862948167772071e-05,6.6684192307681395e-06,9.702549980767643e-06,2.448014606797932e-05,3.182418988837312e-05,0.00010559757775224695
42464,primer-cosmos-east,5.3674827,20892961308.54041,104.96168627510784,603654.6198649973,5.780788528705892,0.8972310687822099,0.1460570661224725,-1.9709543275717636,0.0556946149171067,9.528351204930261e-06,1.455,3.671056845830528,3.497911892033679e-05,1.3,8.334827439227336,0.00037900839623038494,2.0690551749687063e-05,3.0104752795794676e-05,7.595619164469949e-05,9.874304913810934e-05,0.0008230062753892869
43445,primer-cosmos-east,5.696871,933254300.7969924,150.07226935186785,13190.13460592452,4.120249227563952,0.0361454043915147,0.0094462248040453,-1.4569870278141186,0.5696619146747517,2.9767893677095547e-07,1.455,3.671056845830528,1.092796298692569e-06,1.3,1.023690866708621,1.4542912671879399e-06,6.464015980922647e-07,9.405143252242452e-07,2.372977011832402e-06,3.0848701153821224e-06,3.157953362099049e-06
45179,primer-cosmos-east,7.1054926,14791083881.682072,59.43450155455832,1332824.2245296533,6.124772877583081,0.2461396585729854,0.0351413125968607,-2.1134090365706464,-0.0867600940817761,1.1912692480059606e-05,1.455,3.671056845830528,4.3732171281196665e-05,1.3,25.06392272592495,0.0014249296901174759,2.5868083043501248e-05,3.7638060828294314e-05,9.496320334535785e-05,0.0001234521643489652,0.0030941955075906515
47824,primer-cosmos-east,5.655495,9549925860.214369,104.23361021977952,279791.5324326653,5.446834566934171,0.2984700954318159,0.0599754347410591,-1.7423185493606517,0.2843303931282186,4.385718729607589e-06,1.455,3.671056845830528,1.6100222766213108e-05,1.3,3.314509450073053,6.937364265896305e-05,9.523467217241577e-06,1.3856644801086496e-05,3.49611895238973e-05,4.5449546381066494e-05,0.0001506429509815784
48498,primer-cosmos-east,4.453304,1288249551.6931322,183.0793189388025,12234.086617101255,4.087571550969365,0.0766188897336654,0.0135304804422611,-1.882556591426219,0.14409235106265128,3.3682883837224753e-07,1.455,3.671056845830528,1.2365178129795836e-06,1.3,1.021162376389406,1.6414911088550817e-06,7.314145292547468e-07,1.0642081400656567e-06,2.685064314760551e-06,3.4905836091887166e-06,3.5644526533450596e-06
48540,primer-cosmos-east,5.656249,912010839.3559115,129.66140636657602,17267.468467731214,4.237228671610118,0.0990061812406797,0.0147066042828918,-2.070374757185175,-0.04372581469630488,3.366958999299411e-07,1.455,3.671056845830528,1.2360297884008807e-06,1.3,1.035485433523481,1.6638580936772894e-06,7.311258570951144e-07,1.0637881220733914e-06,2.684004582852732e-06,3.489205957708552e-06,3.6130219437705527e-06
50325,primer-cosmos-east,6.427699,16218100973.58933,136.02620503510835,279000.4883350286,5.4456049634206325,0.1718035715894881,0.063577805246791,-1.079316640950666,0.9473323015382042,5.7072378703336655e-06,1.455,3.671056845830528,2.0951594654671644e-05,1.3,3.3047008026177704,9.001037717284024e-05,1.2393109569975886e-05,1.8031974424314912e-05,4.54958097279878e-05,5.914455264638415e-05,0.00019545505060097467
50988,primer-cosmos-east,4.526494,7762471166.286927,112.92731964664192,193754.62894167955,5.287252086919325,1.146513173053595,0.1184412810132794,-2.4646898827401214,-0.43804094025125107,3.2904063567018914e-06,1.455,3.671056845830528,1.2079268781334765e-05,1.3,2.3337831860548848,3.664751269623178e-05,7.14502661967507e-06,1.0396013731627228e-05,2.6229798885799526e-05,3.409873855153938e-05,7.95790626972641e-05
51514,primer-cosmos-east,4.43674,7585775750.291851,100.43890060929056,239357.05162863905,5.379046226630144,0.7682207048901791,0.1069966947161641,-2.140289115197525,-0.11364017270865467,3.6153188484245356e-06,1.455,3.671056845830528,1.3272041008369033e-05,1.3,2.831371485290868,4.8851502001519276e-05,7.850565130957972e-06,1.142257226554385e-05,2.88198708676417e-05,3.746583212793421e-05,0.0001060796887597274
51855,primer-cosmos-east,4.651201,10232929922.807537,94.25044203453028,366676.7183269399,5.564283335858807,0.5627795480139237,0.1440403491640696,-1.479635352203038,0.5470135902858322,5.197148903613237e-06,1.455,3.671056845830528,1.9079029061409998e-05,1.3,4.472418902778729,0.00011092823328718924,1.1285465452343819e-05,1.6420352233160257e-05,4.142958520721069e-05,5.385846076937391e-05,0.0002408775980195145
52084,primer-cosmos-east,7.07561,16982436524.61746,55.488546720226125,1755672.175207103,6.244443426268326,0.6759826556804638,0.0432296500806207,-2.985384582007786,-0.9587356395189155,1.465025571410655e-05,1.455,3.671056845830528,5.378192153243866e-05,1.3,37.38080021207337,0.002613534642973145,3.181262607554029e-05,4.6287370939911124e-05,0.00011678595873845894,0.00015182174635999663,0.00567521836853111
52124,primer-cosmos-east,4.833804,5623413251.903491,147.2682086334743,82533.85280308091,4.916632119095319,0.4421126626884445,0.0773312974378788,-1.8929441429175706,0.13370479957129966,1.8278457849917332e-06,1.455,3.671056845830528,6.710125782116377e-06,1.3,1.3708132862853546,1.1957828447202348e-05,3.9691166909601364e-06,5.7750647853469985e-06,1.457085300024942e-05,1.8942108900324247e-05,2.5966094550828547e-05
54661,primer-cosmos-east,5.667634,5754399373.371567,121.9266954000634,123211.86203931346,5.090652520898438,0.1574909363673108,0.0417783850677551,-1.4407597917106876,0.5858891507781827,2.259174370560087e-06,1.455,3.671056845830528,8.29355753896948e-06,1.3,1.6763724183464432,1.807401844078694e-05,4.905734813957489e-06,7.1378441543081476e-06,1.800923137260779e-05,2.341200078439013e-05,3.9247232373256906e-05
55423,primer-cosmos-east,5.408047,3090295432.5135922,88.75092882326122,124883.28484236864,5.096504313582168,0.6328233229416595,0.040824669442705,-2.9758994998250508,-0.9492505573361805,1.6667698994582912e-06,1.455,3.671056845830528,6.118807049830621e-06,1.3,1.6901819199620536,1.3444466161568089e-05,3.619344849685868e-06,5.266146756292938e-06,1.328682068786077e-05,1.7272866894219e-05,2.9194287330520066e-05
344,primer-uds-south,7.1353946,8317637711.026709,95.11385632924762,292659.44648609316,5.466362546870058,0.212919840980347,0.0221490617817633,-2.4571519964961723,-0.43050305400730204,4.186053412602357e-06,1.455,3.671056845830528,1.5367240037346127e-05,1.3,3.4760016413170267,6.944151707002623e-05,9.089899490227397e-06,1.3225803758280865e-05,3.336953775151072e-05,4.3380399076963934e-05,0.00015079033839251427
2480,primer-uds-south,4.684057,1778279410.0389228,168.19655201304698,20008.565349761517,4.301215950054563,0.1287479225702585,0.0332665154568174,-1.4693322940615072,0.5573166484273631,5.060943245659212e-07,1.455,3.671056845830528,1.857901034833702e-06,1.3,1.0442619999156566,2.5221760853650527e-06,1.0989698624076644e-06,1.5990011498031519e-06,4.03438083675309e-06,5.244695087779017e-06,5.476835781311936e-06
4620,primer-uds-south,5.7462945,10232929922.807537,81.08071303865651,495467.313268807,5.695015008699734,0.4844921554907088,0.0717974308582961,-2.0729446140504972,-0.04629567156162695,6.0413082609582644e-06,1.455,3.671056845830528,2.217798604916336e-05,1.3,6.4541819398430755,0.00018608298412678238,1.3118534206053522e-05,1.9087467269807874e-05,4.815888480439473e-05,6.260655024571315e-05,0.00040407406591175986
7830,primer-uds-south,5.5453625,4466835921.509635,130.2652787861676,83790.11389973178,4.923192780777409,0.1746560921831883,0.0332282498089002,-1.8016906801412136,0.2249582623476567,1.6414206108752689e-06,1.455,3.671056845830528,6.025748370440983e-06,1.3,1.3793117351337134,1.0804801072405728e-05,3.5642995689269696e-06,5.186055872788741e-06,1.3084746333100151e-05,1.7010170233030195e-05,2.3462327419040722e-05
9104,primer-uds-south,6.0930605,7244359600.749891,106.35932378958098,203844.4972694396,5.3092989922769,0.1776482333862145,0.0305895364426177,-1.9099699933547867,0.11667894913408361,3.2604157934288585e-06,1.455,3.671056845830528,1.1969171718720984e-05,1.3,2.439314154488221,3.795554098826906e-05,7.079902938981828e-06,1.030125877621856e-05,2.5990726151964917e-05,3.378794399755439e-05,8.241941004428974e-05
9791,primer-uds-south,5.0277753,1445439770.745928,111.88804446545645,36752.150841671275,4.565282760327307,0.18552269092645,0.0220293044225811,-2.31349062613103,-0.2868416836421597,6.183934376276957e-07,1.455,3.671056845830528,2.2701574626198256e-06,1.3,1.1101872256774694,3.27638975985998e-06,1.3428242880344546e-06,1.9538093390901314e-06,4.929584295336389e-06,6.408459583937306e-06,7.114589966357548e-06
11501,primer-uds-south,4.6799717,13489628825.916561,86.79155573125136,570026.6771407401,5.755895181047767,0.786012053311014,0.1317736010305254,-1.9390019791358304,0.0876469633530399,7.4399682563943006e-06,1.455,3.671056845830528,2.7312546400398114e-05,1.3,7.7305395330540625,0.0002744829356056464,1.615568579643701e-05,2.350652283381585e-05,5.9308440942097114e-05,7.710097322472625e-05,0.000596032121550689
14258,primer-uds-south,5.4718714,4265795188.0159345,164.2733944448308,50317.10718637642,4.701715664847635,0.1283600104241032,0.0234077993637161,-1.8476728934559512,0.17897604903291908,1.2430291819727473e-06,1.455,3.671056845830528,4.563230788048175e-06,1.3,1.1765145887510773,6.97931987216978e-06,2.6992035728773857e-06,3.9273411985365964e-06,9.908929754501747e-06,1.2881608680852272e-05,1.5155400539605218e-05
17986,primer-uds-south,4.940114,13182567385.564047,70.42326572571035,846092.4232806263,5.927417805980394,1.2830039782984,0.1803693668377593,-2.130163055683445,-0.10351411319457471,8.960503112846774e-06,1.455,3.671056845830528,3.28945162945019e-05,1.3,13.171211714332143,0.0005632388298620629,1.9457485284931323e-05,2.8310641089575074e-05,7.142953455789388e-05,9.285839492526205e-05,0.0012230575790136919
21488,primer-uds-south,5.413992,10715193052.376049,69.83585733604345,699347.7614665919,5.8446931890911955,1.1317268523578263,0.0914372530164102,-2.731546125200897,-0.7048971827120267,7.3446327793852005e-06,1.455,3.671056845830528,2.696256444487334e-05,1.3,10.146330523925469,0.00035564241781942373,1.5948667438463676e-05,2.3205311122964654e-05,5.8548464781846517e-05,7.611300421640047e-05,0.0007722676979485321
22358,primer-uds-south,4.6764946,3019951720.402019,105.99213398821126,85566.32013458002,4.93230285512111,0.0725801309928383,0.0274571670541884,-1.0554050540854556,0.9712438884034147,1.3638761017584884e-06,1.455,3.671056845830528,5.0068667002251526e-06,1.3,1.3914365640443114,9.056758617385915e-06,2.961619324967147e-06,4.309156117827199e-06,1.0872272897664632e-05,1.4133954766964022e-05,1.9666501457302133e-05
23107,primer-uds-south,4.9525127,1258925411.794166,169.02787965091744,14025.98726394513,4.1469334402093585,0.0852243719097751,0.0160680395838029,-1.8115022907004594,0.21514665178841086,3.565251835617446e-07,1.455,3.671056845830528,1.308824215825328e-06,1.3,1.025978093061693,1.7456724650370668e-06,7.74184599402048e-07,1.12643859212998e-06,2.842075673571453e-06,3.6946983756428892e-06,3.7906795938802264e-06
25430,primer-uds-south,7.1282,14125375446.227554,73.30048856467192,836828.3575038185,5.922636388658428,0.1494159858038104,0.0233863409067107,-2.013586970842822,0.013061971646048498,9.224475598947195e-06,1.455,3.671056845830528,3.386357429671176e-05,1.3,12.971861692590126,0.0005710556828518034,2.00306942553698e-05,2.9144660141563057e-05,7.353381727291353e-05,9.55939624547876e-05,0.001240031659610158
28931,primer-uds-south,7.9047303,40738027780.41122,64.03652116954194,3162238.823205317,6.499994666255105,0.4955814110285065,0.0417457748440699,-2.686256203657721,-0.6596072611688508,3.0452350878136112e-05,1.455,3.671056845830528,0.00011179231116281486,1.3,88.94256072378307,0.012926022751265927,6.612643973678079e-05,9.621396981701604e-05,0.00024275391928610894,0.0003155800950719416,0.028068501769153403
29392,primer-uds-south,7.4709635,22387211385.683376,99.15001900293842,724877.340053729,5.860264523750797,0.2817244007038482,0.0351745718229047,-2.2589891105107256,-0.2323401680218553,1.080825926682374e-05,1.455,3.671056845830528,3.967773417298453e-05,1.3,10.651701758286766,0.0005494260081117785,2.3469836792806178e-05,3.414861253353299e-05,8.615910502875632e-05,0.00011200683653738323,0.001193063417685383
30157,primer-uds-south,4.726915,1122018454.3019652,140.7088541482793,18038.784673682134,4.256207274486787,0.0572195401318723,0.0168915882105202,-1.324684694027243,0.7019642484616273,3.817043675665541e-07,1.455,3.671056845830528,1.4012584316386104e-06,1.3,1.0378894254429545,1.8906567010636409e-06,8.288605027626248e-07,1.2059920315196191e-06,3.0427940229052673e-06,3.955632229776848e-06,4.105508862226725e-06
30191,primer-uds-south,4.036579,2089296130.8540409,143.98042061934908,32080.656814375474,4.506243251380791,0.1184423555772603,0.0194405851416999,-1.9619942585749226,0.06465468391394769,6.946165357684293e-07,1.455,3.671056845830528,2.549976788859778e-06,1.3,1.0898611526522626,3.612856835046203e-06,1.5083406426149077e-06,2.1946356350046908e-06,5.537204241915874e-06,7.1983655144906375e-06,7.845218936835063e-06
30520,primer-uds-south,5.349781,4265795188.0159345,125.41466121274044,86328.36359410538,4.936153508676872,0.1471384815861304,0.0365291588270728,-1.512716495839253,0.5139324466496173,1.6281718671652469e-06,1.455,3.671056845830528,5.977111479145652e-06,1.3,1.3966773204774574,1.0852524858354663e-05,3.5355302874999046e-06,5.144196568312362e-06,1.2979132665567699e-05,1.687287246523801e-05,2.3565958303506494e-05
32880,primer-uds-south,4.7559557,2884031503.1266117,103.41219140791682,85843.3474581816,4.933706644585471,0.1613611409491521,0.0197371301299558,-2.2812873787982437,-0.25463843630937344,1.3349863168176446e-06,1.455,3.671056845830528,4.900810657443496e-06,1.3,1.3933390593091024,8.877038184682648e-06,2.8988859540512463e-06,4.217879063144564e-06,1.0641975126901789e-05,1.3834567664972325e-05,1.9276243496260664e-05
33445,primer-uds-south,4.34576,3801893963.2056127,148.13361631268566,55149.66477491557,4.741542876942178,0.1234776992568293,0.0627364815195542,-0.7351709260957309,1.2914780163931394,1.2285559243507574e-06,1.455,3.671056845830528,4.5100986365735e-06,1.3,1.2025449517915636,7.050675251741519e-06,2.6677752932754138e-06,3.881613051715727e-06,9.79355475351625e-06,1.2731621179571126e-05,1.531034677761581e-05
33898,primer-uds-south,4.545273,2089296130.8540409,109.44208787273796,55524.082131524745,4.744481387958761,0.0689757754562705,0.0247899018817562,-1.1110544596824137,0.9155944828064566,9.138274217263575e-07,1.455,3.671056845830528,3.354712412436206e-06,1.3,1.2046110998600166,5.253460951516476e-06,1.984351033338164e-06,2.887230753507029e-06,7.284665445466949e-06,9.470065079107033e-06,1.140774551068906e-05
36872,primer-uds-south,7.135115,7244359600.749891,79.31382445272976,366566.13787096296,5.564152343836736,0.2133764536803566,0.0155709959469545,-2.8420752530354476,-0.8154263105465773,4.372196416636526e-06,1.455,3.671056845830528,1.605058158660922e-05,1.3,4.470848230186899,9.328762856395096e-05,9.494103887712068e-06,1.3813921156621062e-05,3.4853395072011624e-05,4.5309413593615115e-05,0.00020257151157582036
37557,primer-uds-south,5.655718,15848931924.611109,144.48232119913436,241668.86745550254,5.383220706828277,0.6300669594057948,0.0710715170380277,-2.3692278005811898,-0.34257885809231947,5.250901184370353e-06,1.455,3.671056845830528,1.9276356739662414e-05,1.3,2.8579677362858833,7.161856732561977e-05,1.1402187046956468e-05,1.659018215332166e-05,4.1858076816169715e-05,5.441549986102064e-05,0.00015551774295666595
37751,primer-uds-south,5.3592114,4466835921.509635,69.87817287995404,291183.69018913934,5.4641670455749685,0.5543057916727511,0.0394303541483216,-2.8697968464790473,-0.843147903990177,3.059898458540937e-06,1.455,3.671056845830528,1.1233061183772987e-05,1.3,3.457297146276702,5.0486839486992925e-05,6.644485078642975e-06,9.667725789425529e-06,2.4392282434971088e-05,3.1709967165462414e-05,0.00010963077898968113
37878,primer-uds-south,4.7731967,3019951720.402019,141.10773680466824,48277.911533356455,4.6837484745745055,0.1396167894647467,0.0328280138384266,-1.571732598029216,0.45491634445965423,1.02446642398507e-06,1.455,3.671056845830528,3.7608744790939115e-06,1.3,1.165893671839609,5.7002136824862794e-06,2.224600574159365e-06,3.2367938354018767e-06,8.16663516700626e-06,1.0616625717108138e-05,1.2377856739866027e-05
39711,primer-uds-south,5.461955,3090295432.5135922,118.3386882015886,70241.96070480224,4.846596625782323,0.0688377936790444,0.0162412147141649,-1.5680210859877817,0.4586278565010886,1.2500339403761557e-06,1.455,3.671056845830528,4.5889456543383965e-06,1.3,1.291140113251968,7.702463355404484e-06,2.714414212485714e-06,3.9494726791667144e-06,9.964768877165362e-06,1.2954199540314971e-05,1.672568666157086e-05
44435,primer-uds-south,5.1732736,977237220.9558111,98.62308043066938,31981.070786792912,4.504893000655063,0.1361026936528697,0.0125178321950522,-2.590843987829481,-0.5641950453406106,4.7431842187405633e-07,1.455,3.671056845830528,1.7412498897242868e-06,1.3,1.089443051795348,2.466090371939402e-06,1.0299693664248064e-06,1.4986054281480935e-06,3.781076093609517e-06,4.9153989216923726e-06,5.3550472020401005e-06
45383,primer-uds-south,4.8551655,1230268770.812381,118.60664697163948,27837.617956935457,4.444632070291314,0.1010903059242556,0.0235939755900017,-1.5797709626570875,0.4468779798317828,4.965231788748641e-07,1.455,3.671056845830528,1.8227648149221055e-06,1.3,1.0726365508266913,2.5417134132601895e-06,1.0781863836120734e-06,1.568761188155567e-06,3.958083504640362e-06,5.14550855603247e-06,5.519260549791898e-06
45637,primer-uds-south,4.5362873,9549925860.214369,109.9240731348419,251573.27444259718,5.40066450251807,0.4291730607619723,0.135416424928694,-1.252402773625024,0.7742461688638462,4.158682293684109e-06,1.455,3.671056845830528,1.526675910386325e-05,1.3,2.973348826308963,5.901142034191752e-05,9.030463860678834e-06,1.3139324917287705e-05,3.315134617677021e-05,4.3096750029801276e-05,0.0001281416711188404
47509,primer-uds-south,5.659403,12882495516.931322,196.7753709572188,105903.09384041282,5.024908647720257,0.3912922306296359,0.0825561573013864,-1.689379387259013,0.33726955522985724,3.133847189725082e-06,1.455,3.671056845830528,1.1504531179627024e-05,1.3,1.5389768098331813,2.3016768701483392e-05,6.80506270812808e-06,9.901366240326358e-06,2.4981772040979622e-05,3.2476303653273504e-05,4.998027819148855e-05
48686,primer-uds-south,4.843895,2344228815.3199177,188.83439301175304,20926.082544233588,4.320687934088293,0.0785397680011377,0.0240433269834655,-1.2852376282492417,0.7414113142396286,5.942476310409841e-07,1.455,3.671056845830528,2.1815168340515784e-06,1.3,1.0473411724080548,2.9702301181845347e-06,1.2903923352258944e-06,1.8775208477536763e-06,4.737103616038262e-06,6.158234700849741e-06,6.449772751551934e-06
48982,primer-uds-south,5.38785,3981071705.5349693,86.64903684941646,168780.64724028547,5.227322647985185,0.2183929420673716,0.0297575378047371,-2.164104012252995,-0.1374550697641248,2.1993017309933735e-06,1.455,3.671056845830528,8.073761675610154e-06,1.3,2.084403922678403,2.187767465963607e-05,4.77572302905346e-06,6.948677007272785e-06,1.7531950719597207e-05,2.279153593547637e-05,4.7506766907772736e-05
50716,primer-uds-south,7.8636265,10232929922.807537,69.90504346274642,666550.5746460998,5.823833107172882,0.1382567258517753,0.0106886821793538,-2.779405260105156,-0.7527563176162859,7.007127915539636e-06,1.455,3.671056845830528,2.572356490395198e-05,1.3,9.510533169338965,0.0003180382624284827,1.5215784938545493e-05,2.2138967085583696e-05,5.585801146333247e-05,7.261541490233223e-05,0.0006906113120339415
51593,primer-uds-south,4.457851,1000000000.0,98.23092206583677,32987.8253042185,4.518353685975524,0.3382511715775405,0.0195764956861146,-3.0937608912104304,-1.0671119487215601,4.873044025589354e-07,1.455,3.671056845830528,1.7889221630173351e-06,1.3,1.0936995784228556,2.543506440180371e-06,1.0581680651925325e-06,1.5396345348551348e-06,3.88459511976429e-06,5.0499736556935774e-06,5.523154058278592e-06
52581,primer-uds-south,6.166954,4677351412.871982,77.02489447674957,250950.40637129318,5.399587903284333,0.5267982479141547,0.052591286436522,-2.5018263190910117,-0.47517737660214143,2.906815341902902e-06,1.455,3.671056845830528,1.0671084360457855e-05,1.3,2.9660246687796104,4.1145909292470177e-05,6.312069314500722e-06,9.184060852598551e-06,2.3171965268354683e-05,3.012355484886109e-05,8.934720679305764e-05
55634,primer-uds-south,6.879805,40738027780.41122,74.47756139010417,2337756.2728254828,6.368799230998382,0.2095853358714432,0.1261843903012296,-0.5508881482876844,1.4757607942011859,2.6183223178534237e-05,1.455,3.671056845830528,9.612010069546666e-05,1.3,56.89924658034494,0.007109909704038626,5.6856146724393695e-05,8.272569348399284e-05,0.0002087221466601304,0.00027133879065816956,0.015438972756471785
55783,primer-uds-south,4.6260314,6456542290.346562,109.96452826156413,169959.28537356775,5.230344896346821,0.6631813257795897,0.0974618079524775,-2.081994562928523,-0.05534562043965252,2.8105799269718975e-06,1.455,3.671056845830528,1.031779868166405e-05,1.3,2.0957827324353713,2.811102360790874e-05,6.103096766159697e-06,8.88000579476236e-06,2.240481516417671e-05,2.9126259713429726e-05,6.104231216783402e-05
57494,primer-uds-south,4.0239935,12882495516.931322,122.47714623353806,273363.17511913576,5.436740010159713,1.4722219037829565,0.284601991052223,-1.784338352121949,0.24231059036692137,5.034930697238346e-06,1.455,3.671056845830528,1.8483516804379103e-05,1.3,3.235203779778406,7.773732645786246e-05,1.0933213092879529e-05,1.5907825050139714e-05,4.013644677153935e-05,5.217738080300116e-05,0.0001688044595928066
59568,primer-uds-south,8.901577,30199517204.02019,78.93528551401158,1542793.3525561497,6.1883077589505495,0.1593707144785903,0.0177899131828907,-2.3805867274111403,-0.35393778492227,1.8313753802188308e-05,1.455,3.671056845830528,6.723083126837825e-05,1.3,30.96875810868849,0.0027066719562953935,3.976781109612539e-05,5.786216514486245e-05,0.00014598989516812635,0.00018978686371856426,0.005877463474706844
59880,primer-uds-south,5.663111,1778279410.0389228,120.00611277187473,39304.6008840065,4.594443390619273,0.0753821870136544,0.0085743538257695,-2.3601683305829937,-0.3335193880941234,7.093248703686852e-07,1.455,3.671056845830528,2.6039719212848136e-06,1.3,1.1218630921948083,3.7976899890813483e-06,1.5402793853892967e-06,2.2411065057414272e-06,5.654453182225016e-06,7.350789136892521e-06,8.24657903118625e-06
59971,primer-uds-south,5.3915443,3890451449.942805,146.7388901779425,57512.15845493746,4.759759667153941,0.1162754475966133,0.0320826524735118,-1.3980443826119995,0.6286045598768708,1.269121862761959e-06,1.455,3.671056845830528,4.659018502485481e-06,1.3,1.2156982435724528,7.363148793316108e-06,2.755863109301474e-06,4.009780824033645e-06,1.011693013357298e-05,1.3152009173644875e-05,1.5988874451848863e-05
60046,primer-uds-south,5.462843,6025595860.743568,120.8085278514652,131418.02708108423,5.118654943038411,0.1044750644726981,0.0424707439418836,-0.9773069485383001,1.0493419939505702,2.387541689044295e-06,1.455,3.671056845830528,8.764801262271842e-06,1.3,1.7450570396517535,1.9883601587038867e-05,5.184480904329533e-06,7.543419715799471e-06,1.903252411591658e-05,2.474228135069156e-05,4.3176692248068595e-05
60446,primer-uds-south,4.36605,1202264434.617413,100.02763199041787,38248.12517767338,4.582610152040061,0.2953123697060518,0.0275649213665657,-2.5748122016358317,-0.5481632591469614,5.753452978562171e-07,1.455,3.671056845830528,2.11212529441147e-06,1.3,1.1169828872576069,3.0669701524820106e-06,1.2493464402396893e-06,1.8177990705487482e-06,4.586421802255912e-06,5.962348342932686e-06,6.659841066924559e-06
62395,primer-uds-south,5.6591854,4786300923.22638,79.42886599802144,241486.80351217504,5.382893402920098,0.5538841552694574,0.044467938269406,-2.7384298688635895,-0.7117809263747192,2.8844976768109037e-06,1.455,3.671056845830528,1.0589154943238922e-05,1.3,2.8558685506199843,3.931360495404964e-05,6.263607120508624e-06,9.113548360340047e-06,2.2994057799336024e-05,2.989227513913683e-05,8.53684084763405e-05
66511,primer-uds-south,7.1307554,18197008586.099827,111.28508555443562,467709.5086076116,5.669976199273138,1.2282949366372344,0.0305383394254464,-4.011143109292785,-1.9844941668039149,7.827293010203043e-06,1.455,3.671056845830528,2.8734437589427323e-05,1.3,6.002319269778415,0.0002242152489840443,1.6996750812855374e-05,2.473027243270457e-05,6.23960384284083e-05,8.11148499569308e-05,0.0004868772269616706
67076,primer-uds-south,7.9367976,33113112148.259075,85.7376135588745,1433861.966459009,6.156507345131959,0.2180790268953424,0.0375728712570802,-1.909348790497444,0.1173001519914263,1.8487456477986352e-05,1.455,3.671056845830528,6.786850366550574e-05,1.3,27.85147366202977,0.0024573091950175654,4.014500166407999e-05,5.8410977421236394e-05,0.0001473745831847988,0.00019158695814023845,0.005335979118631251
68947,primer-uds-south,5.6559973,3388441561.3920207,82.59408137195713,158107.42762583864,5.198952272848992,0.7254275601061241,0.0403216718237488,-3.13763880118005,-1.1109898586911795,1.963810729323929e-06,1.455,3.671056845830528,7.209260821800052e-06,1.3,1.9831856182797991,1.858649309428843e-05,4.264360816238914e-06,6.20464498762762e-06,1.5654710967545324e-05,2.035112425780892e-05,4.0360056943911805e-05
69772,primer-uds-south,5.4293756,8511380382.023759,69.60870252850678,559143.202689011,5.747523049698423,0.713663673564827,0.0689523153732568,-2.537361842677118,-0.5107129001882478,5.853087504133413e-06,1.455,3.671056845830528,2.1487016951294084e-05,1.3,7.538704070915246,0.0002105795408113093,1.2709818025710088e-05,1.849278522740818e-05,4.665846447254326e-05,6.0656003814306235e-05,0.00045726766288036114
6756,ceers-full,7.136083,6918309709.189363,54.396483832198435,744232.2257830597,5.871708471351662,0.2080753279343096,0.0233523104120413,-2.374726832161718,-0.3480778896728478,6.088043231594756e-06,1.455,3.671056845830528,2.234955278305814e-05,1.3,11.040834642571264,0.0003207850315971123,1.3220017905350216e-05,1.9235126052284565e-05,4.853143723343807e-05,6.309086840346949e-05,0.0006965758454989307
9246,ceers-full,4.6044097,1737800828.7493763,69.26564929034056,115296.01795496585,5.061814308074847,0.2752648345263825,0.0344534581404835,-2.256294785100917,-0.2296458426120469,1.2009658164501011e-06,1.455,3.671056845830528,4.408813782087593e-06,1.3,1.6122496845641527,9.240541218314654e-06,2.607864135193562e-06,3.794442316706633e-06,9.573617486498234e-06,1.2445702732447706e-05,2.0065580304568028e-05
12234,ceers-full,6.142212,8128305161.640995,57.94758580918855,770512.0460370559,5.886779432783871,0.3359434827828025,0.0518867679342621,-2.028024003245324,-0.00137506075645355,6.714492737811606e-06,1.455,3.671056845830528,2.464928453142266e-05,1.3,11.577334945987845,0.0003709849301590084,1.4580335724055189e-05,2.12143884785003e-05,5.3525241274300215e-05,6.958281365659028e-05,0.0008055835401866029
12544,ceers-full,4.549665,1778279410.0389228,83.87673704464756,80457.59982101919,4.905567072728969,0.0687515328091053,0.0204587692402197,-1.3160072032887074,0.7106417392001629,1.0148620867314942e-06,1.455,3.671056845830528,3.7256164110695066e-06,1.3,1.3569091787776544,6.571920036220339e-06,2.203745020801536e-06,3.2064490052662353e-06,8.090073245078418e-06,1.0517095218601942e-05,1.4270743036199557e-05
13736,ceers-full,5.356953,3890451449.942805,64.48052529472373,297846.8378373445,5.473992993667423,0.3617939405639322,0.0352841742064689,-2.527203328149281,-0.5005543856604109,2.8881516208350673e-06,1.455,3.671056845830528,1.060256877946311e-05,1.3,3.542123225211814,4.882228665683455e-05,6.271541559143012e-06,9.125092968553083e-06,2.3023185574602617e-05,2.9930141246983405e-05,0.00010601624844481001
14076,ceers-full,5.661391,2754228703.3381634,73.16689272624528,163764.93001814772,5.214220903954945,0.0747332196790593,0.01639969110936,-1.6466950623542718,0.3799538801345985,1.8019135206839952e-06,1.455,3.671056845830528,6.614926965701569e-06,1.3,2.0364263928401787,1.7512055417564337e-05,3.9128054944996e-06,5.693131994496918e-06,1.436413139698606e-05,1.8673370816081877e-05,3.802694517316068e-05
19354,ceers-full,5.4279175,1148153621.496884,63.349080495239264,91068.77531201734,4.959369496246325,0.2034118053108284,0.0183961024957554,-2.60912583407162,-0.5824768915827496,8.675774196976683e-07,1.455,3.671056845830528,3.1849260258691105e-06,1.3,1.4297949935295362,5.919928672514449e-06,1.8839204299927944e-06,2.7411042256395157e-06,6.915978991525039e-06,8.990772688982551e-06,1.2854961778669338e-05
20010,ceers-full,8.934445,10715193052.376049,64.42038348903961,821870.7335444671,5.914803515687231,0.0447027347231655,0.0112781287712442,-1.4952426081807286,0.5314063343081417,7.962056404927181e-06,1.455,3.671056845830528,2.922916167219673e-05,1.3,12.652319425837605,0.00048076169703390744,1.7289385806311587e-05,2.515605634818336e-05,6.347031812446532e-05,8.25114135618049e-05,0.0010439607606613445
20632,ceers-full,5.653135,2344228815.3199177,62.625804274768534,190258.2486033993,5.27934349458996,0.3066072397184151,0.0224542637994103,-2.838208961982037,-0.8115600194931667,1.7918235463126301e-06,1.455,3.671056845830528,6.577886096211315e-06,1.3,2.2978435700559947,1.9649439251961865e-05,3.890895393539455e-06,5.661252797599907e-06,1.428369817086348e-05,1.8568807622122525e-05,4.266821519810098e-05
20897,ceers-full,4.533114,467735141.2871981,66.4479321401957,33719.97056282172,4.527887186818373,0.5967651872280724,0.0203334513273608,-3.668980949503315,-1.6423320070144447,3.3695126057659177e-07,1.455,3.671056845830528,1.2369672318509234e-06,1.3,1.0968362333196486,1.7637756231201592e-06,7.316803656937925e-07,1.0645949320844682e-06,2.686040215439981e-06,3.491852280071976e-06,3.829990102182772e-06
22049,ceers-full,7.1350226,10471285480.508986,55.6208414369509,1077395.1546274752,6.032375018060426,0.2194531713745404,0.0204833755237493,-2.5748508357275837,-0.5482018932387134,9.011788717461007e-06,1.455,3.671056845830528,3.308278866441355e-05,1.3,18.489187548899015,0.0007951760495340122,1.9568850560356488e-05,2.8472677565318693e-05,7.183836281463126e-05,9.338987165902063e-05,0.0017267028522712413
22239,ceers-full,7.131442,933254300.7969924,63.88495294759667,72786.85737002402,4.862052968777981,0.0800947768205443,0.0026236788688178,-3.711733795240323,-1.6850848527514528,6.992781792625404e-07,1.455,3.671056845830528,2.567089947121656e-06,1.3,1.3071047693447309,4.362092167185518e-06,1.5184632728453708e-06,2.2093640619900146e-06,5.5743649929212275e-06,7.246674490797596e-06,9.472162788810337e-06
23054,ceers-full,6.8682966,8709635899.560797,64.28460296438449,670866.6385038665,5.826636195402584,0.1012552025531168,0.0186780097743542,-1.8352168710880967,0.19143207140077356,6.485472016084759e-06,1.455,3.671056845830528,2.3808536443090273e-05,1.3,9.593328242937334,0.0002969240366072509,1.408302354561784e-05,2.049079925887396e-05,5.169957999713289e-05,6.720945399627276e-05,0.0006447623532148408
24464,ceers-full,5.655386,5248074602.497734,61.57873392283105,440543.3159996781,5.64398861643655,0.219087529547487,0.0304983900116038,-2.1408518609687874,-0.11420291847991715,4.07960203989533e-06,1.455,3.671056845830528,1.4976450996821938e-05,1.3,5.5728823972283825,0.00010850060017308517,8.858743271438957e-06,1.2889471459943683e-05,3.252095013207111e-05,4.227723517169244e-05,0.00023560605969180946
28748,ceers-full,4.7529554,3090295432.5135922,65.65756697521525,228181.56612827085,5.35828055659342,0.5560728343814113,0.0543868500067924,-2.5240944330449016,-0.49744549055603127,2.253013377230647e-06,1.455,3.671056845830528,8.270940182230325e-06,1.3,2.7046214255221583,2.9080690633893966e-05,4.892356386927397e-06,7.118378542979363e-06,1.7960118406472528e-05,2.3348153928414286e-05,6.314791736117862e-05
29421,ceers-full,4.785098,2290867652.76777,70.82442982441934,145373.06715845747,5.162483953511249,0.1387632104903372,0.0326230169226104,-1.5718755448238453,0.454773397665025,1.548336917034542e-06,1.455,3.671056845830528,5.68403283893179e-06,1.3,1.8668282133348015,1.3794446730011184e-05,3.3621708959759727e-06,4.89195865364504e-06,1.2342720484524754e-05,1.604553662988218e-05,2.9954260478761063e-05
30600,ceers-full,4.025932,295120922.66663903,87.27410747781781,12333.2999849702,4.09107929504763,0.1018813878972683,0.0102646274100496,-2.4918791570110788,-0.4652302145222085,1.6186879718599508e-07,1.455,3.671056845830528,5.942295560360005e-07,1.3,1.0214203247347846,7.890455899212881e-07,3.5149362705097133e-07,5.114232273591633e-07,1.2903530858512708e-06,1.6774590116066519e-06,1.7133907283645573e-06
36886,ceers-full,4.4499197,1230268770.812381,71.03828593380159,77600.61792177071,4.889865179492039,0.2931598692670186,0.0351343893424151,-2.3034302742997155,-0.2767813318108452,8.290029610923591e-07,1.455,3.671056845830528,3.0433169955318834e-06,1.3,1.3380686327293783,5.293817114525455e-06,1.8001570574193382e-06,2.6192285185451374e-06,6.6084788892094e-06,8.591022555972221e-06,1.1495377805216998e-05
36985,ceers-full,5.6537137,1862087136.6628656,61.34467743649027,157505.72820179546,5.197296352926847,0.2600367305809652,0.0180072474158705,-2.8989684133185056,-0.8723194708296353,1.4530202554683616e-06,1.455,3.671056845830528,5.334119955967551e-06,1.3,1.9775784905672857,1.3713233158335293e-05,3.155193395217813e-06,4.590806390041918e-06,1.1582894313433618e-05,1.5057762607463706e-05,2.9777907448588592e-05
39094,ceers-full,4.73153,2511886431.509582,68.47869120959936,170505.82664821876,5.231739224606711,0.2626799502883484,0.0545960004274063,-1.7056652423315994,0.32098370015727085,1.7558730145592664e-06,1.455,3.671056845830528,6.445909650506881e-06,1.3,2.1010725731592865,1.7606321168465602e-05,3.812829805729587e-06,5.547667367336549e-06,1.3997114960310282e-05,1.819624944840337e-05,3.8231640650405115e-05
40589,ceers-full,8.006711,11220184543.019653,59.37592096716466,1013046.5676562405,6.0056294094385665,0.1173545128868553,0.0175073876138433,-2.0656961199564177,-0.03904717746754738,9.045617029399013e-06,1.455,3.671056845830528,3.320697432053645e-05,1.3,16.94598025848569,0.0007315421506638076,1.9642307806390378e-05,2.8579557858297997e-05,7.210802854055982e-05,9.374043710272776e-05,0.0015885235965646441
41179,ceers-full,7.24225,28183829312.644493,57.4217396408689,2720805.1184924217,6.434697435938384,0.194694606030246,0.0546248149494663,-1.3799098522995958,0.6467390901892744,2.3494824754912547e-05,1.455,3.671056845830528,8.625083725811026e-05,1.3,71.18644762396731,0.007981857921697134,5.101836372171219e-05,7.423171921509124e-05,0.0001872913134036634,0.00024347870742476242,0.017332384253644112
41913,ceers-full,5.2459974,6025595860.743568,61.63378721184913,504908.1931010337,5.703212418011191,1.5833884306465689,0.0644489859060268,-3.475928447902134,-1.449279505413264,4.679825947511953e-06,1.455,3.671056845830528,1.7179907081909093e-05,1.3,6.610812229874142,0.0001476450817987418,1.016211292636049e-05,1.4785874307854513e-05,3.7305694226418576e-05,4.849740249434415e-05,0.000320607221526739
42093,ceers-full,6.445882,4168693834.7033467,56.23605433097119,419585.4730977117,5.622820443623722,0.4399054869462038,0.0263241480959321,-3.0575126338914735,-1.0308636914026033,3.5484093412501658e-06,1.455,3.671056845830528,1.3026412404005414e-05,1.3,5.250478006935739,8.891335938745694e-05,7.705272982194498e-06,1.1211172189092996e-05,2.8286495130278117e-05,3.677244366936155e-05,0.00019307290674726616
47021,ceers-full,8.0230665,4570881896.148752,65.36525512787183,340530.64897926146,5.532156206068325,0.0424363142031808,0.0112659609499211,-1.4399235369113725,0.5867254055774977,3.3473536254969052e-06,1.455,3.671056845830528,1.2288325442296052e-05,1.3,4.107716667534346,6.562004700602761e-05,7.26868604266075e-06,1.057593819207139e-05,2.6683759657102554e-05,3.468888755423332e-05,0.00014249212158474895
48983,ceers-full,7.136761,34673685045.2531,51.93081889094175,4092604.5743522365,6.61199978533111,0.7843137087323472,0.0657612154918646,-2.6912999352481832,-0.6646509927593129,3.196122266344982e-05,1.455,3.671056845830528,0.00011733146525977128,1.3,130.48122094305816,0.019902418694772862,6.940291318808704e-05,0.00010098123868866664,0.00025478203957970876,0.0003312166514536214,0.04321755307833986
49360,ceers-full,4.737312,3311311214.8259077,68.91183834860217,221953.7341414922,5.346262455977302,0.1341308634738335,0.0441366193003518,-1.2068241390462058,0.8198248034426645,2.300142380729649e-06,1.455,3.671056845830528,8.443953433162506e-06,1.3,2.635312633593536,2.8928194307855265e-05,4.994695717713474e-06,7.267282269273105e-06,1.8335811907352472e-05,2.3836555479558215e-05,6.281677579663299e-05
55490,ceers-full,7.1493306,45708818961.48752,52.387914284993016,5301367.493325032,6.724387910770717,0.8250980735835631,0.0957451028504416,-2.33847250781952,-0.3118235653306498,4.176547715633897e-05,1.455,3.671056845830528,0.0001533234408341567,1.3,191.89254765192618,0.0382481133793534,9.069258131527164e-05,0.00013195770581372022,0.0003329376215034698,0.0004328189079545107,0.0830547229193156
57051,ceers-full,5.668079,5623413251.903491,64.39483006557025,431666.2797161401,5.635148124391306,0.2169475866769973,0.0363350988767232,-1.940071192628532,0.0865777498603384,4.180204748422848e-06,1.455,3.671056845830528,1.5345769258670977e-05,1.3,5.435364279340011,0.00010843279988784656,9.077199277329069e-06,1.3207324948513795e-05,3.33229145480068e-05,4.331978891240884e-05,0.00023545883324305647
58630,ceers-full,4.546808,1995262314.9688828,68.52601108185242,135250.60703832484,5.131139223004508,0.2218719160404731,0.0346640777475001,-2.015556709414966,0.011092233073904278,1.393776390249076e-06,1.455,3.671056845830528,5.116632358980832e-06,1.3,1.777885976881873,1.1825825595859651e-05,3.0265469764610344e-06,4.403625850750806e-06,1.1110625997164967e-05,1.4443813796314457e-05,2.5679454001160402e-05
59162,ceers-full,7.84113,39810717055.34969,53.05169831149987,4502477.433239929,6.653451544779981,0.2331202120648058,0.0484836275695923,-1.704962057469813,0.3216868850190573,3.592106997459146e-05,1.455,3.671056845830528,0.0001318682898397814,1.3,150.41163736576598,0.0257848830088524,7.800161237012825e-05,0.0001134923459985366,0.0002863483530771785,0.0003722528590003321,0.05599116203632756
59626,ceers-full,6.367115,20417379446.695316,57.40807305352339,1971987.6372537157,6.294904187943264,0.2134281412175038,0.0607908284177145,-1.3635340508604321,0.6631148916284382,1.702454783374619e-05,1.455,3.671056845830528,6.249808287224323e-05,1.3,44.30752750164467,0.0035998761833605803,3.696833590546964e-05,5.3788928742458327e-05,0.00013571286260473682,0.0001764267213861579,0.007817031809842192
60774,ceers-full,5.2847676,4265795188.0159345,62.041777733201435,352761.8896087843,5.547481660284552,0.3242147877736243,0.0432579860489375,-2.186916308378223,-0.16026736588935275,3.2912761461277315e-06,1.455,3.671056845830528,1.2082461827760927e-05,1.3,4.2766465616894696,6.717414448216945e-05,7.146915343415371e-06,1.0398761824669366e-05,2.623673249801624e-05,3.410775224742112e-05,0.0001458668013758898
61323,ceers-full,7.1270275,2818382931.264449,61.552384141078534,236788.37035852883,5.374360368603478,0.1201372002322296,0.0136949703724409,-2.357791023902294,-0.3311420814134238,2.1918138977236866e-06,1.455,3.671056845830528,8.046273414025031e-06,1.3,2.801970433435853,2.930904626707083e-05,4.759463405701276e-06,6.925019255295358e-06,1.747226071797955e-05,2.2713938933373414e-05,6.36437853181798e-05
63106,ceers-full,5.655657,9772372209.558111,59.95507577844757,865362.7859025975,5.937198214846228,0.4030886671890336,0.0584487922364109,-2.096562616673934,-0.06991367418506389,7.80229918199004e-06,1.455,3.671056845830528,2.8642683825262465e-05,1.3,13.58938254053275,0.000506007303735728,1.6942477404482647e-05,2.465130462352225e-05,6.219679766105506e-05,8.085583695937157e-05,0.0010987808990758467
67137,ceers-full,7.4964614,81283051616.40996,62.40130278603175,6644507.771973227,6.822462813746196,0.2188662838676005,0.1395775962963293,-0.4884078728457295,1.5382410696431408,6.23526475759104e-05,1.455,3.671056845830528,0.00022890011373920415,1.3,268.85596885119486,0.08000351040435318,0.00013539705387138028,0.00019700271338285832,0.0004970502815198153,0.00064616536597576,0.17372541550749987
68816,ceers-full,4.532283,295120922.66663903,70.80639597093622,18737.219670648858,4.272705148383299,0.2077485326561413,0.0168160496473436,-2.729534960309776,-0.7028860178209055,1.995152360065649e-07,1.455,3.671056845830528,7.324317729893936e-07,1.3,1.0401111238604968,9.903535649216747e-07,4.3324183026638053e-07,6.303668630375837e-07,1.590455386899544e-06,2.067592002969407e-06,2.1505254418934858e-06
70681,ceers-full,7.9008055,19952623149.688828,56.09205306411676,2018586.9203940488,6.305047454878238,0.1415849760247834,0.0221034516565898,-2.016392683897808,0.010256258591062384,1.7027356130940426e-05,1.455,3.671056845830528,6.250839229088327e-05,1.3,45.85163613792762,0.003725945676554946,3.697443404534465e-05,5.379780153597647e-05,0.00013573524922287183,0.00017645582398973338,0.008090788235995456
71267,ceers-full,7.5175495,11220184543.019653,59.90658516540552,995178.5314279896,5.997900998593804,0.0805211579299047,0.020088082868171,-1.5074288008269219,0.5192201416619484,8.965489192112908e-06,1.455,3.671056845830528,3.29128204749257e-05,1.3,16.525965107955592,0.000707090959604937,1.946831241848939e-05,2.8326394568902067e-05,7.146928158066296e-05,9.291006605486185e-05,0.0015354285098004962
71321,ceers-full,7.12932,3890451449.942805,63.36040081081617,308470.9674461614,5.4892142955288765,0.1340886831196148,0.0154361415211154,-2.347133435011312,-0.32048449252244193,2.939210157434198e-06,1.455,3.671056845830528,1.0790007569783437e-05,1.3,3.679344463494013,5.161020099682353e-05,6.3824137626383e-06,9.286412024638727e-06,2.343020373625631e-05,3.0459264857133205e-05,0.0001120701275141908
71380,ceers-full,7.1262627,12882495516.931322,54.160871476723834,1397908.8030920718,6.145478839788939,0.3412420287766023,0.0227557706767789,-2.939927417031088,-0.9132784745422176,1.138578325030106e-05,1.455,3.671056845830528,4.179785754616027e-05,1.3,26.84790611809124,0.0014588404419376613,2.4723914188761103e-05,3.5973295144647406e-05,9.076289443837797e-05,0.00011799176276989137,0.003167831769554137
72633,ceers-full,5.4433956,11748975549.395304,67.06142219180622,831581.0967040434,5.9199046084968145,0.189154125317512,0.0834243512582537,-0.8888074482450209,1.1378414942438493,8.386404316091343e-06,1.455,3.671056845830528,3.078696697648981e-05,1.3,12.859435588492788,0.000514673924438993,1.821084558744042e-05,2.6496780329725812e-05,6.685304936213582e-05,8.690896417077657e-05,0.001117600226816729
72956,ceers-full,8.90418,14454397707.45928,58.17583598902204,1359455.079129752,6.133364861641514,0.0857059547939827,0.0179157461202142,-1.6994402448433334,0.32720869764553684,1.1893397193207606e-05,1.455,3.671056845830528,4.366133718630637e-05,1.3,25.78873703481045,0.0014637619662715995,2.582618386046843e-05,3.757709751698157e-05,9.480938906265052e-05,0.0001232522057814457,0.003178518723858047
73890,ceers-full,5.6603184,3630780547.7010174,76.25109483703007,198773.2596526383,5.298357959707114,0.0971229366463888,0.0226802024246295,-1.5791871975868255,0.4474617449020448,2.279305150680248e-06,1.455,3.671056845830528,8.367458777141509e-06,1.3,2.385938781747202,2.5953517721368828e-05,4.949448247570458e-06,7.201447200215016e-06,1.816970587232744e-05,2.3620617634025674e-05,5.635734766184369e-05
7242,primer-cosmos-west,5.6587553,5495408738.576248,166.7174549082523,62934.38371964413,4.79888798375677,0.1221402942423536,0.0344009577852085,-1.3757210690284967,0.6509278734603736,1.5778564298023473e-06,1.455,3.671056845830528,5.792400648363623e-06,1.3,1.246910229742506,9.389384710175245e-06,3.4262717034936246e-06,4.985225328583224e-06,1.2578038192785696e-05,1.6351449650621407e-05,2.038878984047936e-05
8118,primer-cosmos-west,5.642418,6456542290.346562,124.26756861408884,133086.65972067538,5.124134525046,0.1284736874681208,0.0396338722308129,-1.276869211205125,0.7497797312837453,2.487085723634621e-06,1.455,3.671056845830528,9.130233071916248e-06,1.3,1.7592921248016382,2.0881571283333443e-05,5.400638028974359e-06,7.857928332157692e-06,1.9826049208119007e-05,2.577386397055471e-05,4.534375590910559e-05
13074,primer-cosmos-west,5.214783,9549925860.214369,79.73062908385373,478189.18080111314,5.679599745825072,1.0164631890035505,0.0713047750202976,-2.884932603591683,-0.8582836611028126,5.733546842013812e-06,1.455,3.671056845830528,2.104817638526481e-05,1.3,6.171383276711575,0.00016886527287408837,1.245023877610207e-05,1.811509741922851e-05,4.570553429123419e-05,5.9417194578604453e-05,0.00036668628097151723
13666,primer-cosmos-west,5.2880526,4570881896.148752,115.84346480281005,108419.41266747014,5.035107050279314,0.2957050578779828,0.0383128653184614,-2.2187853000651048,-0.19213635757623448,1.8887610458324657e-06,1.455,3.671056845830528,6.933749167441301e-06,1.3,1.5583000713485813,1.4046320369038031e-05,4.101392499194273e-06,5.967526086327668e-06,1.5056445011605116e-05,1.9573378515086652e-05,3.0501197136592317e-05
15233,primer-cosmos-west,4.9860177,1905460717.9632444,92.76965482447171,70475.51301546415,4.848038245933839,0.3018627817108354,0.0355100394454839,-2.323646037722664,-0.2969970952337939,9.832016869246584e-07,1.455,3.671056845830528,3.6093892836168906e-06,1.3,1.2925933671700358,6.06511444179914e-06,2.134995336146738e-06,3.106418214093504e-06,7.837689244577732e-06,1.0188996017951052e-05,1.3170228670925437e-05
16152,primer-cosmos-west,5.7143655,38018939632.05613,165.23186775265145,443264.0428173208,5.6466625031482325,0.5166209876429334,0.1655027169473879,-1.2359172941139456,0.7907316483749247,1.1014245277968275e-05,1.455,3.671056845830528,4.0433920529342e-05,1.3,5.615309848340362,0.0002951636898020534,2.3917129732752845e-05,3.4799423761155394e-05,8.780114283803919e-05,0.00011414148568945096,0.0006409398086961745
18540,primer-cosmos-west,8.933716,18620871366.628654,105.95344761289827,527983.0029731846,5.722619941788034,0.1518324565794409,0.0235101319218217,-2.0252738817324167,0.00137506075645355,8.412662437002422e-06,1.455,3.671056845830528,3.088336203101907e-05,1.3,6.999803411697043,0.00028103070178222287,1.826786437252457e-05,2.657974266202325e-05,6.706236856345992e-05,8.718107913249791e-05,0.0006102504151470886
21037,primer-cosmos-west,4.4761047,316227766.01683795,99.04435864493556,10261.022481174505,4.011190639119526,0.2359730417165711,0.0140348338636526,-3.0641377865015396,-1.0374888440126693,1.5283358893573103e-07,1.455,3.671056845830528,5.610607929353642e-07,1.3,1.0162552280453327,7.412352532933709e-07,3.318739216212893e-07,4.828765559589759e-07,1.218328031920458e-06,1.5838264414965954e-06,1.6095719014873504e-06
21620,primer-cosmos-west,8.087144,31622776601.683792,88.58474492387647,1282721.1315080947,6.108132249351343,0.1855806706908963,0.0278040931979195,-2.0610600109053996,-0.0344110684165293,1.7087936312907074e-05,1.455,3.671056845830528,6.273078558261359e-05,1.3,23.719851160919756,0.0019343543663953146,3.71059822390487e-05,5.3989204157815864e-05,0.0001362181701199257,0.00017708362115590343,0.00420039713685473
22379,primer-cosmos-west,5.734882,1905460717.9632444,115.64072090795396,45355.35248624064,4.6566285464803565,0.1989237957899848,0.018613375048126,-2.5721540237075025,-0.5455050812186322,7.887470815011599e-07,1.455,3.671056845830528,2.8955353731736824e-06,1.3,1.1510601555809863,4.332816016276213e-06,1.7127425255662406e-06,2.4920403746988803e-06,6.287575173625016e-06,8.173847725712521e-06,9.408590434853946e-06
22483,primer-cosmos-west,7.1354685,19498445997.580414,62.23396554893685,1602489.442826864,6.204795177075635,0.2322433261055171,0.0418601668004091,-1.8603557203408296,0.16629322214804065,1.4997576317463522e-05,1.455,3.671056845830528,5.505695521109026e-05,1.3,32.72487163614646,0.002342251329547992,3.256682318298649e-05,4.738472773124535e-05,0.00011955465919285491,0.0001554210569507114,0.005086134138266239
22702,primer-cosmos-west,5.4311905,11220184543.019653,102.77250209722588,338139.78123166313,5.529096267343918,1.6509550620762117,0.0983629248104045,-3.0622595456358366,-1.0356106031469663,5.226026718009934e-06,1.455,3.671056845830528,1.9185041159643615e-05,1.3,4.075045236168673,0.00010163388375829733,1.1348172829553378e-05,1.6511591467000165e-05,4.165978755359992e-05,5.41577238196799e-05,0.00022069517445312526
25633,primer-cosmos-west,7.051051,12022644346.174131,76.65286982916518,651318.3124524713,5.813793288960593,0.4007163020978865,0.022411694292303,-3.1309058027690857,-1.1042568602802154,7.507928646329955e-06,1.455,3.671056845830528,2.756203285511671e-05,1.3,9.220477431652633,0.0003303756324843936,1.6303259908122252e-05,2.3721243166317877e-05,5.985019389506657e-05,7.780525206358655e-05,0.0007174015707163441
26495,primer-cosmos-west,5.019624,3162277660.1683793,70.6762484733498,201513.03755090426,5.304303149500682,0.4836864613690539,0.0379358632191581,-2.7637849017037763,-0.737135959214906,2.1417810258068646e-06,1.455,3.671056845830528,7.86259989705822e-06,1.3,2.414691786822355,2.468148201284582e-05,4.650818404765037e-06,6.766940778933129e-06,1.7073418743527304e-05,2.2195444366585497e-05,5.359515721686651e-05
28491,primer-cosmos-west,5.5851088,6456542290.346562,79.56627634394629,324632.5474047106,5.511392059697399,0.4767846246713418,0.0369712452976726,-2.776145406862951,-0.7494964643740807,3.884360435253683e-06,1.455,3.671056845830528,1.4259707967511282e-05,1.3,3.8926453954516096,7.216038252828265e-05,8.434781513769939e-06,1.2272607102535262e-05,3.0964562419209915e-05,4.0253931144972897e-05,0.00015669427972030486
28500,primer-cosmos-west,5.42897,2454708915.685034,75.64182650308877,136560.8191254051,5.135326113119686,0.2827961729428541,0.0176762112237641,-3.0102108633102995,-0.9835619208214292,1.5534116168638893e-06,1.455,3.671056845830528,5.70266235048085e-06,1.3,1.789216720293874,1.3264288475971913e-05,3.3731904666419774e-06,4.9079921289640765e-06,1.2383173954856302e-05,1.6098126141313195e-05,2.8803036457437474e-05
29372,primer-cosmos-west,5.3858166,2511886431.509582,93.85081376475873,90776.62708432063,4.957974041968396,0.092713590022699,0.0240589473584446,-1.4646669402322765,0.5619820022565938,1.2811810696565619e-06,1.455,3.671056845830528,4.7032885365112e-06,1.3,1.4277284824356278,8.729524706097026e-06,2.782049344353752e-06,4.047881796034709e-06,1.0213061291028173e-05,1.3276979678336626e-05,1.895592204748022e-05
29568,primer-cosmos-west,4.3603206,1096478196.1431828,94.09757458873746,39417.88049272446,4.595693268470539,0.102321798516941,0.0135168050322277,-2.1977352890729707,-0.17108634658410038,5.577892323034278e-07,1.455,3.671056845830528,2.0476759797780532e-06,1.3,1.122390303190349,2.9877791629122897e-06,1.2112239282721486e-06,1.7623308156359764e-06,4.446471893717215e-06,5.7804134618323795e-06,6.48788001799162e-06
30073,primer-cosmos-west,6.004138,3235936569.296281,87.42338542566257,134770.51460929262,5.129594886686175,0.1483744565906915,0.0272484766504912,-1.8400422842813522,0.1866066582075181,1.7718254496639796e-06,1.455,3.671056845830528,6.5044719466057055e-06,1.3,1.7737478191756852,1.4998480809235682e-05,3.8474700784240705e-06,5.598068964107023e-06,1.4124281370526802e-05,1.836156578168484e-05,3.2568787261914375e-05
30145,primer-cosmos-west,5.6646295,5495408738.576248,149.96190821601851,77783.63077444608,4.890888211227293,0.1785351625685437,0.0271329770197965,-2.0455657908433196,-0.01891684835444929,1.7541535134931675e-06,1.455,3.671056845830528,6.4395972643467655e-06,1.3,1.3392652862716705,1.121162779582253e-05,3.8090959566064195e-06,5.542234616862341e-06,1.3983407787925379e-05,1.8178430124302994e-05,2.434574042439421e-05
31319,primer-cosmos-west,6.3338737,38904514499.42805,130.8597623509306,723165.789203477,5.859237872788685,0.4927918206494132,0.1447580339479599,-1.3300520369004378,0.6965969055884325,1.42312296993812e-05,1.455,3.671056845830528,5.2243653212500076e-05,1.3,10.617538136987832,0.0007211086745190724,3.090272264569464e-05,4.4963461449485695e-05,0.00011344565152327937,0.00014747934698026318,0.0015658675909810055
31661,primer-cosmos-west,4.4626226,3235936569.296281,122.35028415048204,68808.19456463416,4.837640162687208,0.3731279340534352,0.0907542760863553,-1.5349766664797573,0.491672276009113,1.2660287654294075e-06,1.455,3.671056845830528,4.647663566347998e-06,1.3,1.2822717085378859,7.747437752509431e-06,2.74914653378389e-06,4.00000820665556e-06,1.0092273203038616e-05,1.31199551639502e-05,1.6823347324018882e-05
32535,primer-cosmos-west,5.7491784,26915348039.26914,81.89057825756488,1277562.7826397596,6.106382251651394,0.3174112312721148,0.1062767045157801,-1.1879605266075335,0.8386884158813368,1.573311140486404e-05,1.455,3.671056845830528,5.775714632904049e-05,1.3,23.582940246713395,0.001770708329907977,3.4164017331507845e-05,4.970864521734392e-05,0.0001254180497059047,0.0001630434646176761,0.0038450442836957853
33230,primer-cosmos-west,4.7521863,1318256738.5564048,102.99714741537544,39554.84926018769,4.597199733796823,0.071919217596356,0.0234851223250302,-1.2151303187383995,0.8115186237504708,6.126654063604322e-07,1.455,3.671056845830528,2.249129534223007e-06,1.3,1.1230287775150276,3.283588348678829e-06,1.3303860261767454e-06,1.9357116680871647e-06,4.883922728993413e-06,6.349099547691437e-06,7.13022150336513e-06
36162,primer-cosmos-west,6.410995,18620871366.628654,133.52391874334594,332454.3253859621,5.521731987698104,0.3434540238897118,0.0783277263996637,-1.604882720878679,0.4217662216101914,6.67558739432483e-06,1.455,3.671056845830528,2.4506460803876145e-05,1.3,3.9978168026724528,0.0001273640430085009,1.4495853844090903e-05,2.1091467343152264e-05,5.321510349050868e-05,6.917963453766129e-05,0.0002765675053574019
42656,primer-cosmos-west,5.6853933,17378008287.493763,137.01309082108364,294663.26742765197,5.469326000295916,0.2898292024245669,0.0884484564663009,-1.2886297084049034,0.7380192340839669,6.071367090064914e-06,1.455,3.671056845830528,2.2288333719532972e-05,1.3,3.501474663159777,0.00010145464654389273,1.3183806124120975e-05,1.918243791059602e-05,4.8398501726056744e-05,6.291805224387376e-05,0.00022030596578728712
43505,primer-cosmos-west,4.6754527,2398832919.019495,109.58652388039856,63582.24013154862,4.803335824925591,0.2077102761519006,0.0316444902507751,-2.042899697373895,-0.016250754885024588,1.04783138999947e-06,1.455,3.671056845830528,3.846648597533672e-06,1.3,1.2507326237634282,6.254467561015962e-06,2.27533695320892e-06,3.3106152669189785e-06,8.35289129864878e-06,1.0858758688243415e-05,1.3581403744960608e-05
44446,primer-cosmos-west,7.1314645,20417379446.695316,108.95758931533,547438.2711676807,5.7383351554707875,0.2203831928695332,0.036985065465734,-1.937880197461448,0.08876874502742238,8.969971636527343e-06,1.455,3.671056845830528,3.292927578317936e-05,1.3,7.334463545392094,0.0003139741446502593,1.9478045922862527e-05,2.834055681776498e-05,7.150501382852588e-05,9.295651797708365e-05,0.0006817861924095049
46914,primer-cosmos-west,5.654763,1949844599.7580414,113.61711005427549,48079.79977679936,4.681962650425377,0.1357305040745256,0.0137225431413186,-2.4881071429280133,-0.461458200439143,8.214947972296653e-07,1.455,3.671056845830528,3.0157540991841242e-06,1.3,1.1648735858580137,4.566863979057399e-06,1.7838532867453718e-06,2.595506532214516e-06,6.548626820263884e-06,8.51321486634305e-06,9.91681912853678e-06
47165,primer-cosmos-west,5.2337646,11220184543.019653,103.36663149948336,334263.84135705815,5.524089399780044,0.5199869366753537,0.0857592999455269,-1.9567780150935872,0.06987092739528311,5.1959886284919615e-06,1.455,3.671056845830528,1.907476962548299e-05,1.3,4.022325306573314,9.974240715612706e-05,1.128294594693052e-05,1.6416686352783906e-05,4.1420335959615094e-05,5.384643674749962e-05,0.00021658788519826695
50300,primer-cosmos-west,5.6961317,1023292992.2807536,150.08269342514518,14460.686041015677,4.160188897160439,0.0361195470620122,0.0096897224142075,-1.4285773995871418,0.5980715429017285,3.2637579344158684e-07,1.455,3.671056845830528,1.1981440908271076e-06,1.3,1.0271950870729656,1.599946040814043e-06,7.087160305923833e-07,1.0311818245119178e-06,2.6017368358560067e-06,3.3822578866128086e-06,3.4742386843424684e-06
50560,primer-cosmos-west,5.145899,1288249551.6931322,90.27714609838806,50314.65330068327,4.701694484476532,0.1204476543388125,0.0147577846265422,-2.2794429468166886,-0.2527940043278183,6.830786859492907e-07,1.455,3.671056845830528,2.507620686295065e-06,1.3,1.1765016764027574,3.83528592357089e-06,1.483286520067506e-06,2.1581818866982216e-06,5.44522913382196e-06,7.078797873968547e-06,8.328217565640272e-06
51657,primer-cosmos-west,4.7941256,2344228815.3199177,80.07213167615052,116382.41008247728,5.065887346453226,0.5143188459755925,0.0518810755272919,-2.4905586689632395,-0.46390972647436923,1.401416302492662e-06,1.455,3.671056845830528,5.144678911124193e-06,1.3,1.6209235440017837,1.0840870525381865e-05,3.0431368351091068e-06,4.4277640950837505e-06,1.1171528311326334e-05,1.4522986804724236e-05,2.354065124100475e-05
53626,primer-cosmos-west,5.6552424,9120108393.559114,104.23609330794172,267186.1089582233,5.426813875361847,0.2909487480419436,0.0579159938413428,-1.7525449487432552,0.2741039937456151,4.188229097746696e-06,1.455,3.671056845830528,1.5375227101189624e-05,1.3,3.1598715352776434,6.315886520512205e-05,9.094623930490125e-06,1.3232677818863132e-05,3.338688144027992e-05,4.3402945872363895e-05,0.00013714773320927897
54067,primer-cosmos-west,5.6564326,602559586.0743569,129.6591627943341,11408.898100421951,4.057243701209158,0.0968890875903879,0.0148911224344063,-2.033368579376618,-0.006719636887747793,2.22456624291921e-07,1.455,3.671056845830528,8.166509135072063e-07,1.3,1.0190577953821216,1.081878823370084e-06,4.830584219640308e-07,7.028500039576649e-07,1.773334926887147e-06,2.305335404953291e-06,2.3492700153880515e-06
55716,primer-cosmos-west,4.438319,7585775750.291851,100.42275056217166,239434.04490907965,5.379185902398424,0.7649282088433653,0.1069836707179532,-2.1357579553255746,-0.10910901283670427,3.6159002661752455e-06,1.455,3.671056845830528,1.3274175425983063e-05,1.3,2.8322551941840457,4.8874607988375974e-05,7.851827663562042e-06,1.142440925048277e-05,2.882450569660095e-05,3.747185740558124e-05,0.00010612986277268137
1498,gds,4.6633844,724435960.0749891,72.06188418034793,44405.71841943039,4.647438900702232,0.2639842770239923,0.0173095665429401,-2.9582296707598816,-0.9315807282710113,4.812191951491229e-07,1.455,3.671056845830528,1.7665830206972445e-06,1.3,1.1463408114998999,2.6326380775864305e-06,1.0449542051959407e-06,1.5204083685600937e-06,3.836086288563956e-06,4.986912175133143e-06,5.716700949720858e-06
2981,gds,4.812245,831763771.1026709,114.38734607843122,20234.57836965883,4.306094159375556,0.0561847295560008,0.0113358140459163,-1.7379139541495638,0.28873498833930644,3.4807318861984896e-07,1.455,3.671056845830528,1.277796461932957e-06,1.3,1.045014076740959,1.7359098769086531e-06,7.558313255803506e-07,1.0997345787194102e-06,2.7746997620649086e-06,3.6071096906843814e-06,3.769480403113905e-06
3099,gds,5.458368,1862087136.6628656,72.9155545516948,111483.28596912458,5.047209761056935,0.181626829523368,0.015943191399769,-2.6415118552143464,-0.6148629127254761,1.2224423091673726e-06,1.455,3.671056845830528,4.487655207701762e-06,1.3,1.5821323702974917,9.230083942090791e-06,2.654499746582294e-06,3.862297131277238e-06,9.744819466946332e-06,1.266826530703023e-05,2.0042872617769217e-05
5434,gds,4.1072683,3715352290.971728,136.0695016042382,63874.65084643369,4.805328539195503,0.6864845683178274,0.0962133106167711,-2.133489051126398,-0.10684010863752791,1.3070366381134874e-06,1.455,3.671056845830528,4.798205798097837e-06,1.3,1.252464266185862,7.812455695100363e-06,2.8381939978903247e-06,4.129572266930423e-06,1.0419171505750392e-05,1.3544922957475511e-05,1.6964531992478602e-05
14381,gds,5.44441,1513561248.436207,88.22444685490777,61897.37608355658,4.791672239059123,0.0536075598190383,0.0089458792891212,-1.9440075128375227,0.08264142965134758,8.212201776364796e-07,1.455,3.671056845830528,3.0147459550465606e-06,1.3,1.2408327066007565,4.863033998048339e-06,1.7832569578756565e-06,2.59463887370908e-06,6.54643766308435e-06,8.510368962009655e-06,1.0559944153301512e-05
14605,gds,6.9280586,35481338923.357605,128.9742241066029,678960.1412615158,5.831844279526041,0.1975415681650279,0.0997246369875122,-0.7421400824088284,1.2845088600800418,1.3168782713478316e-05,1.455,3.671056845830528,4.8343349931569284e-05,1.3,9.749304414952938,0.0006127082453979022,2.8595648329232815e-05,4.160666831903375e-05,0.00010497625055999241,0.00013646912572799012,0.0013304790499646618
16053,gds,6.9018006,5888436553.555884,86.51278858910993,250431.8174829798,5.398689505366855,0.0316598529864986,0.0152909375713085,-0.7901869466603356,1.2364619958285346,3.258128769539422e-06,1.455,3.671056845830528,1.196077592401509e-05,1.3,2.9599336347905467,4.602403384239082e-05,7.0749367297060125e-06,1.029403294172225e-05,2.5972494915405104e-05,3.3764243390026636e-05,9.993991966339423e-05
18537,gds,4.277338,5370317963.702533,154.45247659225817,71657.28914103362,4.855260374394431,0.3677325484244139,0.1003447819186911,-1.4100931950743258,0.6165557474145444,1.6643845635621566e-06,1.455,3.671056845830528,6.11005034615951e-06,1.3,1.2999837083665722,1.0325855679498969e-05,3.6141651585999827e-06,5.2586103057629755e-06,1.3267805747440642e-05,1.7248147471672838e-05,2.242231071267877e-05
22388,gds,7.18187,173780082874.93762,51.617490766362046,20761386.32351068,7.317256349780897,3.039027609559394,1.474161365440343,-0.7854740514055346,1.2411748910833356,0.0001611579249918333,1.455,3.671056845830528,0.0005916199038011124,1.3,1480.420500935325,1.1386001046531171,0.00034994998769465675,0.0005091772320957256,0.0012846862980247788,0.0016700921874322125,2.472438712726569
23636,gds,7.1328406,11748975549.395304,89.84060419451028,463345.3397946554,5.665904799359628,0.2018790045253935,0.0257149982783489,-2.2372616374010406,-0.21061269491217027,6.260022464841717e-06,1.455,3.671056845830528,2.2980898324610083e-05,1.3,5.932468347289507,0.0001772334874739361,1.3593466065355753e-05,1.9778493125092622e-05,4.990238665778921e-05,6.487310265512598e-05,0.0003848576280919977
23868,gds,8.927632,4168693834.7033467,90.87535500375512,160678.54353487247,5.205957886430092,0.0482012957081497,0.0038566865046303,-2.742110936482285,-0.7154619939934146,2.195848813958684e-06,1.455,3.671056845830528,8.061085820891871e-06,1.3,2.007265450034651,2.1034960775452607e-05,4.768225114980282e-06,6.937767542296311e-06,1.750442545080942e-05,2.2755753086052247e-05,4.5676836959152064e-05
29303,gds,5.9859753,7244359600.749891,130.32232675744794,135772.70698723043,5.132812476894959,0.1427009106583435,0.0387685594118729,-1.4148677027756484,0.6117812397132218,2.6609072112975087e-06,1.455,3.671056845830528,9.768341634153538e-06,1.3,1.7823945620545292,2.2634350711707956e-05,5.7780865936153895e-06,8.407115993710392e-06,2.1211684345293372e-05,2.7575189648881386e-05,4.914986807778852e-05
32147,gds,4.603241,11481536214.968842,104.21841686410552,336481.49419560656,5.5269611838951045,0.7729359760106792,0.1470407808374361,-1.8017643038436812,0.22488463864518904,5.2735623366783975e-06,1.455,3.671056845830528,1.9359547117977268e-05,1.3,4.052452284042192,0.00010198973321715025,1.1451395113961232e-05,1.6661779890813593e-05,4.2038722427417645e-05,5.4650339155642935e-05,0.00022146789173496567
32402,gds,4.9424376,1348962882.591656,111.45010928298252,34569.184140186175,4.538689129973524,0.0593542241531166,0.0123720129821576,-1.7025281636208214,0.3241207788680489,5.7938608020924e-07,1.455,3.671056845830528,2.126959236131046e-06,1.3,1.1005172973199344,3.0429820590735938e-06,1.2581208876321387e-06,1.8305658915047621e-06,4.618633297424343e-06,6.004223286651646e-06,6.607751583931283e-06
35367,gds,5.489472,2511886431.509582,63.37424282665511,199078.591844252,5.299024560159016,0.5067387934562625,0.0316332039183867,-3.011602430178226,-0.9849534876893555,1.8972989751713395e-06,1.455,3.671056845830528,6.9650923913899905e-06,1.3,2.389133382908888,2.1632695171508885e-05,4.119932377188037e-06,5.9945016088085944e-06,1.5124505957634983e-05,1.966185774492548e-05,4.697480070840713e-05
37563,gds,5.7131443,5623413251.903491,144.5669394743945,85646.99961341442,4.932712153359186,0.0920345170697569,0.044016996191488,-0.8008258392467782,1.225823103242092,1.8619995373261433e-06,1.455,3.671056845830528,6.835506148434414e-06,1.3,1.3919903159366305,1.2369445872089802e-05,4.04328062183576e-06,5.88297330477103e-06,1.484311300640408e-05,1.9296046908325304e-05,2.685991043224778e-05
39509,gds,4.2876787,676082975.3919818,107.79712363249556,18519.778238010113,4.267635781990347,0.060372530867125,0.0119169678199175,-1.7616840390704112,0.26496490341845913,3.0022121833644026e-07,1.455,3.671056845830528,1.1021291588375706e-06,1.3,1.0394149319345103,1.4892403560010505e-06,6.519220923689368e-07,9.485466443968031e-07,2.393243060139147e-06,3.111215978180891e-06,3.233844344194452e-06
41129,gds,7.1333513,1659586907.4375632,68.40762320978455,112886.27035578659,5.052641124641451,0.1288182263516576,0.0039586570848964,-3.7810735805374893,-1.754424638048619,1.1612990061668248e-06,1.455,3.671056845830528,4.263194666644911e-06,1.3,1.5931558184586598,8.829513404903446e-06,2.521728751089912e-06,3.669115332835822e-06,9.257409595016288e-06,1.2034632473521175e-05,1.917304474820179e-05
44531,gds,7.1240745,3890451449.942805,98.9594943584412,126454.76306073046,5.101935192178124,0.109727092416687,0.016045085866518,-2.0874295642023797,-0.0607806217135094,1.8818763661797914e-06,1.455,3.671056845830528,6.908475117071e-06,1.3,1.703250251577542,1.529692057551888e-05,4.086442607280133e-06,5.9457739935925935e-06,1.5001563108549282e-05,1.9502032041114066e-05,3.321684098030082e-05
45202,gds,7.1312556,3981071705.5349693,89.27772862245315,158987.82284486992,5.201363862221082,0.2138231328500452,0.0102181115234466,-3.3017101249387686,-1.2750611824498983,2.1345455319290344e-06,1.455,3.671056845830528,7.836037987725047e-06,1.3,1.9914091008010222,2.0286184571871647e-05,4.635106729440105e-06,6.744080291335352e-06,1.7015740290266244e-05,2.212046237734612e-05,4.405089009217368e-05
