rank,pair_type,score,source_1_id,source_2_id,s1_sample,s2_sample,s1_field,s2_field,same_field,s1_z,s2_z,delta_z,s1_logSigma,s2_logSigma,delta_logSigma,s1_Sigma_rank,s2_Sigma_rank,s1_color_AB,s2_color_AB,delta_color,s1_flux_ratio,s2_flux_ratio,s1_Av,s2_Av,delta_Av,sep_arcmin,sep_deg,higher_z_bluer,higher_z_lower_Sigma
1,III,367.82,20897,47021,A,A,ceers-full,ceers-full,True,4.5331,8.0231,3.49,-3.869,-5.003,1.134,53,234,-3.669,-1.44,-2.229,29.349,3.767,1.3,0.9,0.4,2.38,0.0397,True,True
2,III,359.9295,20897,67137,A,A,ceers-full,ceers-full,True,4.5331,7.4965,2.9633,-3.869,-4.25,0.381,53,108,-3.669,-0.488,-3.181,29.349,1.568,1.3,3.9,-2.6,4.4,0.0733,True,True
3,III,347.74,7991,36327,A,A,primer-uds-north,primer-uds-north,True,5.6557,7.8617,2.206,-4.123,-5.129,1.005,91,251,-4.056,-1.766,-2.29,41.912,5.086,2.4000000000000004,0.7000000000000001,1.7,3.09,0.0515,True,True
4,III,336.55899999999997,52856,68006,A,A,primer-uds-north,primer-uds-north,True,6.3209,5.1603,1.1606,-5.287,-3.797,1.49,272,47,-0.498,-3.087,2.589,1.582,17.174,0.0,1.4,-1.4,3.67,0.0611,True,True
5,III,335.80899999999997,14605,35367,A,A,gds,gds,True,6.9281,5.4895,1.4386,-4.925,-3.899,1.026,223,56,-0.742,-3.012,2.269,1.981,16.019,2.5,2.3000000000000003,0.2,3.6,0.06,True,True
6,III,334.532,43738,52856,A,A,primer-uds-north,primer-uds-north,True,5.0901,6.3209,1.2308,-4.063,-5.287,1.224,78,272,-2.685,-0.498,-2.187,11.862,1.582,1.7000000000000002,0.0,1.7,2.39,0.0399,True,True
7,III,330.8765,20897,72956,A,A,ceers-full,ceers-full,True,4.5331,8.9042,4.3711,-3.869,-4.596,0.727,53,175,-3.669,-1.699,-1.97,29.349,4.784,1.3,2.1,-0.8,4.8,0.08,True,True
8,III,329.994,7991,48927,A,A,primer-uds-north,primer-uds-north,True,5.6557,7.9073,2.2516,-4.123,-5.073,0.949,91,242,-4.056,-1.601,-2.455,41.912,4.368,2.4000000000000004,2.8000000000000003,-0.4,4.21,0.0701,True,True
9,III,325.6105,32237,52856,A,A,primer-uds-north,primer-uds-north,True,4.6122,6.3209,1.7087,-3.896,-5.287,1.391,55,272,-2.263,-0.498,-1.765,8.04,1.582,1.2000000000000002,0.0,1.2,2.77,0.0461,True,True
10,III,324.677,21488,55634,A,A,primer-uds-south,primer-uds-south,True,5.414,6.8798,1.4658,-3.634,-4.423,0.788,44,127,-2.732,-0.551,-2.181,12.377,1.661,2.1,0.1,2.0,3.73,0.0622,True,True
11,III,322.36,20897,59626,A,A,ceers-full,ceers-full,True,4.5331,6.3671,1.834,-3.869,-4.189,0.32,53,100,-3.669,-1.364,-2.305,29.349,3.511,1.3,0.9,0.4,3.57,0.0595,True,True
12,III,321.4845,16053,35367,A,A,gds,gds,True,6.9018,5.4895,1.4123,-5.374,-3.899,1.475,284,56,-0.79,-3.012,2.221,2.07,16.019,2.0,2.3000000000000003,-0.3,2.37,0.0396,True,True
13,III,320.6085,61378,66007,A,A,primer-uds-north,primer-uds-north,True,7.4583,4.5963,2.8619,-5.262,-4.557,0.706,267,163,-1.003,-2.733,1.73,2.52,12.397,2.2,0.7000000000000001,1.5,0.98,0.0164,True,True
14,III,320.5885,7991,33774,A,A,primer-uds-north,primer-uds-north,True,5.6557,7.1376,1.4819,-4.123,-5.07,0.947,91,241,-4.056,-1.556,-2.499,41.912,4.193,2.4000000000000004,2.9000000000000004,-0.5,3.83,0.0638,True,True
15,III,319.376,1498,16053,A,A,gds,gds,True,4.6634,6.9018,2.2384,-4.294,-5.374,1.08,114,284,-2.958,-0.79,-2.168,15.251,2.07,1.4,2.0,-0.6,4.91,0.0819,True,True
16,III,318.679,61378,70423,A,A,primer-uds-north,primer-uds-north,True,7.4583,5.4777,1.9806,-5.262,-4.663,0.599,267,186,-1.003,-3.024,2.02,2.52,16.198,2.2,0.6000000000000001,1.6,1.33,0.0222,True,True
17,III,317.6045,14076,20897,A,A,ceers-full,ceers-full,True,5.6614,4.5331,1.1283,-4.855,-3.869,0.986,218,53,-1.647,-3.669,2.022,4.557,29.349,1.9,1.3,0.6,1.44,0.0239,True,True
18,III,316.373,1072,7991,A,A,primer-uds-north,primer-uds-north,True,8.906,5.6557,3.2502,-4.592,-4.123,0.469,174,91,-2.385,-4.056,1.671,8.992,41.912,2.7,2.4000000000000004,0.3,4.76,0.0794,True,True
19,III,315.675,20010,22239,A,A,ceers-full,ceers-full,True,8.9344,7.1314,1.803,-4.968,-4.707,0.261,228,193,-1.495,-3.712,2.216,3.964,30.528,3.7,2.8000000000000003,0.9,4.09,0.0682,True,True
20,III,315.42150000000004,14419,52856,A,A,primer-uds-north,primer-uds-north,True,4.8168,6.3209,1.5041,-4.606,-5.287,0.682,178,272,-2.546,-0.498,-2.048,10.429,1.582,0.9,0.0,0.9,3.83,0.0639,True,True
21,III,314.8505,40589,41913,A,A,ceers-full,ceers-full,True,8.0067,5.246,2.7607,-4.478,-3.38,1.098,140,39,-2.066,-3.476,1.41,6.703,24.568,3.3000000000000003,2.3000000000000003,1.0,2.39,0.0399,True,True
22,III,314.13349999999997,56783,61378,A,A,primer-uds-north,primer-uds-north,True,5.3134,7.4583,2.1449,-4.576,-5.262,0.687,169,267,-3.33,-1.003,-2.327,21.479,2.52,1.8,2.2,-0.4,0.5,0.0084,True,True
23,III,313.97400000000005,18804,52856,A,A,primer-uds-north,primer-uds-north,True,4.3173,6.3209,2.0036,-4.229,-5.287,1.059,103,272,-2.141,-0.498,-1.643,7.184,1.582,1.5,0.0,1.5,3.61,0.0602,True,True
24,III,313.6205,20010,36985,A,A,ceers-full,ceers-full,True,8.9344,5.6537,3.2807,-4.968,-4.161,0.807,228,97,-1.495,-2.899,1.404,3.964,14.441,3.7,2.0,1.7,2.71,0.0451,True,True
25,III,312.1855,44681,52856,A,A,primer-uds-north,primer-uds-north,True,4.5812,6.3209,1.7397,-4.45,-5.287,0.838,129,272,-2.317,-0.498,-1.819,8.448,1.582,0.8,0.0,0.8,2.0,0.0333,True,True
26,III,311.41100000000006,3099,16053,A,A,gds,gds,True,5.4584,6.9018,1.4434,-4.466,-5.374,0.907,134,284,-2.642,-0.79,-1.851,11.392,2.07,2.7,2.0,0.7,4.49,0.0748,True,True
27,I_conflict,311.3,27072,40799,A,A,primer-cosmos-east,primer-cosmos-east,True,4.9571,7.6812,2.724,-2.262,-4.551,2.288,37,160,0.1,-2.636,2.736,0.912,11.337,0.0,2.6,-2.6,4.74,0.0789,False,True
28,III,310.8865,20897,41179,A,A,ceers-full,ceers-full,True,4.5331,7.2423,2.7091,-3.869,-4.229,0.36,53,104,-3.669,-1.38,-2.289,29.349,3.564,1.3,2.1,-0.8,2.07,0.0345,True,True
29,III,310.2685,48927,56783,A,A,primer-uds-north,primer-uds-north,True,7.9073,5.3134,2.5939,-5.073,-4.576,0.497,242,169,-1.601,-3.33,1.729,4.368,21.479,2.8000000000000003,1.8,1.0,3.69,0.0615,True,True
30,III,310.26149999999996,55902,68006,A,A,primer-uds-north,primer-uds-north,True,8.6704,5.1603,3.5101,-4.714,-3.797,0.917,195,47,-1.885,-3.087,1.202,5.677,17.174,2.9000000000000004,1.4,1.5,4.35,0.0725,True,True
31,III,309.2745,23575,52856,A,A,primer-uds-north,primer-uds-north,True,5.6606,6.3209,0.6603,-4.518,-5.287,0.769,146,272,-2.624,-0.498,-2.126,11.212,1.582,2.0,0.0,2.0,3.11,0.0519,True,True
32,III,308.938,42093,47021,A,A,ceers-full,ceers-full,True,6.4459,8.0231,1.5772,-3.857,-5.003,1.146,52,234,-3.058,-1.44,-1.618,16.711,3.767,1.7000000000000002,0.9,0.8,1.28,0.0213,True,True
33,III,308.7305,1498,14605,A,A,gds,gds,True,4.6634,6.9281,2.2647,-4.294,-4.925,0.632,114,223,-2.958,-0.742,-2.216,15.251,1.981,1.4,2.5,-1.1,3.04,0.0506,True,True
34,III,307.47249999999997,32025,52856,A,A,primer-uds-north,primer-uds-north,True,4.0433,6.3209,2.2775,-4.381,-5.287,0.907,122,272,-2.02,-0.498,-1.522,6.426,1.582,0.6000000000000001,0.0,0.6,4.38,0.073,True,True
35,III,306.916,24081,52856,A,A,primer-uds-north,primer-uds-north,True,5.6564,6.3209,0.6644,-4.252,-5.287,1.035,110,272,-2.416,-0.498,-1.918,9.254,1.582,1.8,0.0,1.8,3.71,0.0619,True,True
36,III,306.6715,28748,47021,A,A,ceers-full,ceers-full,True,4.753,8.0231,3.2701,-3.889,-5.003,1.114,54,234,-2.524,-1.44,-1.084,10.224,3.767,1.3,0.9,0.4,1.89,0.0314,True,True
37,III,306.572,56783,61010,A,A,primer-uds-north,primer-uds-north,True,5.3134,7.1342,1.8208,-4.576,-5.287,0.712,169,273,-3.33,-1.572,-1.758,21.479,4.253,1.8,1.0,0.8,0.44,0.0074,True,True
38,III,306.028,61378,67270,A,A,primer-uds-north,primer-uds-north,True,7.4583,5.6651,1.7932,-5.262,-4.106,1.156,267,84,-1.003,-2.492,1.489,2.52,9.928,2.2,1.3,0.9,0.97,0.0161,True,True
39,III,305.685,46085,52856,A,A,primer-uds-north,primer-uds-north,True,4.7858,6.3209,1.535,-3.966,-5.287,1.322,61,272,-1.958,-0.498,-1.46,6.071,1.582,1.3,0.0,1.3,4.11,0.0684,True,True
40,III,304.79549999999995,35367,52017,A,A,gds,gds,True,5.4895,6.3311,0.8417,-3.899,-5.333,1.434,56,278,-3.012,-1.429,-1.583,16.019,3.729,2.3000000000000003,-99.0,101.3,2.15,0.0359,True,True
41,III,304.1905,44053,52856,A,A,primer-uds-north,primer-uds-north,True,5.4381,6.3209,0.8827,-4.897,-5.287,0.39,222,272,-2.683,-0.498,-2.185,11.832,1.582,2.5,0.0,2.5,3.7,0.0617,True,True
42,III,303.9995,14487,16563,A,A,primer-cosmos-east,primer-cosmos-east,True,7.1693,5.022,2.1473,-5.535,-4.017,1.518,288,70,-1.641,-2.766,1.125,4.531,12.775,2.0,1.8,0.2,0.77,0.0128,True,True
43,III,303.751,36985,47021,A,A,ceers-full,ceers-full,True,5.6537,8.0231,2.3694,-4.161,-5.003,0.842,97,234,-2.899,-1.44,-1.459,14.441,3.767,2.0,0.9,1.1,4.2,0.0699,True,True
44,III,303.0955,17986,55634,A,A,primer-uds-south,primer-uds-south,True,4.9401,6.8798,1.9397,-3.587,-4.423,0.835,43,127,-2.13,-0.551,-1.579,7.113,1.661,0.9,0.1,0.8,3.99,0.0664,True,True
45,III,302.32849999999996,20632,47021,A,A,ceers-full,ceers-full,True,5.6531,8.0231,2.3699,-4.107,-5.003,0.896,85,234,-2.838,-1.44,-1.398,13.655,3.767,2.0,0.9,1.1,3.82,0.0636,True,True
46,III,301.029,42093,67137,A,A,ceers-full,ceers-full,True,6.4459,7.4965,1.0506,-3.857,-4.25,0.394,52,108,-3.058,-0.488,-2.569,16.711,1.568,1.7000000000000002,3.9,-2.2,3.6,0.06,True,True
47,III,300.9735,13074,18540,A,A,primer-cosmos-west,primer-cosmos-west,True,5.2148,8.9337,3.7189,-3.796,-4.869,1.073,46,219,-2.885,-2.025,-0.86,14.255,6.458,2.5,1.7000000000000002,0.8,1.61,0.0269,True,True
48,III,300.8845,33774,56783,A,A,primer-uds-north,primer-uds-north,True,7.1376,5.3134,1.8243,-5.07,-4.576,0.494,241,169,-1.556,-3.33,1.774,4.193,21.479,2.9000000000000004,1.8,1.1,2.92,0.0486,True,True
49,III,300.7655,3099,14605,A,A,gds,gds,True,5.4584,6.9281,1.4697,-4.466,-4.925,0.459,134,223,-2.642,-0.742,-1.899,11.392,1.981,2.7,2.5,0.2,2.61,0.0435,True,True
50,III_weak,300.71799999999996,16083,27072,A,A,primer-cosmos-east,primer-cosmos-east,True,4.5779,4.9571,0.3792,-4.498,-2.262,2.236,142,37,-2.059,0.1,-2.159,6.663,0.912,1.0,0.0,1.0,4.54,0.0757,True,False
51,III,300.39700000000005,52141,68006,A,A,primer-uds-north,primer-uds-north,True,7.1301,5.1603,1.9698,-4.607,-3.797,0.81,179,47,-1.557,-3.087,1.531,4.194,17.174,3.0,1.4,1.6,1.79,0.0298,True,True
52,III,300.363,20010,71380,A,A,ceers-full,ceers-full,True,8.9344,7.1263,1.8082,-4.968,-3.934,1.033,228,58,-1.495,-2.94,1.445,3.964,14.996,3.7,3.4000000000000004,0.3,4.97,0.0828,True,True
53,III,299.0145,52856,61298,A,A,primer-uds-north,primer-uds-north,True,6.3209,5.2426,1.0783,-5.287,-4.394,0.893,272,124,-0.498,-2.719,2.221,1.582,12.237,0.0,1.6,-1.6,0.99,0.0165,True,True
54,III,298.945,24100,52856,A,A,primer-uds-north,primer-uds-north,True,4.9919,6.3209,1.329,-4.26,-5.287,1.027,111,272,-2.062,-0.498,-1.564,6.681,1.582,1.3,0.0,1.3,4.35,0.0725,True,True
55,III,298.7825,28748,67137,A,A,ceers-full,ceers-full,True,4.753,7.4965,2.7435,-3.889,-4.25,0.361,54,108,-2.524,-0.488,-2.036,10.224,1.568,1.3,3.9,-2.6,4.18,0.0697,True,True
56,III_weak,297.7945,16408,27072,A,A,primer-cosmos-east,primer-cosmos-east,True,4.5749,4.9571,0.3823,-4.505,-2.262,2.242,144,37,-1.996,0.1,-2.096,6.287,0.912,1.1,0.0,1.1,4.23,0.0706,True,False
57,III,296.31399999999996,18540,21037,A,A,primer-cosmos-west,primer-cosmos-west,True,8.9337,4.4761,4.4576,-4.869,-4.619,0.25,219,181,-2.025,-3.064,1.039,6.458,16.813,1.7000000000000002,0.7000000000000001,1.0,1.15,0.0192,True,True
58,III,295.524,20897,40589,A,A,ceers-full,ceers-full,True,4.5331,8.0067,3.4736,-3.869,-4.478,0.609,53,140,-3.669,-2.066,-1.603,29.349,6.703,1.3,3.3000000000000003,-2.0,4.42,0.0737,True,True
59,III,295.334,8118,13074,A,A,primer-cosmos-west,primer-cosmos-west,True,5.6424,5.2148,0.4276,-5.08,-3.796,1.284,248,46,-1.277,-2.885,1.608,3.242,14.255,3.9,2.5,1.4,2.2,0.0367,True,True
60,III,293.949,8559,16999,A,A,primer-uds-north,primer-uds-north,True,7.9365,4.2059,3.7306,-4.517,-4.034,0.483,145,72,-1.912,-2.982,1.07,5.818,15.582,3.9,1.1,2.8,2.71,0.0451,True,True
61,III,293.75399999999996,16999,54143,A,A,primer-uds-north,primer-uds-north,True,4.2059,4.7315,0.5256,-4.034,-5.073,1.039,72,243,-2.982,-1.287,-1.694,15.582,3.272,1.1,0.9,0.2,4.4,0.0734,True,True
62,III,293.53650000000005,41913,59162,A,A,ceers-full,ceers-full,True,5.246,7.8411,2.5951,-3.38,-4.082,0.702,39,80,-3.476,-1.705,-1.771,24.568,4.808,2.3000000000000003,3.9,-1.6,2.97,0.0494,True,True
63,III,292.63149999999996,13736,47021,A,A,ceers-full,ceers-full,True,5.357,8.0231,2.6661,-4.06,-5.003,0.943,77,234,-2.527,-1.44,-1.087,10.254,3.767,1.4,0.9,0.5,2.89,0.0482,True,True
64,III,291.97299999999996,15257,16999,A,A,primer-uds-north,primer-uds-north,True,6.9201,4.2059,2.7142,-4.731,-4.034,0.697,201,72,-1.774,-2.982,1.207,5.126,15.582,1.3,1.1,0.2,4.56,0.0759,True,True
65,III,291.79499999999996,48927,66007,A,A,primer-uds-north,primer-uds-north,True,7.9073,4.5963,3.311,-5.073,-4.557,0.516,242,163,-1.601,-2.733,1.133,4.368,12.397,2.8000000000000003,0.7000000000000001,2.1,3.44,0.0573,True,True
66,III,290.67449999999997,8118,21037,A,A,primer-cosmos-west,primer-cosmos-west,True,5.6424,4.4761,1.1663,-5.08,-4.619,0.461,248,181,-1.277,-3.064,1.787,3.242,16.813,3.9,0.7000000000000001,3.2,3.95,0.0658,True,True
67,III,289.86400000000003,48927,70423,A,A,primer-uds-north,primer-uds-north,True,7.9073,5.4777,2.4296,-5.073,-4.663,0.409,242,186,-1.601,-3.024,1.423,4.368,16.198,2.8000000000000003,0.6000000000000001,2.2,3.88,0.0646,True,True
68,III,289.80649999999997,36886,47021,A,A,ceers-full,ceers-full,True,4.4499,8.0231,3.5731,-4.236,-5.003,0.767,105,234,-2.303,-1.44,-0.864,8.344,3.767,1.3,0.9,0.4,4.21,0.0701,True,True
69,III,289.37350000000004,52581,55634,A,A,primer-uds-south,primer-uds-south,True,6.167,6.8798,0.7129,-4.052,-4.423,0.371,74,127,-2.502,-0.551,-1.951,10.017,1.661,1.3,0.1,1.2,2.01,0.0336,True,True
70,III,288.6165,19354,47021,A,A,ceers-full,ceers-full,True,5.4279,8.0231,2.5951,-4.295,-5.003,0.708,115,234,-2.609,-1.44,-1.169,11.057,3.767,1.6,0.9,0.7,3.78,0.063,True,True
71,III,288.4885,5434,37563,A,A,gds,gds,True,4.1073,5.7131,1.6059,-4.431,-5.356,0.925,128,281,-2.133,-0.801,-1.333,7.135,2.091,1.3,0.1,1.2,3.94,0.0657,True,True
72,III,288.421,61378,69921,A,A,primer-uds-north,primer-uds-north,True,7.4583,5.6549,1.8034,-5.262,-4.553,0.709,267,161,-1.003,-2.906,1.902,2.52,14.531,2.2,2.8000000000000003,-0.6,3.03,0.0505,True,True
73,III,288.0985,61010,66007,A,A,primer-uds-north,primer-uds-north,True,7.1342,4.5963,2.5379,-5.287,-4.557,0.731,273,163,-1.572,-2.733,1.162,4.253,12.397,1.0,0.7000000000000001,0.3,0.79,0.0132,True,True
74,I,287.955,33445,66511,A,A,primer-uds-south,primer-uds-south,True,4.3458,7.1308,2.785,-5.25,-4.004,1.246,266,66,-0.735,-4.011,3.276,1.968,40.221,0.0,3.2,-3.2,3.65,0.0608,False,False
75,III,287.754,13074,16152,A,A,primer-cosmos-west,primer-cosmos-west,True,5.2148,5.7144,0.4996,-3.796,-4.723,0.927,46,199,-2.885,-1.236,-1.649,14.255,3.122,2.5,0.0,2.5,3.3,0.0551,True,True
76,III,287.5795,41913,71321,A,A,ceers-full,ceers-full,True,5.246,7.1293,1.8833,-3.38,-4.476,1.096,39,139,-3.476,-2.347,-1.129,24.568,8.687,2.3000000000000003,1.9,0.4,4.8,0.0801,True,True
77,III,287.573,16053,46281,A,A,gds,gds,True,6.9018,4.7896,2.1122,-5.374,-4.676,0.698,284,188,-0.79,-2.09,1.299,2.07,6.853,2.0,-99.0,101.0,3.91,0.0652,True,True
78,III,286.9515,39711,51593,A,A,primer-uds-south,primer-uds-south,True,5.462,4.4579,1.0041,-5.308,-4.455,0.853,275,132,-1.568,-3.094,1.526,4.238,17.278,1.5,1.0,0.5,3.05,0.0509,True,True
79,III,286.649,16053,46221,A,A,gds,gds,True,6.9018,4.0452,2.8566,-5.374,-4.548,0.825,284,158,-0.79,-1.771,0.981,2.07,5.111,2.0,-99.0,101.0,3.63,0.0605,True,True
80,III,286.575,51593,60046,A,A,primer-uds-south,primer-uds-south,True,4.4579,5.4628,1.005,-4.455,-5.145,0.69,132,254,-3.094,-0.977,-2.116,17.278,2.46,1.0,1.0,0.0,1.0,0.0166,True,True
81,III,286.1675,61010,70423,A,A,primer-uds-north,primer-uds-north,True,7.1342,5.4777,1.6565,-5.287,-4.663,0.624,273,186,-1.572,-3.024,1.452,4.253,16.198,1.0,0.6000000000000001,0.4,1.24,0.0206,True,True
82,III,284.558,16999,19416,A,A,primer-uds-north,primer-uds-north,True,4.2059,5.4332,1.2272,-4.034,-5.405,1.37,72,285,-2.982,-1.38,-1.601,15.582,3.565,1.1,1.9,-0.8,2.84,0.0473,True,True
83,III,284.49,21620,22702,A,A,primer-cosmos-west,primer-cosmos-west,True,8.0871,5.4312,2.656,-4.626,-3.806,0.82,182,48,-2.061,-3.062,1.001,6.675,16.784,3.7,2.2,1.5,0.43,0.0072,True,True
84,III,284.03999999999996,22702,32535,A,A,primer-cosmos-west,primer-cosmos-west,True,5.4312,5.7492,0.318,-3.806,-4.325,0.519,48,118,-3.062,-1.188,-1.874,16.784,2.987,2.2,0.6000000000000001,1.6,3.07,0.0511,True,True
85,III,283.73749999999995,8559,10404,A,A,primer-uds-north,primer-uds-north,True,7.9365,5.656,2.2805,-4.517,-3.982,0.536,145,64,-1.912,-3.181,1.269,5.818,18.724,3.9,2.2,1.7,0.25,0.0042,True,True
86,III,283.68899999999996,55634,62395,A,A,primer-uds-south,primer-uds-south,True,6.8798,5.6592,1.2206,-4.423,-4.057,0.366,127,76,-0.551,-2.738,2.188,1.661,12.456,0.1,1.6,-1.5,0.88,0.0146,True,True
87,III,283.2555,50325,55423,A,A,primer-cosmos-east,primer-cosmos-east,True,6.4277,5.408,1.0197,-5.032,-4.095,0.937,238,82,-1.079,-2.976,1.897,2.702,15.501,0.1,1.4,-1.3,1.89,0.0315,True,True
88,III,282.61,36327,70423,A,A,primer-uds-north,primer-uds-north,True,7.8617,5.4777,2.384,-5.129,-4.663,0.465,251,186,-1.766,-3.024,1.258,5.086,16.198,0.7000000000000001,0.6000000000000001,0.1,4.66,0.0777,True,True
89,III,282.3895,33774,66007,A,A,primer-uds-north,primer-uds-north,True,7.1376,4.5963,2.5413,-5.07,-4.557,0.514,241,163,-1.556,-2.733,1.177,4.193,12.397,2.9000000000000004,0.7000000000000001,2.2,3.44,0.0573,True,True
90,III,282.35749999999996,5434,16053,A,A,gds,gds,True,4.1073,6.9018,2.7945,-4.431,-5.374,0.943,128,284,-2.133,-0.79,-1.343,7.135,2.07,1.3,2.0,-0.7,1.63,0.0271,True,True
91,III,282.3065,20010,55490,A,A,ceers-full,ceers-full,True,8.9344,7.1493,1.7851,-4.968,-3.522,1.446,228,40,-1.495,-2.338,0.843,3.964,8.618,3.7,2.7,1.0,3.21,0.0536,True,True
92,III,282.265,6756,20897,A,A,ceers-full,ceers-full,True,7.1361,4.5331,2.603,-4.153,-3.869,0.284,95,53,-2.375,-3.669,1.294,8.91,29.349,2.5,1.3,1.2,4.29,0.0715,True,True
93,III,282.232,67076,68947,A,A,primer-uds-south,primer-uds-south,True,7.9368,5.656,2.2808,-4.528,-3.973,0.554,149,62,-1.909,-3.138,1.228,5.804,17.991,3.9,2.2,1.7,0.25,0.0042,True,True
94,III,281.96549999999996,48983,67137,A,A,ceers-full,ceers-full,True,7.1368,7.4965,0.3597,-3.536,-4.25,0.714,41,108,-2.691,-0.488,-2.203,11.927,1.568,2.7,3.9,-1.2,2.28,0.0381,True,True
95,III,281.84000000000003,61378,70813,A,A,primer-uds-north,primer-uds-north,True,7.4583,4.7063,2.752,-5.262,-4.49,0.772,267,141,-1.003,-1.951,0.948,2.52,6.032,2.2,0.7000000000000001,1.5,1.17,0.0195,True,True
96,III,281.8115,10404,15257,A,A,primer-uds-north,primer-uds-north,True,5.656,6.9201,1.2641,-3.982,-4.731,0.75,64,201,-3.181,-1.774,-1.407,18.724,5.126,2.2,1.3,0.9,1.93,0.0322,True,True
97,III,281.44,29106,52856,A,A,primer-uds-north,primer-uds-north,True,5.2048,6.3209,1.116,-4.528,-5.287,0.76,150,272,-1.936,-0.498,-1.438,5.948,1.582,1.1,0.0,1.1,4.01,0.0669,True,True
98,III,281.2775,18540,22702,A,A,primer-cosmos-west,primer-cosmos-west,True,8.9337,5.4312,3.5025,-4.869,-3.806,1.063,219,48,-2.025,-3.062,1.037,6.458,16.784,1.7000000000000002,2.2,-0.5,1.27,0.0211,True,True
99,III,280.6565,19416,43738,A,A,primer-uds-north,primer-uds-north,True,5.4332,5.0901,0.3431,-5.405,-4.063,1.342,285,78,-1.38,-2.685,1.305,3.565,11.862,1.9,1.7000000000000002,0.2,3.21,0.0535,True,True
100,III,280.46000000000004,33774,70423,A,A,primer-uds-north,primer-uds-north,True,7.1376,5.4777,1.66,-5.07,-4.663,0.407,241,186,-1.556,-3.024,1.467,4.193,16.198,2.9000000000000004,0.6000000000000001,2.3,4.04,0.0674,True,True
101,III,279.742,20010,63106,A,A,ceers-full,ceers-full,True,8.9344,5.6557,3.2788,-4.968,-3.95,1.017,228,60,-1.495,-2.097,0.601,3.964,6.896,3.7,2.2,1.5,4.87,0.0811,True,True
102,III,279.014,22773,52856,A,A,primer-uds-north,primer-uds-north,True,4.4013,6.3209,1.9196,-4.533,-5.287,0.754,153,272,-1.65,-0.498,-1.152,4.573,1.582,1.3,0.0,1.3,4.27,0.0711,True,True
103,III,278.463,18892,36327,A,A,primer-uds-north,primer-uds-north,True,4.7295,7.8617,3.1322,-4.592,-5.129,0.536,172,251,-2.674,-1.766,-0.908,11.736,5.086,1.0,0.7000000000000001,0.3,1.77,0.0296,True,True
104,III,278.33799999999997,15257,42859,A,A,primer-uds-north,primer-uds-north,True,6.9201,6.5809,0.3392,-4.731,-4.421,0.31,201,126,-1.774,-3.653,1.879,5.126,28.92,1.3,1.2000000000000002,0.1,3.17,0.0528,True,True
105,III_weak,278.159,5434,22388,A,A,gds,gds,True,4.1073,7.1819,3.0746,-4.431,-2.943,1.488,128,38,-2.133,-0.785,-1.348,7.135,2.062,1.3,0.2,1.1,2.86,0.0477,True,False
106,III,278.0145,36327,56783,A,A,primer-uds-north,primer-uds-north,True,7.8617,5.3134,2.5483,-5.129,-4.576,0.553,251,169,-1.766,-3.33,1.564,5.086,21.479,0.7000000000000001,1.8,-1.1,4.07,0.0679,True,True
107,III,277.911,48983,72956,A,A,ceers-full,ceers-full,True,7.1368,8.9042,1.7674,-3.536,-4.596,1.06,41,175,-2.691,-1.699,-0.992,11.927,4.784,2.7,2.1,0.6,2.32,0.0386,True,True
108,III,277.163,48927,67270,A,A,primer-uds-north,primer-uds-north,True,7.9073,5.6651,2.2422,-5.073,-4.106,0.966,242,84,-1.601,-2.492,0.891,4.368,9.928,2.8000000000000003,1.3,1.5,4.89,0.0814,True,True
109,III,277.101,31581,52856,A,A,primer-uds-north,primer-uds-north,True,4.1634,6.3209,2.1574,-5.06,-5.287,0.228,240,272,-2.356,-0.498,-1.858,8.757,1.582,0.0,0.0,0.0,2.27,0.0378,True,True
110,III,277.006,41179,42093,A,A,ceers-full,ceers-full,True,7.2423,6.4459,0.7964,-4.229,-3.857,0.372,104,52,-1.38,-3.058,1.678,3.564,16.711,2.1,1.7000000000000002,0.4,0.23,0.0038,True,True
111,III,276.976,14605,46281,A,A,gds,gds,True,6.9281,4.7896,2.1384,-4.925,-4.676,0.25,223,188,-0.742,-2.09,1.348,1.981,6.853,2.5,-99.0,101.5,3.9,0.0649,True,True
112,III,276.5915,6756,41913,A,A,ceers-full,ceers-full,True,7.1361,5.246,1.8901,-4.153,-3.38,0.773,95,39,-2.375,-3.476,1.101,8.91,24.568,2.5,2.3000000000000003,0.2,3.67,0.0612,True,True
113,III,276.044,18893,32928,A,A,primer-cosmos-east,primer-cosmos-east,True,4.8477,4.4581,0.3896,-5.582,-4.027,1.555,292,71,-0.496,-2.067,1.571,1.58,6.712,0.1,1.7000000000000002,-1.6,4.28,0.0714,True,True
114,III,276.00199999999995,14605,46221,A,A,gds,gds,True,6.9281,4.0452,2.8828,-4.925,-4.548,0.377,223,158,-0.742,-1.771,1.029,1.981,5.111,2.5,-99.0,101.5,4.21,0.0701,True,True
115,III_weak,275.86400000000003,2981,22388,A,A,gds,gds,True,4.8122,7.1819,2.3696,-5.367,-2.943,2.424,283,38,-1.738,-0.785,-0.952,4.956,2.062,2.2,0.2,2.0,4.59,0.0765,True,False
116,III,275.56100000000004,20010,22049,A,A,ceers-full,ceers-full,True,8.9344,7.135,1.7994,-4.968,-4.149,0.819,228,94,-1.495,-2.575,1.08,3.964,10.714,3.7,2.5,1.2,4.39,0.0731,True,True
117,III,275.202,33774,69921,A,A,primer-uds-north,primer-uds-north,True,7.1376,5.6549,1.4828,-5.07,-4.553,0.517,241,161,-1.556,-2.906,1.349,4.193,14.531,2.9000000000000004,2.8000000000000003,0.1,3.85,0.0641,True,True
118,III,275.073,23868,35367,A,A,gds,gds,True,8.9276,5.4895,3.4382,-5.234,-3.899,1.335,261,56,-2.742,-3.012,0.269,12.498,16.019,2.6,2.3000000000000003,0.3,1.71,0.0286,True,True
119,III,274.2805,1544,14419,A,A,primer-uds-north,primer-uds-north,True,5.4635,4.8168,0.6467,-5.142,-4.606,0.536,252,178,-0.976,-2.546,1.57,2.456,10.429,1.0,0.9,0.1,1.97,0.0329,True,True
120,III,273.94,7242,13074,A,A,primer-cosmos-west,primer-cosmos-west,True,5.6588,5.2148,0.444,-5.357,-3.796,1.561,282,46,-1.376,-2.885,1.509,3.55,14.255,2.0,2.5,-0.5,4.08,0.0679,True,True
121,III_weak,273.073,22388,46281,A,A,gds,gds,True,7.1819,4.7896,2.3922,-2.943,-4.676,1.733,38,188,-0.785,-2.09,1.304,2.062,6.853,0.2,-99.0,99.2,3.73,0.0621,True,False
122,III,272.93850000000003,32147,37563,A,A,gds,gds,True,4.6032,5.7131,1.1099,-4.148,-5.356,1.208,93,281,-1.802,-0.801,-1.001,5.257,2.091,2.6,0.1,2.5,3.93,0.0655,True,True
123,III,272.717,55902,61298,A,A,primer-uds-north,primer-uds-north,True,8.6704,5.2426,3.4278,-4.714,-4.394,0.32,195,124,-1.885,-2.719,0.834,5.677,12.237,2.9000000000000004,1.6,1.3,1.43,0.0238,True,True
124,III,272.348,50325,50988,A,A,primer-cosmos-east,primer-cosmos-east,True,6.4277,4.5265,1.9012,-5.032,-4.046,0.986,238,73,-1.079,-2.465,1.385,2.702,9.68,0.1,1.7000000000000002,-1.6,1.26,0.0211,True,True
125,III,272.279,35367,44531,A,A,gds,gds,True,5.4895,7.1241,1.6346,-3.899,-4.951,1.052,56,226,-3.012,-2.087,-0.924,16.019,6.839,2.3000000000000003,1.5,0.8,3.79,0.0631,True,True
126,III,272.12199999999996,32928,43445,A,A,primer-cosmos-east,primer-cosmos-east,True,4.4581,5.6969,1.2388,-4.027,-5.795,1.768,71,295,-2.067,-1.457,-0.61,6.712,3.826,1.7000000000000002,0.5,1.2,3.09,0.0515,True,True
127,III,271.9745,42093,72956,A,A,ceers-full,ceers-full,True,6.4459,8.9042,2.4583,-3.857,-4.596,0.74,52,175,-3.058,-1.699,-1.358,16.711,4.784,1.7000000000000002,2.1,-0.4,2.81,0.0469,True,True
128,III,271.735,19416,32237,A,A,primer-uds-north,primer-uds-north,True,5.4332,4.6122,0.821,-5.405,-3.896,1.509,285,55,-1.38,-2.263,0.883,3.565,8.04,1.9,1.2000000000000002,0.7,2.77,0.0461,True,True
129,III,271.682,5434,14605,A,A,gds,gds,True,4.1073,6.9281,2.8208,-4.431,-4.925,0.494,128,223,-2.133,-0.742,-1.391,7.135,1.981,1.3,2.5,-1.2,1.47,0.0245,True,True
130,III,270.90450000000004,11967,16563,A,A,primer-cosmos-east,primer-cosmos-east,True,5.4823,5.022,0.4603,-5.508,-4.017,1.49,286,70,-1.78,-2.766,0.986,5.15,12.775,3.1,1.8,1.3,2.04,0.0341,True,True
131,III,270.78200000000004,59568,66511,A,A,primer-uds-south,primer-uds-south,True,8.9016,7.1308,1.7708,-4.592,-4.004,0.589,173,66,-2.381,-4.011,1.631,8.958,40.221,2.7,3.2,-0.5,4.76,0.0794,True,True
132,I_conflict,270.625,20187,27072,A,A,primer-cosmos-east,primer-cosmos-east,True,6.6082,4.9571,1.651,-4.12,-2.262,1.857,88,37,-2.403,0.1,-2.503,9.146,0.912,2.4000000000000004,0.0,2.4,3.25,0.0541,False,True
133,III,270.3005,16563,26971,A,A,primer-cosmos-east,primer-cosmos-east,True,5.022,6.4067,1.3847,-4.017,-4.718,0.701,70,198,-2.766,-1.596,-1.17,12.775,4.347,1.8,0.5,1.3,2.98,0.0497,True,True
134,III,270.11350000000004,55902,71037,A,A,primer-uds-north,primer-uds-north,True,8.6704,6.8495,1.8209,-4.714,-4.008,0.705,195,68,-1.885,-2.919,1.033,5.677,14.703,2.9000000000000004,1.4,1.5,4.79,0.0798,True,True
135,III,269.89649999999995,52856,57944,A,A,primer-uds-north,primer-uds-north,True,6.3209,5.2898,1.0311,-5.287,-4.472,0.816,272,137,-0.498,-2.197,1.699,1.582,7.561,0.0,1.7000000000000002,-1.7,2.1,0.035,True,True
136,III,269.8655,57469,68006,A,A,primer-uds-north,primer-uds-north,True,5.668,5.1603,0.5077,-4.467,-3.797,0.67,135,47,-1.644,-3.087,1.443,4.547,17.174,3.1,1.4,1.7,1.36,0.0226,True,True
137,III,269.851,26495,36162,A,A,primer-cosmos-west,primer-cosmos-west,True,5.0196,6.411,1.3914,-4.014,-4.715,0.701,69,197,-2.764,-1.605,-1.159,12.75,4.385,1.8,0.5,1.3,2.98,0.0497,True,True
138,III,269.78,9246,20010,A,A,ceers-full,ceers-full,True,4.6044,8.9344,4.33,-4.241,-4.968,0.726,107,228,-2.256,-1.495,-0.761,7.989,3.964,1.0,3.7,-2.7,0.78,0.013,True,True
139,III,269.728,28748,72956,A,A,ceers-full,ceers-full,True,4.753,8.9042,4.1512,-3.889,-4.596,0.707,54,175,-2.524,-1.699,-0.825,10.224,4.784,1.3,2.1,-0.8,4.11,0.0684,True,True
140,III,269.5225,21620,26495,A,A,primer-cosmos-west,primer-cosmos-west,True,8.0871,5.0196,3.0675,-4.626,-4.014,0.612,182,69,-2.061,-2.764,0.703,6.675,12.75,3.7,1.8,1.9,3.57,0.0595,True,True
141,III,269.074,26495,32535,A,A,primer-cosmos-west,primer-cosmos-west,True,5.0196,5.7492,0.7296,-4.014,-4.325,0.311,69,118,-2.764,-1.188,-1.576,12.75,2.987,1.8,0.6000000000000001,1.2,3.39,0.0565,True,True
142,III,268.73249999999996,37563,46281,A,A,gds,gds,True,5.7131,4.7896,0.9235,-5.356,-4.676,0.681,281,188,-0.801,-2.09,1.289,2.091,6.853,0.1,-99.0,99.1,1.68,0.028,True,True
143,III,268.631,24464,41913,A,A,ceers-full,ceers-full,True,5.6554,5.246,0.4094,-4.238,-3.38,0.858,106,39,-2.141,-3.476,1.335,7.184,24.568,2.7,2.3000000000000003,0.4,3.1,0.0517,True,True
144,III,268.49850000000004,68816,72956,A,A,ceers-full,ceers-full,True,4.5323,8.9042,4.3719,-4.383,-4.596,0.214,123,175,-2.73,-1.699,-1.03,12.354,4.784,0.7000000000000001,2.1,-1.4,4.1,0.0683,True,True
145,III,268.1445,22483,22702,A,A,primer-cosmos-west,primer-cosmos-west,True,7.1355,5.4312,1.7043,-4.222,-3.806,0.416,102,48,-1.86,-3.062,1.202,5.548,16.784,2.7,2.2,0.5,2.84,0.0473,True,True
146,III,267.8075,33774,67270,A,A,primer-uds-north,primer-uds-north,True,7.1376,5.6651,1.4725,-5.07,-4.106,0.964,241,84,-1.556,-2.492,0.936,4.193,9.928,2.9000000000000004,1.3,1.6,4.35,0.0726,True,True
147,III,267.7585,37563,46221,A,A,gds,gds,True,5.7131,4.0452,1.6679,-5.356,-4.548,0.808,281,158,-0.801,-1.771,0.97,2.091,5.111,0.1,-99.0,99.1,1.07,0.0178,True,True
148,III,267.60749999999996,29303,35367,A,A,gds,gds,True,5.986,5.4895,0.4965,-5.076,-3.899,1.177,245,56,-1.415,-3.012,1.597,3.681,16.019,2.0,2.3000000000000003,-0.3,1.65,0.0275,True,True
149,III,267.2715,16999,52141,A,A,primer-uds-north,primer-uds-north,True,4.2059,7.1301,2.9241,-4.034,-4.607,0.572,72,179,-2.982,-1.557,-1.425,15.582,4.194,1.1,3.0,-1.9,5.0,0.0833,True,True
150,III,267.25,28500,36162,A,A,primer-cosmos-west,primer-cosmos-west,True,5.429,6.411,0.982,-4.306,-4.715,0.409,116,197,-3.01,-1.605,-1.405,15.999,4.385,2.8000000000000003,0.5,2.3,3.6,0.0599,True,True
151,III,267.19050000000004,22702,31319,A,A,primer-cosmos-west,primer-cosmos-west,True,5.4312,6.3339,0.9027,-3.806,-4.541,0.735,48,155,-3.062,-1.33,-1.732,16.784,3.404,2.2,2.8000000000000003,-0.6,2.73,0.0456,True,True
152,III,267.0615,10404,52141,A,A,primer-uds-north,primer-uds-north,True,5.656,7.1301,1.4741,-3.982,-4.607,0.625,64,179,-3.181,-1.557,-1.624,18.724,4.194,2.2,3.0,-0.8,4.24,0.0707,True,True
153,III,266.923,21620,28500,A,A,primer-cosmos-west,primer-cosmos-west,True,8.0871,5.429,2.6582,-4.626,-4.306,0.32,182,116,-2.061,-3.01,0.949,6.675,15.999,3.7,2.8000000000000003,0.9,2.45,0.0409,True,True
154,III,266.87350000000004,22702,30073,A,A,primer-cosmos-west,primer-cosmos-west,True,5.4312,6.0041,0.5729,-3.806,-4.712,0.906,48,194,-3.062,-1.84,-1.222,16.784,5.445,2.2,1.0,1.2,4.73,0.0789,True,True
155,III,266.85900000000004,16053,32147,A,A,gds,gds,True,6.9018,4.6032,2.2986,-5.374,-4.148,1.226,284,93,-0.79,-1.802,1.012,2.07,5.257,2.0,2.6,-0.6,4.47,0.0744,True,True
156,III,266.3115,18540,26495,A,A,primer-cosmos-west,primer-cosmos-west,True,8.9337,5.0196,3.9141,-4.869,-4.014,0.855,219,69,-2.025,-2.764,0.739,6.458,12.75,1.7000000000000002,1.8,-0.1,4.23,0.0705,True,True
157,III,266.042,57494,60046,A,A,primer-uds-south,primer-uds-south,True,4.024,5.4628,1.4388,-4.008,-5.145,1.137,67,254,-1.784,-0.977,-0.807,5.173,2.46,1.6,1.0,0.6,0.6,0.0101,True,True
158,III,265.773,25430,68947,A,A,primer-uds-south,primer-uds-south,True,7.1282,5.656,1.4722,-4.556,-3.973,0.583,162,62,-2.014,-3.138,1.124,6.389,17.991,2.7,2.2,0.5,4.76,0.0793,True,True
159,I_conflict,265.487,27072,40209,A,A,primer-cosmos-east,primer-cosmos-east,True,4.9571,5.4609,0.5038,-2.262,-4.799,2.536,37,206,0.1,-2.237,2.337,0.912,7.851,0.0,1.4,-1.4,3.99,0.0665,False,True
160,III,265.396,43445,50988,A,A,primer-cosmos-east,primer-cosmos-east,True,5.6969,4.5265,1.1704,-5.795,-4.046,1.748,295,73,-1.457,-2.465,1.008,3.826,9.68,0.5,1.7000000000000002,-1.2,3.63,0.0605,True,True
161,I,265.1945,22358,66511,A,A,primer-uds-south,primer-uds-south,True,4.6765,7.1308,2.4543,-5.19,-4.004,1.186,259,66,-1.055,-4.011,2.956,2.643,40.221,0.0,3.2,-3.2,4.78,0.0797,False,False
162,III,265.1395,1470,18892,A,A,primer-uds-north,primer-uds-north,True,5.3968,4.7295,0.6673,-5.268,-4.592,0.676,269,172,-1.377,-2.674,1.297,3.555,11.736,1.1,1.0,0.1,2.01,0.0335,True,True
163,III,264.9675,8559,43738,A,A,primer-uds-north,primer-uds-north,True,7.9365,5.0901,2.8465,-4.517,-4.063,0.454,145,78,-1.912,-2.685,0.773,5.818,11.862,3.9,1.7000000000000002,2.2,4.3,0.0717,True,True
164,III,264.94949999999994,42656,51657,A,A,primer-cosmos-west,primer-cosmos-west,True,5.6854,4.7941,0.8913,-4.811,-4.096,0.716,209,83,-1.289,-2.491,1.202,3.277,9.913,3.9,1.4,2.5,3.67,0.0611,True,True
165,III,264.85450000000003,47021,48983,A,A,ceers-full,ceers-full,True,8.0231,7.1368,0.8863,-5.003,-3.536,1.467,234,41,-1.44,-2.691,1.251,3.767,11.927,0.9,2.7,-1.8,0.19,0.0032,True,True
166,III,264.54650000000004,55490,67137,A,A,ceers-full,ceers-full,True,7.1493,7.4965,0.3471,-3.522,-4.25,0.728,40,108,-2.338,-0.488,-1.85,8.618,1.568,2.7,3.9,-1.2,4.19,0.0699,True,True
167,III_weak,264.529,22388,46221,A,A,gds,gds,True,7.1819,4.0452,3.1366,-2.943,-4.548,1.606,38,158,-0.785,-1.771,0.986,2.062,5.111,0.2,-99.0,99.2,3.08,0.0513,True,False
168,III,264.301,60774,72956,A,A,ceers-full,ceers-full,True,5.2848,8.9042,3.6194,-4.075,-4.596,0.522,79,175,-2.187,-1.699,-0.487,7.495,4.784,2.2,2.1,0.1,4.05,0.0675,True,True
169,III_weak,263.755,27072,32928,A,A,primer-cosmos-east,primer-cosmos-east,True,4.9571,4.4581,0.499,-2.262,-4.027,1.764,37,71,0.1,-2.067,2.167,0.912,6.712,0.0,1.7000000000000002,-1.7,3.99,0.0665,True,False
170,III,263.7105,18540,28500,A,A,primer-cosmos-west,primer-cosmos-west,True,8.9337,5.429,3.5047,-4.869,-4.306,0.563,219,116,-2.025,-3.01,0.985,6.458,15.999,1.7000000000000002,2.8000000000000003,-1.1,3.35,0.0558,True,True
171,III,263.5155,24464,47021,A,A,ceers-full,ceers-full,True,5.6554,8.0231,2.3677,-4.238,-5.003,0.765,106,234,-2.141,-1.44,-0.701,7.184,3.767,2.7,0.9,1.8,4.25,0.0708,True,True
172,III,262.85249999999996,52141,61298,A,A,primer-uds-north,primer-uds-north,True,7.1301,5.2426,1.8875,-4.607,-4.394,0.213,179,124,-1.557,-2.719,1.163,4.194,12.237,3.0,1.6,1.4,3.3,0.055,True,True
173,III,262.82,16999,31645,A,A,primer-uds-north,primer-uds-north,True,4.2059,4.7559,0.55,-4.034,-4.758,0.724,72,203,-2.982,-1.725,-1.257,15.582,4.897,1.1,0.8,0.3,1.55,0.0258,True,True
174,III,262.6,50300,51657,A,A,primer-cosmos-west,primer-cosmos-west,True,5.6961,4.7941,0.902,-5.795,-4.096,1.699,296,83,-1.429,-2.491,1.062,3.728,9.913,0.5,1.4,-0.9,1.26,0.021,True,True
175,III,262.012,63106,67137,A,A,ceers-full,ceers-full,True,5.6557,7.4965,1.8408,-3.95,-4.25,0.3,60,108,-2.097,-0.488,-1.608,6.896,1.568,2.2,3.9,-1.7,1.78,0.0297,True,True
176,III,261.937,55634,57494,A,A,primer-uds-south,primer-uds-south,True,6.8798,4.024,2.8558,-4.423,-4.008,0.415,127,67,-0.551,-1.784,1.233,1.661,5.173,0.1,1.6,-1.5,0.3,0.005,True,True
177,III,261.8595,24081,36327,A,A,primer-uds-north,primer-uds-north,True,5.6564,7.8617,2.2053,-4.252,-5.129,0.876,110,251,-2.416,-1.766,-0.65,9.254,5.086,1.8,0.7000000000000001,1.1,4.36,0.0727,True,True
178,III,261.826,20010,57051,A,A,ceers-full,ceers-full,True,8.9344,5.6681,3.2664,-4.968,-4.281,0.686,228,113,-1.495,-1.94,0.445,3.964,5.971,3.7,2.3000000000000003,1.4,3.41,0.0568,True,True
179,III,261.642,40589,42093,A,A,ceers-full,ceers-full,True,8.0067,6.4459,1.5608,-4.478,-3.857,0.621,140,52,-2.066,-3.058,0.992,6.703,16.711,3.3000000000000003,1.7000000000000002,1.6,2.8,0.0467,True,True
180,III,261.3505,61378,64273,A,A,primer-uds-north,primer-uds-north,True,7.4583,7.1316,0.3267,-5.262,-4.962,0.3,267,227,-1.003,-2.553,1.549,2.52,10.497,2.2,2.0,0.2,0.92,0.0154,True,True
181,III,261.251,1544,1939,A,A,primer-uds-north,primer-uds-north,True,5.4635,4.3621,1.1014,-5.142,-4.526,0.616,252,148,-0.976,-2.601,1.625,2.456,10.972,1.0,1.3,-0.3,1.54,0.0256,True,True
182,I_conflict,261.239,27072,31668,A,A,primer-cosmos-east,primer-cosmos-east,True,4.9571,5.6077,0.6506,-2.262,-3.833,1.571,37,51,0.1,-2.687,2.787,0.912,11.876,0.0,1.6,-1.6,4.05,0.0674,False,True
183,III,261.233,28748,59626,A,A,ceers-full,ceers-full,True,4.753,6.3671,1.6142,-3.889,-4.189,0.299,54,100,-2.524,-1.364,-1.161,10.224,3.511,1.3,0.9,0.4,2.88,0.0479,True,True
184,III,260.931,14487,16083,A,A,primer-cosmos-east,primer-cosmos-east,True,7.1693,4.5779,2.5914,-5.535,-4.498,1.037,288,142,-1.641,-2.059,0.419,4.531,6.663,2.0,1.0,1.0,1.73,0.0288,True,True
185,III,260.747,18892,48927,A,A,primer-uds-north,primer-uds-north,True,4.7295,7.9073,3.1778,-4.592,-5.073,0.481,172,242,-2.674,-1.601,-1.073,11.736,4.368,1.0,2.8000000000000003,-1.8,2.94,0.0491,True,True
186,III_weak,260.52750000000003,44435,55634,A,A,primer-uds-south,primer-uds-south,True,5.1733,6.8798,1.7065,-4.854,-4.423,0.431,217,127,-2.591,-0.551,-2.04,10.873,1.661,1.1,0.1,1.0,1.25,0.0208,True,False
187,III,260.4225,15393,16563,A,A,primer-cosmos-east,primer-cosmos-east,True,5.6895,5.022,0.6675,-5.55,-4.017,1.532,290,70,-1.577,-2.766,1.189,4.274,12.775,1.4,1.8,-0.4,2.49,0.0415,True,True
188,III_weak,260.366,22388,35367,A,A,gds,gds,True,7.1819,5.4895,1.6924,-2.943,-3.899,0.956,38,56,-0.785,-3.012,2.226,2.062,16.019,0.2,2.3000000000000003,-2.1,1.55,0.0259,True,False
189,III,260.32050000000004,1381,16999,A,A,primer-uds-north,primer-uds-north,True,5.6626,4.2059,1.4567,-5.288,-4.034,1.254,274,72,-2.364,-2.982,0.617,8.826,15.582,3.1,1.1,2.0,4.38,0.0729,True,True
190,III,260.12850000000003,39711,60446,A,A,primer-uds-south,primer-uds-south,True,5.462,4.3661,1.0959,-5.308,-4.53,0.778,275,152,-1.568,-2.575,1.007,4.238,10.713,1.5,1.2000000000000002,0.3,2.54,0.0423,True,True
191,III,259.891,67076,69772,A,A,primer-uds-south,primer-uds-south,True,7.9368,5.4294,2.5074,-4.528,-3.832,0.696,149,50,-1.909,-2.537,0.628,5.804,10.35,3.9,2.7,1.2,0.45,0.0075,True,True
192,III,259.802,60046,60446,A,A,primer-uds-south,primer-uds-south,True,5.4628,4.3661,1.0968,-5.145,-4.53,0.615,254,152,-0.977,-2.575,1.598,2.46,10.713,1.0,1.2000000000000002,-0.2,1.54,0.0256,True,True
193,III,259.606,48927,69921,A,A,primer-uds-north,primer-uds-north,True,7.9073,5.6549,2.2524,-5.073,-4.553,0.519,242,161,-1.601,-2.906,1.305,4.368,14.531,2.8000000000000003,2.8000000000000003,0.0,2.51,0.0419,True,True
194,III,259.54949999999997,1544,32237,A,A,primer-uds-north,primer-uds-north,True,5.4635,4.6122,0.8513,-5.142,-3.896,1.246,252,55,-0.976,-2.263,1.288,2.456,8.04,1.0,1.2000000000000002,-0.2,4.15,0.0692,True,True
195,III,259.491,36327,66007,A,A,primer-uds-north,primer-uds-north,True,7.8617,4.5963,3.2654,-5.129,-4.557,0.572,251,163,-1.766,-2.733,0.967,5.086,12.397,0.7000000000000001,0.7000000000000001,0.0,4.14,0.0691,True,True
196,III,259.327,8559,11219,A,A,primer-uds-north,primer-uds-north,True,7.9365,5.4287,2.5078,-4.517,-3.83,0.687,145,49,-1.912,-2.534,0.622,5.818,10.317,3.9,2.7,1.2,0.45,0.0075,True,True
197,III,258.793,42464,50325,A,A,primer-cosmos-east,primer-cosmos-east,True,5.3675,6.4277,1.0602,-4.089,-5.032,0.943,81,238,-1.971,-1.079,-0.892,6.143,2.702,2.3000000000000003,0.1,2.2,2.62,0.0437,True,True
198,III,258.69849999999997,28491,36162,A,A,primer-cosmos-west,primer-cosmos-west,True,5.5851,6.411,0.8259,-4.123,-4.715,0.592,90,197,-2.776,-1.605,-1.171,12.896,4.385,2.0,0.5,1.5,3.83,0.0638,True,True
199,I_conflict,258.4445,15393,27072,A,A,primer-cosmos-east,primer-cosmos-east,True,5.6895,4.9571,0.7323,-5.55,-2.262,3.287,290,37,-1.577,0.1,-1.677,4.274,0.912,1.4,0.0,1.4,4.33,0.0721,False,True
200,III,258.37,21620,28491,A,A,primer-cosmos-west,primer-cosmos-west,True,8.0871,5.5851,2.502,-4.626,-4.123,0.503,182,90,-2.061,-2.776,0.715,6.675,12.896,3.7,2.0,1.7,2.35,0.0392,True,True
201,III,258.28,19416,44681,A,A,primer-uds-north,primer-uds-north,True,5.4332,4.5812,0.852,-5.405,-4.45,0.955,285,129,-1.38,-2.317,0.937,3.565,8.448,1.9,0.8,1.1,3.55,0.0592,True,True
202,III,258.2345,43738,55902,A,A,primer-uds-north,primer-uds-north,True,5.0901,8.6704,3.5803,-4.063,-4.714,0.651,78,195,-2.685,-1.885,-0.8,11.862,5.677,1.7000000000000002,2.9000000000000004,-1.2,3.34,0.0557,True,True
203,III,257.9575,63106,72956,A,A,ceers-full,ceers-full,True,5.6557,8.9042,3.2485,-3.95,-4.596,0.646,60,175,-2.097,-1.699,-0.397,6.896,4.784,2.2,2.1,0.1,4.46,0.0743,True,True
204,I_conflict,257.767,22388,23868,A,A,gds,gds,True,7.1819,8.9276,1.7458,-2.943,-5.234,2.291,38,261,-0.785,-2.742,1.957,2.062,12.498,0.2,2.6,-2.4,1.5,0.025,False,True
205,III,257.7035,12234,47021,A,A,ceers-full,ceers-full,True,6.1422,8.0231,1.8809,-4.0,-5.003,1.003,65,234,-2.028,-1.44,-0.588,6.475,3.767,1.7000000000000002,0.9,0.8,4.04,0.0674,True,True
206,III,257.665,25430,37751,A,A,primer-uds-south,primer-uds-south,True,7.1282,5.3592,1.769,-4.556,-3.945,0.611,162,59,-2.014,-2.87,0.856,6.389,14.058,2.7,2.1,0.6,3.84,0.0639,True,True
207,III,257.646,14487,16408,A,A,primer-cosmos-east,primer-cosmos-east,True,7.1693,4.5749,2.5944,-5.535,-4.505,1.031,288,144,-1.641,-1.996,0.356,4.531,6.287,2.0,1.1,0.9,2.07,0.0345,True,True
208,III,257.534,3099,29303,A,A,gds,gds,True,5.4584,5.986,0.5276,-4.466,-5.076,0.609,134,245,-2.642,-1.415,-1.227,11.392,3.681,2.7,2.0,0.7,4.58,0.0764,True,True
209,III_weak,257.473,22388,39509,A,A,gds,gds,True,7.1819,4.2877,2.8942,-2.943,-5.284,2.342,38,271,-0.785,-1.762,0.976,2.062,5.066,0.2,0.8,-0.6,3.34,0.0557,True,False
210,III,257.401,11219,15257,A,A,primer-uds-north,primer-uds-north,True,5.4287,6.9201,1.4914,-3.83,-4.731,0.901,49,201,-2.534,-1.774,-0.76,10.317,5.126,2.7,1.3,1.4,2.39,0.0398,True,True
211,III,257.2305,17986,60046,A,A,primer-uds-south,primer-uds-south,True,4.9401,5.4628,0.5227,-3.587,-5.145,1.558,43,254,-2.13,-0.977,-1.153,7.113,2.46,0.9,1.0,-0.1,4.55,0.0759,True,True
212,III,257.2275,16053,18537,A,A,gds,gds,True,6.9018,4.2773,2.6245,-5.374,-4.812,0.562,284,210,-0.79,-1.41,0.62,2.07,3.665,2.0,1.2000000000000002,0.8,1.45,0.0242,True,True
213,III,257.0925,48927,57944,A,A,primer-uds-north,primer-uds-north,True,7.9073,5.2898,2.6175,-5.073,-4.472,0.601,242,137,-1.601,-2.197,0.596,4.368,7.561,2.8000000000000003,1.7000000000000002,1.1,4.66,0.0776,True,True
214,III,256.682,3992,15257,A,A,primer-uds-north,primer-uds-north,True,5.6593,6.9201,1.2608,-4.053,-4.731,0.679,75,201,-2.723,-1.774,-0.948,12.278,5.126,1.6,1.3,0.3,4.07,0.0678,True,True
215,III,256.456,14076,28748,A,A,ceers-full,ceers-full,True,5.6614,4.753,0.9084,-4.855,-3.889,0.966,218,54,-1.647,-2.524,0.877,4.557,10.224,1.9,1.3,0.6,1.24,0.0207,True,True
216,III,256.223,27765,43445,A,A,primer-cosmos-east,primer-cosmos-east,True,5.1726,5.6969,0.5242,-4.457,-5.795,1.337,133,295,-2.222,-1.457,-0.765,7.74,3.826,2.2,0.5,1.7,4.74,0.079,True,True
217,III,256.212,14605,32147,A,A,gds,gds,True,6.9281,4.6032,2.3248,-4.925,-4.148,0.778,223,93,-0.742,-1.802,1.06,1.981,5.257,2.5,2.6,-0.1,2.96,0.0494,True,True
218,III,256.046,8559,32237,A,A,primer-uds-north,primer-uds-north,True,7.9365,4.6122,3.3244,-4.517,-3.896,0.621,145,55,-1.912,-2.263,0.351,5.818,8.04,3.9,1.2000000000000002,2.7,3.67,0.0612,True,True
219,III,255.921,14381,16053,A,A,gds,gds,True,5.4444,6.9018,1.4574,-5.162,-5.374,0.212,256,284,-1.944,-0.79,-1.154,5.992,2.07,3.0,2.0,1.0,4.4,0.0734,True,True
220,III,255.9095,61010,69921,A,A,primer-uds-north,primer-uds-north,True,7.1342,5.6549,1.4793,-5.287,-4.553,0.734,273,161,-1.572,-2.906,1.334,4.253,14.531,1.0,2.8000000000000003,-1.8,2.79,0.0466,True,True
221,III,255.33500000000004,50325,51514,A,A,primer-cosmos-east,primer-cosmos-east,True,6.4277,4.4367,1.991,-5.032,-4.118,0.914,238,87,-1.079,-2.14,1.061,2.702,7.18,0.1,1.9,-1.8,1.45,0.0242,True,True
222,III,255.159,18540,28491,A,A,primer-cosmos-west,primer-cosmos-west,True,8.9337,5.5851,3.3486,-4.869,-4.123,0.746,219,90,-2.025,-2.776,0.751,6.458,12.896,1.7000000000000002,2.0,-0.3,3.25,0.0542,True,True
223,III,254.91899999999998,23054,36985,A,A,ceers-full,ceers-full,True,6.8683,5.6537,1.2146,-4.611,-4.161,0.45,180,97,-1.835,-2.899,1.064,5.421,14.441,2.1,2.0,0.1,3.69,0.0616,True,True
224,III,254.6485,30520,51593,A,A,primer-uds-south,primer-uds-south,True,5.3498,4.4579,0.8919,-5.029,-4.455,0.574,237,132,-1.513,-3.094,1.581,4.028,17.278,0.9,1.0,-0.1,2.5,0.0416,True,True
225,III,254.5505,7242,15233,A,A,primer-cosmos-west,primer-cosmos-west,True,5.6588,4.986,0.6727,-5.357,-4.455,0.902,282,131,-1.376,-2.324,0.948,3.55,8.501,2.0,0.8,1.2,4.99,0.0832,True,True
226,III,254.441,23636,35367,A,A,gds,gds,True,7.1328,5.4895,1.6434,-4.602,-3.899,0.703,176,56,-2.237,-3.012,0.774,7.851,16.019,3.6,2.3000000000000003,1.3,4.08,0.068,True,True
227,III,254.331,20010,61323,A,A,ceers-full,ceers-full,True,8.9344,7.127,1.8074,-4.968,-4.499,0.469,228,143,-1.495,-2.358,0.863,3.964,8.772,3.7,1.7000000000000002,2.0,3.73,0.0621,True,True
228,III,254.186,13074,21620,A,A,primer-cosmos-west,primer-cosmos-west,True,5.2148,8.0871,2.8724,-3.796,-4.626,0.83,46,182,-2.885,-2.061,-0.824,14.255,6.675,2.5,3.7,-1.2,2.41,0.0401,True,True
229,III,254.12,15257,32237,A,A,primer-uds-north,primer-uds-north,True,6.9201,4.6122,2.308,-4.731,-3.896,0.835,201,55,-1.774,-2.263,0.489,5.126,8.04,1.3,1.2000000000000002,0.1,1.86,0.031,True,True
230,III,253.8935,35367,66116,A,A,gds,gds,True,5.4895,6.8464,1.3569,-3.899,-4.577,0.678,56,170,-3.012,-2.148,-0.864,16.019,7.23,2.3000000000000003,-99.0,101.3,4.15,0.0691,True,True
231,III,253.873,29392,66511,A,A,primer-uds-south,primer-uds-south,True,7.471,7.1308,0.3402,-4.543,-4.004,0.539,156,66,-2.259,-4.011,1.752,8.009,40.221,2.2,3.2,-1.0,4.06,0.0676,True,True
232,III,253.813,14487,19462,A,A,primer-cosmos-east,primer-cosmos-east,True,7.1693,4.3651,2.8042,-5.535,-4.94,0.595,288,225,-1.641,-2.119,0.478,4.531,7.039,2.0,0.4,1.6,1.76,0.0294,True,True
233,III,253.8125,43932,52856,A,A,primer-uds-north,primer-uds-north,True,4.2354,6.3209,2.0855,-4.802,-5.287,0.486,207,272,-1.257,-0.498,-0.759,3.183,1.582,0.5,0.0,0.5,0.87,0.0145,True,True
234,III,253.59100000000004,35111,36327,A,A,primer-uds-north,primer-uds-north,True,5.6563,7.8617,2.2054,-4.472,-5.129,0.657,138,251,-2.382,-1.766,-0.616,8.971,5.086,1.9,0.7000000000000001,1.2,1.2,0.02,True,True
235,III,253.5685,19416,32025,A,A,primer-uds-north,primer-uds-north,True,5.4332,4.0433,1.3899,-5.405,-4.381,1.024,285,122,-1.38,-2.02,0.64,3.565,6.426,1.9,0.6000000000000001,1.3,1.36,0.0227,True,True
236,III,253.127,22483,26495,A,A,primer-cosmos-west,primer-cosmos-west,True,7.1355,5.0196,2.1158,-4.222,-4.014,0.208,102,69,-1.86,-2.764,0.903,5.548,12.75,2.7,1.8,0.9,1.4,0.0234,True,True
237,III,253.09050000000002,16152,26495,A,A,primer-cosmos-west,primer-cosmos-west,True,5.7144,5.0196,0.6947,-4.723,-4.014,0.709,199,69,-1.236,-2.764,1.528,3.122,12.75,0.0,1.8,-1.8,3.16,0.0527,True,True
238,III,252.975,48927,70813,A,A,primer-uds-north,primer-uds-north,True,7.9073,4.7063,3.201,-5.073,-4.49,0.582,242,141,-1.601,-1.951,0.35,4.368,6.032,2.8000000000000003,0.7000000000000001,2.1,4.52,0.0753,True,True
239,III,252.8445,36886,72956,A,A,ceers-full,ceers-full,True,4.4499,8.9042,4.4543,-4.236,-4.596,0.361,105,175,-2.303,-1.699,-0.604,8.344,4.784,1.3,2.1,-0.8,4.61,0.0768,True,True
240,III,252.84150000000002,21620,25633,A,A,primer-cosmos-west,primer-cosmos-west,True,8.0871,7.0511,1.0361,-4.626,-4.166,0.46,182,98,-2.061,-3.131,1.07,6.675,17.88,3.7,3.2,0.5,3.74,0.0624,True,True
241,III,252.7085,9227,16563,A,A,primer-cosmos-east,primer-cosmos-east,True,5.7139,5.022,0.6919,-4.724,-4.017,0.706,200,70,-1.243,-2.766,1.523,3.141,12.775,0.0,1.8,-1.8,3.16,0.0527,True,True
242,III,252.616,59568,62395,A,A,primer-uds-south,primer-uds-south,True,8.9016,5.6592,3.2424,-4.592,-4.057,0.536,173,76,-2.381,-2.738,0.358,8.958,12.456,2.7,1.6,1.1,0.46,0.0076,True,True
243,III,252.6005,18893,19462,A,A,primer-cosmos-east,primer-cosmos-east,True,4.8477,4.3651,0.4827,-5.582,-4.94,0.642,292,225,-0.496,-2.119,1.622,1.58,7.039,0.1,0.4,-0.3,3.64,0.0606,True,True
244,I,252.51850000000002,15850,18893,A,A,primer-cosmos-east,primer-cosmos-east,True,7.0456,4.8477,2.1979,-4.167,-5.582,1.415,99,292,-3.138,-0.496,-2.642,17.999,1.58,3.3000000000000003,0.1,3.2,3.24,0.054,False,False
245,I_conflict,252.4995,19946,27072,A,A,primer-cosmos-east,primer-cosmos-east,True,5.9744,4.9571,1.0173,-4.715,-2.262,2.453,196,37,-1.873,0.1,-1.973,5.613,0.912,1.0,0.0,1.0,4.74,0.079,False,True
246,III,252.352,36327,69921,A,A,primer-uds-north,primer-uds-north,True,7.8617,5.6549,2.2068,-5.129,-4.553,0.575,251,161,-1.766,-2.906,1.14,5.086,14.531,0.7000000000000001,2.8000000000000003,-2.1,3.62,0.0604,True,True
247,III,252.22299999999998,26495,31319,A,A,primer-cosmos-west,primer-cosmos-west,True,5.0196,6.3339,1.3142,-4.014,-4.541,0.527,69,155,-2.764,-1.33,-1.434,12.75,3.404,1.8,2.8000000000000003,-1.0,4.13,0.0688,True,True
248,I_conflict,252.1085,27072,31770,A,A,primer-cosmos-east,primer-cosmos-east,True,4.9571,5.7791,0.8219,-2.262,-3.574,1.311,37,42,0.1,-2.609,2.709,0.912,11.061,0.0,1.9,-1.9,2.19,0.0365,False,True
249,III,251.9075,26495,30073,A,A,primer-cosmos-west,primer-cosmos-west,True,5.0196,6.0041,0.9845,-4.014,-4.712,0.698,69,194,-2.764,-1.84,-0.924,12.75,5.445,1.8,1.0,0.8,1.35,0.0225,True,True
250,III,251.79899999999998,1072,3992,A,A,primer-uds-north,primer-uds-north,True,8.906,5.6593,3.2466,-4.592,-4.053,0.54,174,75,-2.385,-2.723,0.338,8.992,12.278,2.7,1.6,1.1,0.46,0.0076,True,True
251,III,251.791,42464,43445,A,A,primer-cosmos-east,primer-cosmos-east,True,5.3675,5.6969,0.3294,-4.089,-5.795,1.705,81,295,-1.971,-1.457,-0.514,6.143,3.826,2.3000000000000003,0.5,1.8,2.46,0.0411,True,True
252,III,251.7895,44446,51657,A,A,primer-cosmos-west,primer-cosmos-west,True,7.1315,4.7941,2.3373,-4.731,-4.096,0.636,202,83,-1.938,-2.491,0.553,5.959,9.913,2.8000000000000003,1.4,1.4,2.54,0.0423,True,True
253,III,251.77949999999998,19416,46085,A,A,primer-uds-north,primer-uds-north,True,5.4332,4.7858,0.6473,-5.405,-3.966,1.439,285,61,-1.38,-1.958,0.578,3.565,6.071,1.9,1.3,0.6,2.61,0.0435,True,True
254,III,251.716,28748,72633,A,A,ceers-full,ceers-full,True,4.753,5.4434,0.6904,-3.889,-4.376,0.487,54,121,-2.524,-0.889,-1.635,10.224,2.267,1.3,3.9,-2.6,4.23,0.0704,True,True
255,III,251.45950000000002,33774,35111,A,A,primer-uds-north,primer-uds-north,True,7.1376,5.6563,1.4813,-5.07,-4.472,0.598,241,138,-1.556,-2.382,0.826,4.193,8.971,2.9000000000000004,1.9,1.0,2.88,0.048,True,True
256,III,251.313,18892,33774,A,A,primer-uds-north,primer-uds-north,True,4.7295,7.1376,2.4082,-4.592,-5.07,0.478,172,241,-2.674,-1.556,-1.117,11.736,4.193,1.0,2.9000000000000004,-1.9,1.95,0.0324,True,True
257,III,251.2645,47021,60774,A,A,ceers-full,ceers-full,True,8.0231,5.2848,2.7383,-5.003,-4.075,0.928,234,79,-1.44,-2.187,0.747,3.767,7.495,0.9,2.2,-1.3,3.14,0.0523,True,True
258,III,250.946,8118,15233,A,A,primer-cosmos-west,primer-cosmos-west,True,5.6424,4.986,0.6564,-5.08,-4.455,0.625,248,131,-1.277,-2.324,1.047,3.242,8.501,3.9,0.8,3.1,3.14,0.0523,True,True
259,III_weak,250.8875,18537,22388,A,A,gds,gds,True,4.2773,7.1819,2.9045,-4.812,-2.943,1.869,210,38,-1.41,-0.785,-0.625,3.665,2.062,1.2000000000000002,0.2,1.0,2.44,0.0407,True,False
260,III_weak,250.327,32880,55634,A,A,primer-uds-south,primer-uds-south,True,4.756,6.8798,2.1238,-4.821,-4.423,0.399,211,127,-2.281,-0.551,-1.73,8.176,1.661,0.9,0.1,0.8,3.38,0.0563,True,False
261,III,250.1695,54603,61298,A,A,primer-uds-north,primer-uds-north,True,5.6519,5.2426,0.4093,-5.075,-4.394,0.681,244,124,-1.647,-2.719,1.072,4.56,12.237,2.5,1.6,0.9,3.31,0.0552,True,True
262,III,249.8775,16563,19946,A,A,primer-cosmos-east,primer-cosmos-east,True,5.022,5.9744,0.9525,-4.017,-4.715,0.698,70,196,-2.766,-1.873,-0.893,12.775,5.613,1.8,1.0,0.8,1.35,0.0225,True,True
263,III,249.753,50300,50560,A,A,primer-cosmos-west,primer-cosmos-west,True,5.6961,5.1459,0.5502,-5.795,-4.83,0.965,296,214,-1.429,-2.279,0.851,3.728,8.162,0.5,0.4,0.1,1.7,0.0284,True,True
264,III,249.70949999999996,28748,41179,A,A,ceers-full,ceers-full,True,4.753,7.2423,2.4893,-3.889,-4.229,0.339,54,104,-2.524,-1.38,-1.144,10.224,3.564,1.3,2.1,-0.8,1.24,0.0207,True,True
265,III,249.637,37563,64049,A,A,gds,gds,True,5.7131,5.2713,0.4418,-5.356,-5.079,0.277,281,247,-0.801,-2.095,1.294,2.091,6.884,0.1,-99.0,99.1,4.2,0.07,True,True
266,III,249.6305,18540,25633,A,A,primer-cosmos-west,primer-cosmos-west,True,8.9337,7.0511,1.8827,-4.869,-4.166,0.703,219,98,-2.025,-3.131,1.106,6.458,17.88,1.7000000000000002,3.2,-1.5,4.34,0.0723,True,True
267,III,249.63049999999998,7991,21108,A,A,primer-uds-north,primer-uds-north,True,5.6557,7.1364,1.4807,-4.123,-4.588,0.464,91,171,-4.056,-2.685,-1.37,41.912,11.863,2.4000000000000004,2.6,-0.2,4.37,0.0728,True,True
268,III,249.6235,28500,31319,A,A,primer-cosmos-west,primer-cosmos-west,True,5.429,6.3339,0.9049,-4.306,-4.541,0.235,116,155,-3.01,-1.33,-1.68,15.999,3.404,2.8000000000000003,2.8000000000000003,0.0,1.84,0.0307,True,True
269,III,249.46699999999998,50300,55716,A,A,primer-cosmos-west,primer-cosmos-west,True,5.6961,4.4383,1.2578,-5.795,-4.12,1.675,296,89,-1.429,-2.136,0.707,3.728,7.15,0.5,1.9,-1.4,2.52,0.0421,True,True
270,III,249.44299999999998,12234,41913,A,A,ceers-full,ceers-full,True,6.1422,5.246,0.8962,-4.0,-3.38,0.62,65,39,-2.028,-3.476,1.448,6.475,24.568,1.7000000000000002,2.3000000000000003,-0.6,4.39,0.0732,True,True
271,III,249.42200000000003,40209,50325,A,A,primer-cosmos-east,primer-cosmos-east,True,5.4609,6.4277,0.9668,-4.799,-5.032,0.234,206,238,-2.237,-1.079,-1.158,7.851,2.702,1.4,0.1,1.3,3.39,0.0566,True,True
272,III,249.3655,21037,29372,A,A,primer-cosmos-west,primer-cosmos-west,True,4.4761,5.3858,0.9097,-4.619,-4.978,0.359,181,230,-3.064,-1.465,-1.599,16.813,3.854,0.7000000000000001,2.2,-1.5,4.28,0.0713,True,True
273,III,249.3285,61010,70813,A,A,primer-uds-north,primer-uds-north,True,7.1342,4.7063,2.4279,-5.287,-4.49,0.797,273,141,-1.572,-1.951,0.38,4.253,6.032,1.0,0.7000000000000001,0.3,1.24,0.0206,True,True
274,III,249.31300000000002,32237,55902,A,A,primer-uds-north,primer-uds-north,True,4.6122,8.6704,4.0582,-3.896,-4.714,0.818,55,195,-2.263,-1.885,-0.378,8.04,5.677,1.2000000000000002,2.9000000000000004,-1.7,3.65,0.0609,True,True
275,III,249.308,28500,30073,A,A,primer-cosmos-west,primer-cosmos-west,True,5.429,6.0041,0.5752,-4.306,-4.712,0.406,116,194,-3.01,-1.84,-1.17,15.999,5.445,2.8000000000000003,1.0,1.8,3.02,0.0503,True,True
276,III,249.3045,20897,24464,A,A,ceers-full,ceers-full,True,4.5331,5.6554,1.1223,-3.869,-4.238,0.369,53,106,-3.669,-2.141,-1.528,29.349,7.184,1.3,2.7,-1.4,3.81,0.0635,True,True
277,III,249.202,19354,20897,A,A,ceers-full,ceers-full,True,5.4279,4.5331,0.8948,-4.295,-3.869,0.426,115,53,-2.609,-3.669,1.06,11.057,29.349,1.6,1.3,0.3,2.94,0.049,True,True
278,III,249.154,37751,67076,A,A,primer-uds-south,primer-uds-south,True,5.3592,7.9368,2.5776,-3.945,-4.528,0.583,59,149,-2.87,-1.909,-0.96,14.058,5.804,2.1,3.9,-1.8,4.4,0.0734,True,True
279,III,248.6205,23107,51593,A,A,primer-uds-south,primer-uds-south,True,4.9525,4.4579,0.4947,-5.525,-4.455,1.07,287,132,-1.812,-3.094,1.282,5.304,17.278,0.3,1.0,-0.7,3.24,0.0541,True,True
280,III,248.4665,61010,67270,A,A,primer-uds-north,primer-uds-north,True,7.1342,5.6651,1.4691,-5.287,-4.106,1.181,273,84,-1.572,-2.492,0.92,4.253,9.928,1.0,1.3,-0.3,1.2,0.0199,True,True
281,III,248.4365,1939,19416,A,A,primer-uds-north,primer-uds-north,True,4.3621,5.4332,1.0711,-4.526,-5.405,0.879,148,285,-2.601,-1.38,-1.22,10.972,3.565,1.3,1.9,-0.6,3.96,0.0659,True,True
282,III,248.3895,20010,29421,A,A,ceers-full,ceers-full,True,8.9344,4.7851,4.1493,-4.968,-4.558,0.41,228,164,-1.495,-1.572,0.077,3.964,4.254,3.7,1.4,2.3,1.57,0.0261,True,True
283,III,248.36999999999998,43738,52141,A,A,primer-uds-north,primer-uds-north,True,5.0901,7.1301,2.04,-4.063,-4.607,0.544,78,179,-2.685,-1.557,-1.129,11.862,4.194,1.7000000000000002,3.0,-1.3,1.59,0.0264,True,True
284,III,248.346,53667,61378,A,A,primer-uds-north,primer-uds-north,True,4.5639,7.4583,2.8944,-4.837,-5.262,0.426,215,267,-1.947,-1.003,-0.943,6.008,2.52,0.9,2.2,-1.3,3.27,0.0546,True,True
285,III,248.3315,43445,51514,A,A,primer-cosmos-east,primer-cosmos-east,True,5.6969,4.4367,1.2601,-5.795,-4.118,1.676,295,87,-1.457,-2.14,0.683,3.826,7.18,0.5,1.9,-1.4,2.52,0.0421,True,True
286,III,247.96299999999997,1498,23868,A,A,gds,gds,True,4.6634,8.9276,4.2642,-4.294,-5.234,0.94,114,261,-2.958,-2.742,-0.216,15.251,12.498,1.4,2.6,-1.2,4.92,0.0821,True,True
287,III,247.83300000000003,1544,18804,A,A,primer-uds-north,primer-uds-north,True,5.4635,4.3173,1.1462,-5.142,-4.229,0.913,252,103,-0.976,-2.141,1.165,2.456,7.184,1.0,1.5,-0.5,2.1,0.0349,True,True
288,III,247.79600000000002,47165,50300,A,A,primer-cosmos-west,primer-cosmos-west,True,5.2338,5.6961,0.4624,-4.313,-5.795,1.482,117,296,-1.957,-1.429,-0.528,6.063,3.728,2.3000000000000003,0.5,1.8,3.51,0.0586,True,True
289,III,247.29949999999997,45383,51593,A,A,primer-uds-south,primer-uds-south,True,4.8552,4.4579,0.3973,-5.144,-4.455,0.688,253,132,-1.58,-3.094,1.514,4.285,17.278,0.9,1.0,-0.1,1.9,0.0317,True,True
290,III,247.0005,43505,50300,A,A,primer-cosmos-west,primer-cosmos-west,True,4.6755,5.6961,1.0207,-4.762,-5.795,1.033,204,296,-2.043,-1.429,-0.614,6.564,3.728,0.8,0.5,0.3,4.59,0.0765,True,True
291,III,246.7995,37878,51593,A,A,primer-uds-south,primer-uds-south,True,4.7732,4.4579,0.3153,-5.154,-4.455,0.699,255,132,-1.572,-3.094,1.522,4.253,17.278,0.8,1.0,-0.2,2.26,0.0376,True,True
292,III,246.7915,52856,62716,A,A,primer-uds-north,primer-uds-north,True,6.3209,5.3867,0.9341,-5.287,-4.396,0.891,272,125,-0.498,-1.719,1.221,1.582,4.871,0.0,1.2000000000000002,-1.2,1.18,0.0197,True,True
293,III,246.2545,47021,58630,A,A,ceers-full,ceers-full,True,8.0231,4.5468,3.4763,-5.003,-4.326,0.677,234,119,-1.44,-2.016,0.576,3.767,6.401,0.9,0.9,0.0,2.25,0.0374,True,True
294,III,245.959,61298,71893,A,A,primer-uds-north,primer-uds-north,True,5.2426,6.4292,1.1866,-4.394,-5.236,0.842,124,262,-2.719,-1.562,-1.158,12.237,4.213,1.6,1.7000000000000002,-0.1,2.66,0.0443,True,True
295,III,245.89249999999998,55783,59971,A,A,primer-uds-south,primer-uds-south,True,4.626,5.3915,0.7655,-4.261,-5.268,1.007,112,268,-2.082,-1.398,-0.684,6.805,3.624,1.4,0.9,0.5,0.79,0.0132,True,True
296,III_weak,245.78099999999998,22388,32402,A,A,gds,gds,True,7.1819,4.9424,2.2394,-2.943,-5.321,2.378,38,276,-0.785,-1.703,0.917,2.062,4.797,0.2,3.2,-3.0,1.2,0.02,True,False
297,I_conflict,245.22249999999997,26971,27072,A,A,primer-cosmos-east,primer-cosmos-east,True,6.4067,4.9571,1.4495,-4.718,-2.262,2.456,198,37,-1.596,0.1,-1.696,4.347,0.912,0.5,0.0,0.5,4.55,0.0759,False,True
298,III_weak,245.0495,23107,55634,A,A,primer-uds-south,primer-uds-south,True,4.9525,6.8798,1.9273,-5.525,-4.423,1.103,287,127,-1.812,-0.551,-1.261,5.304,1.661,0.3,0.1,0.2,3.68,0.0613,True,False
299,III,245.03949999999998,19416,24100,A,A,primer-uds-north,primer-uds-north,True,5.4332,4.9919,0.4413,-5.405,-4.26,1.144,285,111,-1.38,-2.062,0.682,3.565,6.681,1.9,1.3,0.6,1.16,0.0194,True,True
300,III,244.951,47021,63106,A,A,ceers-full,ceers-full,True,8.0231,5.6557,2.3674,-5.003,-3.95,1.053,234,60,-1.44,-2.097,0.657,3.767,6.896,0.9,2.2,-1.3,3.66,0.0609,True,True
301,III,244.531,48927,53667,A,A,primer-uds-north,primer-uds-north,True,7.9073,4.5639,3.3434,-5.073,-4.837,0.236,242,215,-1.601,-1.947,0.346,4.368,6.008,2.8000000000000003,0.9,1.9,0.78,0.0129,True,True
302,III,244.36299999999997,26495,29372,A,A,primer-cosmos-west,primer-cosmos-west,True,5.0196,5.3858,0.3662,-4.014,-4.978,0.964,69,230,-2.764,-1.465,-1.299,12.75,3.854,1.8,2.2,-0.4,1.22,0.0204,True,True
303,III,244.15699999999998,14258,17986,A,A,primer-uds-south,primer-uds-south,True,5.4719,4.9401,0.5318,-5.323,-3.587,1.736,277,43,-1.848,-2.13,0.282,5.484,7.113,1.8,0.9,0.9,3.34,0.0556,True,True
304,III,244.1435,24081,48927,A,A,primer-uds-north,primer-uds-north,True,5.6564,7.9073,2.2509,-4.252,-5.073,0.821,110,242,-2.416,-1.601,-0.815,9.254,4.368,1.8,2.8000000000000003,-1.0,4.78,0.0796,True,True
305,III,244.0845,23868,41129,A,A,gds,gds,True,8.9276,7.1334,1.7943,-5.234,-4.56,0.674,261,165,-2.742,-3.781,1.039,12.498,32.541,2.6,3.5,-0.9,2.11,0.0351,True,True
306,III,243.91949999999997,71267,71380,A,A,ceers-full,ceers-full,True,7.5175,7.1263,0.3913,-4.649,-3.934,0.715,184,58,-1.507,-2.94,1.432,4.008,14.996,3.1,3.4000000000000004,-0.3,0.24,0.004,True,True
307,III,243.621,33774,70813,A,A,primer-uds-north,primer-uds-north,True,7.1376,4.7063,2.4314,-5.07,-4.49,0.58,241,141,-1.556,-1.951,0.395,4.193,6.032,2.9000000000000004,0.7000000000000001,2.2,4.4,0.0733,True,True
308,III,243.604,21488,59568,A,A,primer-uds-south,primer-uds-south,True,5.414,8.9016,3.4876,-3.634,-4.592,0.958,44,173,-2.732,-2.381,-0.351,12.377,8.958,2.1,2.7,-0.6,4.18,0.0697,True,True
309,III,243.51899999999998,55902,57944,A,A,primer-uds-north,primer-uds-north,True,8.6704,5.2898,3.3806,-4.714,-4.472,0.242,195,137,-1.885,-2.197,0.311,5.677,7.561,2.9000000000000004,1.7000000000000002,1.2,1.16,0.0194,True,True
310,III,243.3645,15233,16152,A,A,primer-cosmos-west,primer-cosmos-west,True,4.986,5.7144,0.7283,-4.455,-4.723,0.268,131,199,-2.324,-1.236,-1.088,8.501,3.122,0.8,0.0,0.8,3.91,0.0652,True,True
311,III,243.28900000000002,14487,17813,A,A,primer-cosmos-east,primer-cosmos-east,True,7.1693,5.2267,1.9426,-5.535,-5.11,0.425,288,250,-1.641,-2.268,0.628,4.531,8.076,2.0,1.8,0.2,2.07,0.0345,True,True
312,III,243.18349999999998,30157,60446,A,A,primer-uds-south,primer-uds-south,True,4.7269,4.3661,0.3609,-5.539,-4.53,1.009,289,152,-1.325,-2.575,1.25,3.387,10.713,0.2,1.2000000000000002,-1.0,4.48,0.0747,True,True
313,III,242.68099999999998,11219,52141,A,A,primer-uds-north,primer-uds-north,True,5.4287,7.1301,1.7014,-3.83,-4.607,0.777,49,179,-2.534,-1.557,-0.977,10.317,4.194,2.7,3.0,-0.3,4.29,0.0716,True,True
314,III,242.5785,40589,48983,A,A,ceers-full,ceers-full,True,8.0067,7.1368,0.8699,-4.478,-3.536,0.941,140,41,-2.066,-2.691,0.626,6.703,11.927,3.3000000000000003,2.7,0.6,4.03,0.0672,True,True
315,III,242.5675,29110,68006,A,A,primer-uds-north,primer-uds-north,True,7.1288,5.1603,1.9685,-4.845,-3.797,1.048,216,47,-2.856,-3.087,0.232,13.874,17.174,2.4000000000000004,1.4,1.0,4.04,0.0674,True,True
316,III,242.334,15393,16083,A,A,primer-cosmos-east,primer-cosmos-east,True,5.6895,4.5779,1.1116,-5.55,-4.498,1.052,290,142,-1.577,-2.059,0.482,4.274,6.663,1.4,1.0,0.4,0.64,0.0106,True,True
317,III_weak,241.7165,21037,32535,A,A,primer-cosmos-west,primer-cosmos-west,True,4.4761,5.7492,1.2731,-4.619,-4.325,0.294,181,118,-3.064,-1.188,-1.876,16.813,2.987,0.7000000000000001,0.6000000000000001,0.1,3.6,0.06,True,False
318,III,241.1865,50988,54661,A,A,primer-cosmos-east,primer-cosmos-east,True,4.5265,5.6676,1.1411,-4.046,-4.975,0.929,73,229,-2.465,-1.441,-1.024,9.68,3.77,1.7000000000000002,3.9,-2.2,1.99,0.0331,True,True
319,III,241.072,28491,31319,A,A,primer-cosmos-west,primer-cosmos-west,True,5.5851,6.3339,0.7488,-4.123,-4.541,0.418,90,155,-2.776,-1.33,-1.446,12.896,3.404,2.0,2.8000000000000003,-0.8,1.6,0.0266,True,True
320,III,240.755,28491,30073,A,A,primer-cosmos-west,primer-cosmos-west,True,5.5851,6.0041,0.419,-4.123,-4.712,0.589,90,194,-2.776,-1.84,-0.936,12.896,5.445,2.0,1.0,1.0,3.31,0.0551,True,True
321,III,240.69500000000002,15257,44681,A,A,primer-uds-north,primer-uds-north,True,6.9201,4.5812,2.339,-4.731,-4.45,0.282,201,129,-1.774,-2.317,0.543,5.126,8.448,1.3,0.8,0.5,3.0,0.0499,True,True
322,III,240.328,42093,59162,A,A,ceers-full,ceers-full,True,6.4459,7.8411,1.3952,-3.857,-4.082,0.225,52,80,-3.058,-1.705,-1.353,16.711,4.808,1.7000000000000002,3.9,-2.2,3.09,0.0515,True,True
323,III,240.1775,70681,71380,A,A,ceers-full,ceers-full,True,7.9008,7.1263,0.7745,-4.347,-3.934,0.412,120,58,-2.016,-2.94,0.924,6.406,14.996,3.8,3.4000000000000004,0.4,2.41,0.0402,True,True
324,III,240.10449999999997,51657,54067,A,A,primer-cosmos-west,primer-cosmos-west,True,4.7941,5.6564,0.8623,-4.096,-5.239,1.144,83,263,-2.491,-2.033,-0.457,9.913,6.506,1.4,0.5,0.9,1.09,0.0181,True,True
325,III,240.09,11501,39711,A,A,primer-uds-south,primer-uds-south,True,4.68,5.462,0.782,-3.982,-5.308,1.327,63,275,-1.939,-1.568,-0.371,5.965,4.238,2.0,1.5,0.5,2.95,0.0491,True,True
326,I,239.65800000000002,59971,66511,A,A,primer-uds-south,primer-uds-south,True,5.3915,7.1308,1.7392,-5.268,-4.004,1.264,268,66,-1.398,-4.011,2.613,3.624,40.221,0.9,3.2,-2.3,2.12,0.0354,False,False
327,III,239.59249999999997,14076,36886,A,A,ceers-full,ceers-full,True,5.6614,4.4499,1.2115,-4.855,-4.236,0.619,218,105,-1.647,-2.303,0.657,4.557,8.344,1.9,1.3,0.6,3.28,0.0546,True,True
328,III,239.53699999999998,33445,57494,A,A,primer-uds-south,primer-uds-south,True,4.3458,4.024,0.3218,-5.25,-4.008,1.242,266,67,-0.735,-1.784,1.049,1.968,5.173,0.0,1.6,-1.6,4.97,0.0829,True,True
329,III,239.46399999999997,26971,31770,A,A,primer-cosmos-east,primer-cosmos-east,True,6.4067,5.7791,0.6276,-4.718,-3.574,1.145,198,42,-1.596,-2.609,1.014,4.347,11.061,0.5,1.9,-1.4,3.12,0.0519,True,True
330,III,239.44849999999997,32237,52141,A,A,primer-uds-north,primer-uds-north,True,4.6122,7.1301,2.5179,-3.896,-4.607,0.711,55,179,-2.263,-1.557,-0.707,8.04,4.194,1.2000000000000002,3.0,-1.8,2.48,0.0414,True,True
331,III,239.341,344,21488,A,A,primer-uds-south,primer-uds-south,True,7.1354,5.414,1.7214,-4.628,-3.634,0.994,183,44,-2.457,-2.732,0.274,9.613,12.377,2.5,2.1,0.4,2.9,0.0484,True,True
332,III_weak,239.29199999999997,27072,40642,A,A,primer-cosmos-east,primer-cosmos-east,True,4.9571,4.6343,0.3228,-2.262,-4.888,2.625,37,221,0.1,-1.114,1.214,0.912,2.791,0.0,0.8,-0.8,4.1,0.0683,True,False
333,I,239.183,37563,41129,A,A,gds,gds,True,5.7131,7.1334,1.4202,-5.356,-4.56,0.796,281,165,-0.801,-3.781,2.98,2.091,32.541,0.1,3.5,-3.4,1.12,0.0186,False,False
334,III,239.019,15393,16408,A,A,primer-cosmos-east,primer-cosmos-east,True,5.6895,4.5749,1.1146,-5.55,-4.505,1.045,290,144,-1.577,-1.996,0.419,4.274,6.287,1.4,1.1,0.3,0.45,0.0075,True,True
335,III,238.7105,7242,13666,A,A,primer-cosmos-west,primer-cosmos-west,True,5.6588,5.2881,0.3707,-5.357,-4.657,0.7,282,185,-1.376,-2.219,0.843,3.55,7.718,2.0,1.4,0.6,2.09,0.0349,True,True
336,III,238.62650000000002,44446,55716,A,A,primer-cosmos-west,primer-cosmos-west,True,7.1315,4.4383,2.6931,-4.731,-4.12,0.611,202,89,-1.938,-2.136,0.198,5.959,7.15,2.8000000000000003,1.9,0.9,4.78,0.0796,True,True
337,III,238.48499999999999,47824,50988,A,A,primer-cosmos-east,primer-cosmos-east,True,5.6555,4.5265,1.129,-4.561,-4.046,0.515,166,73,-1.742,-2.465,0.722,4.977,9.68,2.7,1.7000000000000002,1.0,2.99,0.0498,True,True
338,III,238.307,18537,37563,A,A,gds,gds,True,4.2773,5.7131,1.4358,-4.812,-5.356,0.544,210,281,-1.41,-0.801,-0.609,3.665,2.091,1.2000000000000002,0.1,1.1,2.59,0.0432,True,True
339,III,238.08500000000004,26971,31668,A,A,primer-cosmos-east,primer-cosmos-east,True,6.4067,5.6077,0.799,-4.718,-3.833,0.885,198,51,-1.596,-2.687,1.091,4.347,11.876,0.5,1.6,-1.1,1.53,0.0255,True,True
340,III,238.0415,15257,43738,A,A,primer-uds-north,primer-uds-north,True,6.9201,5.0901,1.8301,-4.731,-4.063,0.668,201,78,-1.774,-2.685,0.911,5.126,11.862,1.3,1.7000000000000002,-0.4,2.81,0.0469,True,True
341,III,237.8405,13074,22483,A,A,primer-cosmos-west,primer-cosmos-west,True,5.2148,7.1355,1.9207,-3.796,-4.222,0.426,46,102,-2.885,-1.86,-1.025,14.255,5.548,2.5,2.7,-0.2,3.58,0.0597,True,True
342,III,237.6465,18804,55902,A,A,primer-uds-north,primer-uds-north,True,4.3173,8.6704,4.3531,-4.229,-4.714,0.485,103,195,-2.141,-1.885,-0.256,7.184,5.677,1.5,2.9000000000000004,-1.4,3.7,0.0617,True,True
343,III,237.2135,33332,52856,A,A,primer-uds-north,primer-uds-north,True,4.542,6.3209,1.7789,-5.076,-5.287,0.211,246,272,-1.182,-0.498,-0.684,2.971,1.582,0.8,0.0,0.8,2.14,0.0357,True,True
344,III,236.6935,52856,57469,A,A,primer-uds-north,primer-uds-north,True,6.3209,5.668,0.6529,-5.287,-4.467,0.82,272,135,-0.498,-1.644,1.146,1.582,4.547,0.0,3.1,-3.1,2.62,0.0437,True,True
345,III_weak,236.6605,22388,52017,A,A,gds,gds,True,7.1819,6.3311,0.8507,-2.943,-5.333,2.39,38,278,-0.785,-1.429,0.644,2.062,3.729,0.2,-99.0,99.2,3.58,0.0597,True,False
346,III,236.5255,20897,60774,A,A,ceers-full,ceers-full,True,4.5331,5.2848,0.7517,-3.869,-4.075,0.205,53,79,-3.669,-2.187,-1.482,29.349,7.495,1.3,2.2,-0.9,4.53,0.0754,True,True
347,III,236.466,14419,19416,A,A,primer-uds-north,primer-uds-north,True,4.8168,5.4332,0.6164,-4.606,-5.405,0.799,178,285,-2.546,-1.38,-1.165,10.429,3.565,0.9,1.9,-1.0,3.72,0.0619,True,True
348,III,236.3835,29106,36327,A,A,primer-uds-north,primer-uds-north,True,5.2048,7.8617,2.6569,-4.528,-5.129,0.601,150,251,-1.936,-1.766,-0.17,5.948,5.086,1.1,0.7000000000000001,0.4,3.39,0.0565,True,True
349,III,236.33900000000003,14487,27765,A,A,primer-cosmos-east,primer-cosmos-east,True,7.1693,5.1726,1.9966,-5.535,-4.457,1.078,288,133,-1.641,-2.222,0.581,4.531,7.74,2.0,2.2,-0.2,4.44,0.0741,True,True
350,III,236.1205,8559,46085,A,A,primer-uds-north,primer-uds-north,True,7.9365,4.7858,3.1507,-4.517,-3.966,0.552,145,61,-1.912,-1.958,0.046,5.818,6.071,3.9,1.3,2.6,3.81,0.0635,True,True
351,III,235.982,15257,32025,A,A,primer-uds-north,primer-uds-north,True,6.9201,4.0433,2.8768,-4.731,-4.381,0.351,201,122,-1.774,-2.02,0.246,5.126,6.426,1.3,0.6000000000000001,0.7,2.09,0.0348,True,True
352,III,235.85799999999998,44681,55902,A,A,primer-uds-north,primer-uds-north,True,4.5812,8.6704,4.0892,-4.45,-4.714,0.264,129,195,-2.317,-1.885,-0.432,8.448,5.677,0.8,2.9000000000000004,-2.1,2.94,0.0491,True,True
353,III,235.845,35111,48927,A,A,primer-uds-north,primer-uds-north,True,5.6563,7.9073,2.251,-4.472,-5.073,0.601,138,242,-2.382,-1.601,-0.781,8.971,4.368,1.9,2.8000000000000003,-0.9,1.72,0.0287,True,True
354,III,235.49,20632,20897,A,A,ceers-full,ceers-full,True,5.6531,4.5331,1.12,-4.107,-3.869,0.238,85,53,-2.838,-3.669,0.831,13.655,29.349,2.0,1.3,0.7,3.09,0.0515,True,True
355,I,235.2475,45637,66511,A,A,primer-uds-south,primer-uds-south,True,4.5363,7.1308,2.5945,-4.45,-4.004,0.446,130,66,-1.252,-4.011,2.759,3.169,40.221,1.2000000000000002,3.2,-2.0,3.84,0.0639,False,False
356,III,235.23600000000002,15393,19462,A,A,primer-cosmos-east,primer-cosmos-east,True,5.6895,4.3651,1.3244,-5.55,-4.94,0.609,290,225,-1.577,-2.119,0.542,4.274,7.039,1.4,0.4,1.0,3.05,0.0508,True,True
357,III,235.12550000000002,33774,53667,A,A,primer-uds-north,primer-uds-north,True,7.1376,4.5639,2.5737,-5.07,-4.837,0.234,241,215,-1.556,-1.947,0.39,4.193,6.008,2.9000000000000004,0.9,2.0,2.23,0.0372,True,True
358,III,235.106,8118,13666,A,A,primer-cosmos-west,primer-cosmos-west,True,5.6424,5.2881,0.3544,-5.08,-4.657,0.423,248,185,-1.277,-2.219,0.942,3.242,7.718,3.9,1.4,2.5,2.26,0.0377,True,True
359,I,234.884,45383,66511,A,A,primer-uds-south,primer-uds-south,True,4.8552,7.1308,2.2756,-5.144,-4.004,1.14,253,66,-1.58,-4.011,2.431,4.285,40.221,0.9,3.2,-2.3,3.85,0.0642,False,False
360,III,234.7765,40799,55423,A,A,primer-cosmos-east,primer-cosmos-east,True,7.6812,5.408,2.2731,-4.551,-4.095,0.456,160,82,-2.636,-2.976,0.34,11.337,15.501,2.6,1.4,1.2,4.81,0.0801,True,True
361,III,234.34699999999998,28748,40589,A,A,ceers-full,ceers-full,True,4.753,8.0067,3.2538,-3.889,-4.478,0.588,54,140,-2.524,-2.066,-0.458,10.224,6.703,1.3,3.3000000000000003,-2.0,3.56,0.0593,True,True
362,III,234.291,58630,72956,A,A,ceers-full,ceers-full,True,4.5468,8.9042,4.3574,-4.326,-4.596,0.271,119,175,-2.016,-1.699,-0.316,6.401,4.784,0.9,2.1,-1.2,1.66,0.0277,True,True
363,III,234.243,21488,25430,A,A,primer-uds-south,primer-uds-south,True,5.414,7.1282,1.7142,-3.634,-4.556,0.921,44,162,-2.732,-2.014,-0.718,12.377,6.389,2.1,2.7,-0.6,3.69,0.0615,True,True
364,III,234.05,44681,71893,A,A,primer-uds-north,primer-uds-north,True,4.5812,6.4292,1.848,-4.45,-5.236,0.786,129,262,-2.317,-1.562,-0.755,8.448,4.213,0.8,1.7000000000000002,-0.9,4.78,0.0796,True,True
365,III,234.0465,14487,20187,A,A,primer-cosmos-east,primer-cosmos-east,True,7.1693,6.6082,0.5611,-5.535,-4.12,1.416,288,88,-1.641,-2.403,0.763,4.531,9.146,2.0,2.4000000000000004,-0.4,2.91,0.0485,True,True
366,III,233.9435,50716,66511,A,A,primer-uds-south,primer-uds-south,True,7.8636,7.1308,0.7329,-4.548,-4.004,0.545,157,66,-2.779,-4.011,1.232,12.935,40.221,2.7,3.2,-0.5,2.16,0.036,True,True
367,III,233.787,14487,21943,A,A,primer-cosmos-east,primer-cosmos-east,True,7.1693,4.7155,2.4538,-5.535,-5.049,0.486,288,239,-1.641,-1.888,0.248,4.531,5.692,2.0,0.8,1.2,3.36,0.0561,True,True
368,III,233.6945,29303,46281,A,A,gds,gds,True,5.986,4.7896,1.1963,-5.076,-4.676,0.4,245,188,-1.415,-2.09,0.675,3.681,6.853,2.0,-99.0,101.0,2.11,0.0352,True,True
369,III,233.45499999999998,1498,14381,A,A,gds,gds,True,4.6634,5.4444,0.781,-4.294,-5.162,0.868,114,256,-2.958,-1.944,-1.014,15.251,5.992,1.4,3.0,-1.6,1.57,0.0262,True,True
370,III,232.83400000000003,1544,24100,A,A,primer-uds-north,primer-uds-north,True,5.4635,4.9919,0.4716,-5.142,-4.26,0.882,252,111,-0.976,-2.062,1.086,2.456,6.681,1.0,1.3,-0.3,4.62,0.0769,True,True
371,III,232.757,11501,30520,A,A,primer-uds-south,primer-uds-south,True,4.68,5.3498,0.6698,-3.982,-5.029,1.047,63,237,-1.939,-1.513,-0.426,5.965,4.028,2.0,0.9,1.1,2.64,0.044,True,True
372,III,232.72050000000002,29303,46221,A,A,gds,gds,True,5.986,4.0452,1.9407,-5.076,-4.548,0.527,245,158,-1.415,-1.771,0.356,3.681,5.111,2.0,-99.0,101.0,2.13,0.0354,True,True
373,III,232.557,17986,39711,A,A,primer-uds-south,primer-uds-south,True,4.9401,5.462,0.5218,-3.587,-5.308,1.721,43,275,-2.13,-1.568,-0.562,7.113,4.238,0.9,1.5,-0.6,3.86,0.0644,True,True
374,III,232.26699999999997,35367,51983,A,A,gds,gds,True,5.4895,7.1353,1.6458,-3.899,-4.665,0.766,56,187,-3.012,-2.719,-0.292,16.019,12.24,2.3000000000000003,-99.0,101.3,3.33,0.0555,True,True
375,III,231.98850000000002,29568,33230,A,A,primer-cosmos-west,primer-cosmos-west,True,4.3603,4.7522,0.3919,-4.937,-5.169,0.232,224,257,-2.198,-1.215,-0.983,7.57,3.062,0.4,0.2,0.2,1.4,0.0234,True,True
376,III,231.53549999999998,15233,18540,A,A,primer-cosmos-west,primer-cosmos-west,True,4.986,8.9337,3.9477,-4.455,-4.869,0.414,131,219,-2.324,-2.025,-0.298,8.501,6.458,0.8,1.7000000000000002,-0.9,0.93,0.0154,True,True
377,III,231.3875,1381,43738,A,A,primer-uds-north,primer-uds-north,True,5.6626,5.0901,0.5725,-5.288,-4.063,1.225,274,78,-2.364,-2.685,0.321,8.826,11.862,3.1,1.7000000000000002,1.4,4.48,0.0747,True,True
378,I,231.063,30191,66511,A,A,primer-uds-south,primer-uds-south,True,4.0366,7.1308,3.0942,-5.243,-4.004,1.24,265,66,-1.962,-4.011,2.049,6.093,40.221,0.0,3.2,-3.2,4.86,0.081,False,False
379,III,230.85150000000002,1939,15257,A,A,primer-uds-north,primer-uds-north,True,4.3621,6.9201,2.5581,-4.526,-4.731,0.206,148,201,-2.601,-1.774,-0.826,10.972,5.126,1.3,1.3,0.0,2.3,0.0383,True,True
380,III,230.787,29110,42859,A,A,primer-uds-north,primer-uds-north,True,7.1288,6.5809,0.5478,-4.845,-4.421,0.424,216,126,-2.856,-3.653,0.797,13.874,28.92,2.4000000000000004,1.2000000000000002,1.2,2.39,0.0398,True,True
381,III,230.62,24081,55902,A,A,primer-uds-north,primer-uds-north,True,5.6564,8.6704,3.014,-4.252,-4.714,0.462,110,195,-2.416,-1.885,-0.531,9.254,5.677,1.8,2.9000000000000004,-1.1,3.51,0.0584,True,True
382,III,230.52349999999998,32880,60046,A,A,primer-uds-south,primer-uds-south,True,4.756,5.4628,0.7069,-4.821,-5.145,0.324,211,254,-2.281,-0.977,-1.304,8.176,2.46,0.9,1.0,-0.1,3.99,0.0664,True,True
383,III,230.49399999999997,1072,24081,A,A,primer-uds-north,primer-uds-north,True,8.906,5.6564,3.2496,-4.592,-4.252,0.34,174,110,-2.385,-2.416,0.031,8.992,9.254,2.7,1.8,0.9,2.95,0.0492,True,True
384,III,230.084,20632,40589,A,A,ceers-full,ceers-full,True,5.6531,8.0067,2.3536,-4.107,-4.478,0.371,85,140,-2.838,-2.066,-0.773,13.655,6.703,2.0,3.3000000000000003,-1.3,1.99,0.0332,True,True
385,III_weak,229.912,59162,68816,A,A,ceers-full,ceers-full,True,7.8411,4.5323,3.3088,-4.082,-4.383,0.301,80,123,-1.705,-2.73,1.025,4.808,12.354,3.9,0.7000000000000001,3.2,1.5,0.025,True,False
386,I_conflict,229.51600000000002,27072,42464,A,A,primer-cosmos-east,primer-cosmos-east,True,4.9571,5.3675,0.4104,-2.262,-4.089,1.827,37,81,0.1,-1.971,2.071,0.912,6.143,0.0,2.3000000000000003,-2.3,4.77,0.0795,False,True
387,III_weak,229.4405,55634,59880,A,A,primer-uds-south,primer-uds-south,True,6.8798,5.6631,1.2167,-4.423,-5.281,0.858,127,270,-0.551,-2.36,1.809,1.661,8.792,0.1,3.2,-3.1,4.15,0.0691,True,False
388,III,229.3805,8559,24100,A,A,primer-uds-north,primer-uds-north,True,7.9365,4.9919,2.9447,-4.517,-4.26,0.257,145,111,-1.912,-2.062,0.15,5.818,6.681,3.9,1.3,2.6,2.11,0.0352,True,True
389,III,229.28949999999998,36985,61323,A,A,ceers-full,ceers-full,True,5.6537,7.127,1.4733,-4.161,-4.499,0.338,97,143,-2.899,-2.358,-0.541,14.441,8.772,2.0,1.7000000000000002,0.3,2.82,0.047,True,True
390,III,229.258,64273,66007,A,A,primer-uds-north,primer-uds-north,True,7.1316,4.5963,2.5352,-4.962,-4.557,0.406,227,163,-2.553,-2.733,0.181,10.497,12.397,2.0,0.7000000000000001,1.3,0.2,0.0034,True,True
391,III,228.863,47824,50325,A,A,primer-cosmos-east,primer-cosmos-east,True,5.6555,6.4277,0.7722,-4.561,-5.032,0.471,166,238,-1.742,-1.079,-0.663,4.977,2.702,2.7,0.1,2.6,1.76,0.0294,True,True
392,III,228.83950000000002,14086,16563,A,A,primer-cosmos-east,primer-cosmos-east,True,7.1273,5.022,2.1053,-4.704,-4.017,0.687,192,70,-2.633,-2.766,0.133,11.302,12.775,1.9,1.8,0.1,1.98,0.033,True,True
393,III,228.7015,20010,23054,A,A,ceers-full,ceers-full,True,8.9344,6.8683,2.0661,-4.968,-4.611,0.357,228,180,-1.495,-1.835,0.34,3.964,5.421,3.7,2.1,1.6,1.2,0.02,True,True
394,III,228.48049999999998,5434,29303,A,A,gds,gds,True,4.1073,5.986,1.8787,-4.431,-5.076,0.645,128,245,-2.133,-1.415,-0.719,7.135,3.681,1.3,2.0,-0.7,2.89,0.0482,True,True
395,III,228.455,2981,5434,A,A,gds,gds,True,4.8122,4.1073,0.705,-5.367,-4.431,0.936,283,128,-1.738,-2.133,0.396,4.956,7.135,2.2,1.3,0.9,1.99,0.0331,True,True
396,III,228.20749999999998,21037,30145,A,A,primer-cosmos-west,primer-cosmos-west,True,4.4761,5.6646,1.1885,-4.619,-5.1,0.481,181,249,-3.064,-2.046,-1.019,16.813,6.58,0.7000000000000001,2.0,-1.3,2.89,0.0482,True,True
397,III,227.866,11967,16083,A,A,primer-cosmos-east,primer-cosmos-east,True,5.4823,4.5779,0.9044,-5.508,-4.498,1.01,286,142,-1.78,-2.059,0.28,5.15,6.663,3.1,1.0,2.1,1.8,0.03,True,True
398,III,227.8255,30520,60446,A,A,primer-uds-south,primer-uds-south,True,5.3498,4.3661,0.9837,-5.029,-4.53,0.499,237,152,-1.513,-2.575,1.062,4.028,10.713,0.9,1.2000000000000002,-0.3,3.3,0.055,True,True
399,III,227.76299999999998,20632,71321,A,A,ceers-full,ceers-full,True,5.6531,7.1293,1.4762,-4.107,-4.476,0.369,85,139,-2.838,-2.347,-0.491,13.655,8.687,2.0,1.9,0.1,4.58,0.0764,True,True
400,III,227.3285,64273,70423,A,A,primer-uds-north,primer-uds-north,True,7.1316,5.4777,1.6539,-4.962,-4.663,0.299,227,186,-2.553,-3.024,0.471,10.497,16.198,2.0,0.6000000000000001,1.4,0.82,0.0136,True,True
401,III,227.232,16083,26971,A,A,primer-cosmos-east,primer-cosmos-east,True,4.5779,6.4067,1.8288,-4.498,-4.718,0.22,142,198,-2.059,-1.596,-0.464,6.663,4.347,1.0,0.5,0.5,3.36,0.0561,True,True
402,III,227.20100000000002,47509,55783,A,A,primer-uds-south,primer-uds-south,True,5.6594,4.626,1.0334,-4.995,-4.261,0.735,233,112,-1.689,-2.082,0.393,4.74,6.805,1.8,1.4,0.4,0.97,0.0161,True,True
403,III,227.184,19462,23571,A,A,primer-cosmos-east,primer-cosmos-east,True,4.3651,4.7607,0.3956,-4.94,-5.17,0.23,225,258,-2.119,-1.232,-0.887,7.039,3.11,0.4,0.2,0.2,1.4,0.0234,True,True
404,III,226.2565,52017,65646,A,A,gds,gds,True,6.3311,5.6581,0.6731,-5.333,-4.686,0.647,278,189,-1.429,-2.464,1.035,3.729,9.674,-99.0,-99.0,0.0,2.02,0.0337,True,True
405,III,225.883,55490,71267,A,A,ceers-full,ceers-full,True,7.1493,7.5175,0.3682,-3.522,-4.649,1.127,40,184,-2.338,-1.507,-0.831,8.618,4.008,2.7,3.1,-0.4,3.18,0.053,True,True
406,III,225.57899999999998,23571,32928,A,A,primer-cosmos-east,primer-cosmos-east,True,4.7607,4.4581,0.3026,-5.17,-4.027,1.143,258,71,-1.232,-2.067,0.835,3.11,6.712,0.2,1.7000000000000002,-1.5,2.72,0.0453,True,True
407,III,225.25549999999998,17986,30520,A,A,primer-uds-south,primer-uds-south,True,4.9401,5.3498,0.4097,-3.587,-5.029,1.442,43,237,-2.13,-1.513,-0.617,7.113,4.028,0.9,0.9,0.0,2.03,0.0339,True,True
408,III_weak,225.23649999999998,67137,71321,A,A,ceers-full,ceers-full,True,7.4965,7.1293,0.3671,-4.25,-4.476,0.226,108,139,-0.488,-2.347,1.859,1.568,8.687,3.9,1.9,2.0,4.03,0.0671,True,False
409,III,225.144,42656,47165,A,A,primer-cosmos-west,primer-cosmos-west,True,5.6854,5.2338,0.4516,-4.811,-4.313,0.499,209,117,-1.289,-1.957,0.668,3.277,6.063,3.9,2.3000000000000003,1.6,1.43,0.0238,True,True
410,III,225.1385,19416,22773,A,A,primer-uds-north,primer-uds-north,True,5.4332,4.4013,1.0319,-5.405,-4.533,0.872,285,153,-1.38,-1.65,0.27,3.565,4.573,1.9,1.3,0.6,1.34,0.0223,True,True
411,I,224.8595,18893,31770,A,A,primer-cosmos-east,primer-cosmos-east,True,4.8477,5.7791,0.9313,-5.582,-3.574,2.008,292,42,-0.496,-2.609,2.113,1.58,11.061,0.1,1.9,-1.8,3.51,0.0585,False,False
412,III_weak,224.579,37878,55634,A,A,primer-uds-south,primer-uds-south,True,4.7732,6.8798,2.1066,-5.154,-4.423,0.731,255,127,-1.572,-0.551,-1.021,4.253,1.661,0.8,0.1,0.7,2.62,0.0437,True,False
413,III,224.55949999999999,51593,59880,A,A,primer-uds-south,primer-uds-south,True,4.4579,5.6631,1.2053,-4.455,-5.281,0.826,132,270,-3.094,-2.36,-0.734,17.278,8.792,1.0,3.2,-2.2,4.14,0.069,True,True
414,III,224.551,11967,16408,A,A,primer-cosmos-east,primer-cosmos-east,True,5.4823,4.5749,0.9074,-5.508,-4.505,1.003,286,144,-1.78,-1.996,0.217,5.15,6.287,3.1,1.1,2.0,2.07,0.0344,True,True
415,III,224.38150000000002,13074,22379,A,A,primer-cosmos-west,primer-cosmos-west,True,5.2148,5.7349,0.5201,-3.796,-4.828,1.031,46,212,-2.885,-2.572,-0.313,14.255,10.687,2.5,0.9,1.6,2.66,0.0444,True,True
416,III,224.1975,1381,1939,A,A,primer-uds-north,primer-uds-north,True,5.6626,4.3621,1.3005,-5.288,-4.526,0.763,274,148,-2.364,-2.601,0.236,8.826,10.972,3.1,1.3,1.8,2.27,0.0378,True,True
417,III,224.17350000000002,51514,54661,A,A,primer-cosmos-east,primer-cosmos-east,True,4.4367,5.6676,1.2309,-4.118,-4.975,0.857,87,229,-2.14,-1.441,-0.7,7.18,3.77,1.9,3.9,-2.0,1.61,0.0269,True,True
418,III,224.172,14487,19946,A,A,primer-cosmos-east,primer-cosmos-east,True,7.1693,5.9744,1.1948,-5.535,-4.715,0.82,288,196,-1.641,-1.873,0.233,4.531,5.613,2.0,1.0,1.0,1.91,0.0319,True,True
419,III,223.94699999999997,16408,26971,A,A,primer-cosmos-east,primer-cosmos-east,True,4.5749,6.4067,1.8318,-4.505,-4.718,0.214,144,198,-1.996,-1.596,-0.401,6.287,4.347,1.1,0.5,0.6,3.4,0.0566,True,True
420,III,223.93800000000002,25430,52581,A,A,primer-uds-south,primer-uds-south,True,7.1282,6.167,0.9612,-4.556,-4.052,0.504,162,74,-2.014,-2.502,0.488,6.389,10.017,2.7,1.3,1.4,4.03,0.0671,True,True
421,III,223.6315,32986,52856,A,A,primer-uds-north,primer-uds-north,True,4.1527,6.3209,2.1681,-5.021,-5.287,0.267,236,272,-1.26,-0.498,-0.762,3.192,1.582,0.0,0.0,0.0,2.38,0.0397,True,True
422,III_weak,223.44899999999998,45383,55634,A,A,primer-uds-south,primer-uds-south,True,4.8552,6.8798,2.0246,-5.144,-4.423,0.721,253,127,-1.58,-0.551,-1.029,4.285,1.661,0.9,0.1,0.8,2.03,0.0338,True,False
423,III,223.42950000000002,33898,57494,A,A,primer-uds-south,primer-uds-south,True,4.5453,4.024,0.5213,-5.24,-4.008,1.232,264,67,-1.111,-1.784,0.673,2.782,5.173,1.2000000000000002,1.6,-0.4,2.65,0.0442,True,True
424,III,223.383,6756,42093,A,A,ceers-full,ceers-full,True,7.1361,6.4459,0.6902,-4.153,-3.857,0.296,95,52,-2.375,-3.058,0.683,8.91,16.711,2.5,1.7000000000000002,0.8,4.08,0.0679,True,True
425,III,223.2925,40799,52084,A,A,primer-cosmos-east,primer-cosmos-east,True,7.6812,7.0756,0.6055,-4.551,-3.658,0.892,160,45,-2.636,-2.985,0.349,11.337,15.637,2.6,1.6,1.0,3.6,0.0601,True,True
426,III,223.15500000000003,26495,30145,A,A,primer-cosmos-west,primer-cosmos-west,True,5.0196,5.6646,0.645,-4.014,-5.1,1.086,69,249,-2.764,-2.046,-0.718,12.75,6.58,1.8,2.0,-0.2,2.68,0.0446,True,True
427,III,222.7365,59880,60446,A,A,primer-uds-south,primer-uds-south,True,5.6631,4.3661,1.2971,-5.281,-4.53,0.751,270,152,-2.36,-2.575,0.215,8.792,10.713,3.2,1.2000000000000002,2.0,2.27,0.0378,True,True
428,III,222.733,56783,64273,A,A,primer-uds-north,primer-uds-north,True,5.3134,7.1316,1.8182,-4.576,-4.962,0.387,169,227,-3.33,-2.553,-0.777,21.479,10.497,1.8,2.0,-0.2,1.04,0.0173,True,True
429,III,222.52949999999998,50988,52124,A,A,primer-cosmos-east,primer-cosmos-east,True,4.5265,4.8338,0.3073,-4.046,-4.691,0.644,73,190,-2.465,-1.893,-0.572,9.68,5.717,1.7000000000000002,1.2000000000000002,0.5,1.6,0.0266,True,True
430,III,222.2845,23575,68006,A,A,primer-uds-north,primer-uds-north,True,5.6606,5.1603,0.5003,-4.518,-3.797,0.721,146,47,-2.624,-3.087,0.463,11.212,17.174,2.0,1.4,0.6,4.96,0.0826,True,True
431,III,221.8665,36872,68947,A,A,primer-uds-south,primer-uds-south,True,7.1351,5.656,1.4791,-4.47,-3.973,0.496,136,62,-2.842,-3.138,0.296,13.703,17.991,2.4000000000000004,2.2,0.2,4.89,0.0816,True,True
432,III,221.79749999999999,23107,60446,A,A,primer-uds-south,primer-uds-south,True,4.9525,4.3661,0.5865,-5.525,-4.53,0.995,287,152,-1.812,-2.575,0.763,5.304,10.713,0.3,1.2000000000000002,-0.9,3.98,0.0664,True,True
433,III,221.472,47824,51514,A,A,primer-cosmos-east,primer-cosmos-east,True,5.6555,4.4367,1.2188,-4.561,-4.118,0.443,166,87,-1.742,-2.14,0.398,4.977,7.18,2.7,1.9,0.8,1.17,0.0196,True,True
434,III_weak,221.376,14605,39509,A,A,gds,gds,True,6.9281,4.2877,2.6404,-4.925,-5.284,0.359,223,271,-0.742,-1.762,1.02,1.981,5.066,2.5,0.8,1.7,3.02,0.0504,True,False
435,III,221.28250000000003,10696,14487,A,A,primer-cosmos-east,primer-cosmos-east,True,5.6678,7.1693,1.5015,-4.703,-5.535,0.832,191,288,-2.216,-1.641,-0.576,7.701,4.531,1.2000000000000002,2.0,-0.8,2.21,0.0369,True,True
436,III,221.2305,32025,52141,A,A,primer-uds-north,primer-uds-north,True,4.0433,7.1301,3.0867,-4.381,-4.607,0.226,122,179,-2.02,-1.557,-0.463,6.426,4.194,0.6000000000000001,3.0,-2.4,1.93,0.0322,True,True
437,III,221.216,48983,59162,A,A,ceers-full,ceers-full,True,7.1368,7.8411,0.7044,-3.536,-4.082,0.545,41,80,-2.691,-1.705,-0.986,11.927,4.808,2.7,3.9,-1.2,3.91,0.0651,True,True
438,III,221.0865,6756,28748,A,A,ceers-full,ceers-full,True,7.1361,4.753,2.3831,-4.153,-3.889,0.263,95,54,-2.375,-2.524,0.149,8.91,10.224,2.5,1.3,1.2,3.82,0.0636,True,True
439,III,221.06900000000002,14076,58630,A,A,ceers-full,ceers-full,True,5.6614,4.5468,1.1146,-4.855,-4.326,0.53,218,119,-1.647,-2.016,0.369,4.557,6.401,1.9,0.9,1.0,3.92,0.0653,True,True
440,I,220.9985,33445,50716,A,A,primer-uds-south,primer-uds-south,True,4.3458,7.8636,3.5179,-5.25,-4.548,0.701,266,157,-0.735,-2.779,2.044,1.968,12.935,0.0,2.7,-2.7,2.05,0.0342,False,False
441,III,220.97150000000002,54603,57944,A,A,primer-uds-north,primer-uds-north,True,5.6519,5.2898,0.3621,-5.075,-4.472,0.603,244,137,-1.647,-2.197,0.549,4.56,7.561,2.5,1.7000000000000002,0.8,0.87,0.0145,True,True
442,III,220.9635,53626,55716,A,A,primer-cosmos-west,primer-cosmos-west,True,5.6552,4.4383,1.2169,-4.572,-4.12,0.452,168,89,-1.753,-2.136,0.383,5.024,7.15,2.7,1.9,0.8,1.17,0.0196,True,True
443,III,220.88250000000002,46281,52017,A,A,gds,gds,True,4.7896,6.3311,1.5415,-4.676,-5.333,0.657,188,278,-2.09,-1.429,-0.661,6.853,3.729,-99.0,-99.0,0.0,2.72,0.0453,True,True
444,III,220.718,11967,19462,A,A,primer-cosmos-east,primer-cosmos-east,True,5.4823,4.3651,1.1172,-5.508,-4.94,0.567,286,225,-1.78,-2.119,0.339,5.15,7.039,3.1,0.4,2.7,3.02,0.0503,True,True
445,III,220.5065,45383,60446,A,A,primer-uds-south,primer-uds-south,True,4.8552,4.3661,0.4891,-5.144,-4.53,0.614,253,152,-1.58,-2.575,0.995,4.285,10.713,0.9,1.2000000000000002,-0.3,3.93,0.0655,True,True
446,III,220.35699999999997,13736,40589,A,A,ceers-full,ceers-full,True,5.357,8.0067,2.6498,-4.06,-4.478,0.417,77,140,-2.527,-2.066,-0.462,10.254,6.703,1.4,3.3000000000000003,-1.9,4.42,0.0737,True,True
447,III,219.9765,37878,60446,A,A,primer-uds-south,primer-uds-south,True,4.7732,4.3661,0.4071,-5.154,-4.53,0.624,255,152,-1.572,-2.575,1.003,4.253,10.713,0.8,1.2000000000000002,-0.4,2.52,0.042,True,True
448,III,219.9085,46221,52017,A,A,gds,gds,True,4.0452,6.3311,2.2859,-4.548,-5.333,0.784,158,278,-1.771,-1.429,-0.342,5.111,3.729,-99.0,-99.0,0.0,1.62,0.027,True,True
449,III,219.86849999999998,50325,52124,A,A,primer-cosmos-east,primer-cosmos-east,True,6.4277,4.8338,1.5939,-5.032,-4.691,0.342,238,190,-1.079,-1.893,0.814,2.702,5.717,0.1,1.2000000000000002,-1.1,2.86,0.0476,True,True
450,III,219.80599999999998,23868,45202,A,A,gds,gds,True,8.9276,7.1313,1.7964,-5.234,-4.571,0.662,261,167,-2.742,-3.302,0.56,12.498,20.926,2.6,2.8000000000000003,-0.2,2.55,0.0425,True,True
451,III,219.5655,47021,71321,A,A,ceers-full,ceers-full,True,8.0231,7.1293,0.8937,-5.003,-4.476,0.527,234,139,-1.44,-2.347,0.907,3.767,8.687,0.9,1.9,-1.0,3.2,0.0534,True,True
452,III,219.49299999999997,46085,52141,A,A,primer-uds-north,primer-uds-north,True,4.7858,7.1301,2.3442,-3.966,-4.607,0.641,61,179,-1.958,-1.557,-0.402,6.071,4.194,1.3,3.0,-1.7,0.75,0.0124,True,True
453,III_weak,219.27949999999998,42014,52856,A,A,primer-uds-north,primer-uds-north,True,4.5516,6.3209,1.7693,-5.575,-5.287,0.288,291,272,-1.78,-0.498,-1.282,5.153,1.582,0.3,0.0,0.3,1.9,0.0316,True,False
454,III,219.0875,22049,71267,A,A,ceers-full,ceers-full,True,7.135,7.5175,0.3825,-4.149,-4.649,0.5,94,184,-2.575,-1.507,-1.067,10.714,4.008,2.5,3.1,-0.6,4.98,0.083,True,True
455,I,219.07299999999998,32986,42859,A,A,primer-uds-north,primer-uds-north,True,4.1527,6.5809,2.4282,-5.021,-4.421,0.6,236,126,-1.26,-3.653,2.393,3.192,28.92,0.0,1.2000000000000002,-1.2,3.02,0.0504,False,False
456,III,218.84499999999997,52856,54603,A,A,primer-uds-north,primer-uds-north,True,6.3209,5.6519,0.669,-5.287,-5.075,0.212,272,244,-0.498,-1.647,1.149,1.582,4.56,0.0,2.5,-2.5,2.81,0.0468,True,True
457,I,218.78500000000003,33332,42859,A,A,primer-uds-north,primer-uds-north,True,4.542,6.5809,2.039,-5.076,-4.421,0.655,246,126,-1.182,-3.653,2.471,2.971,28.92,0.8,1.2000000000000002,-0.4,3.38,0.0564,False,False
458,III,218.76,44531,65646,A,A,gds,gds,True,7.1241,5.6581,1.466,-4.951,-4.686,0.264,226,189,-2.087,-2.464,0.377,6.839,9.674,1.5,-99.0,100.5,4.77,0.0796,True,True
459,III_weak,218.6985,39711,55634,A,A,primer-uds-south,primer-uds-south,True,5.462,6.8798,1.4179,-5.308,-4.423,0.886,275,127,-1.568,-0.551,-1.017,4.238,1.661,1.5,0.1,1.4,3.34,0.0556,True,False
460,III,218.6375,29106,48927,A,A,primer-uds-north,primer-uds-north,True,5.2048,7.9073,2.7025,-4.528,-5.073,0.545,150,242,-1.936,-1.601,-0.335,5.948,4.368,1.1,2.8000000000000003,-1.7,3.75,0.0625,True,True
461,III,218.589,26971,32928,A,A,primer-cosmos-east,primer-cosmos-east,True,6.4067,4.4581,1.9486,-4.718,-4.027,0.692,198,71,-1.596,-2.067,0.472,4.347,6.712,0.5,1.7000000000000002,-1.2,1.94,0.0324,True,True
462,III,218.529,45637,60046,A,A,primer-uds-south,primer-uds-south,True,4.5363,5.4628,0.9266,-4.45,-5.145,0.696,130,254,-1.252,-0.977,-0.275,3.169,2.46,1.2000000000000002,1.0,0.2,2.58,0.0429,True,True
463,III,218.40200000000002,25430,69772,A,A,primer-uds-south,primer-uds-south,True,7.1282,5.4294,1.6988,-4.556,-3.832,0.724,162,50,-2.014,-2.537,0.524,6.389,10.35,2.7,2.7,0.0,4.93,0.0822,True,True
464,I,218.37,18893,31668,A,A,primer-cosmos-east,primer-cosmos-east,True,4.8477,5.6077,0.76,-5.582,-3.833,1.749,292,51,-0.496,-2.687,2.19,1.58,11.876,0.1,1.6,-1.5,4.06,0.0677,False,False
465,III_weak,218.1945,30600,41179,A,A,ceers-full,ceers-full,True,4.0259,7.2423,3.2163,-4.874,-4.229,0.645,220,104,-2.492,-1.38,-1.112,9.925,3.564,0.6000000000000001,2.1,-1.5,3.74,0.0623,True,False
466,III_weak,217.9015,67137,73890,A,A,ceers-full,ceers-full,True,7.4965,5.6603,1.8361,-4.25,-4.777,0.527,108,205,-0.488,-1.579,1.091,1.568,4.282,3.9,3.0,0.9,2.22,0.0369,True,False
467,III,217.851,44435,51593,A,A,primer-uds-south,primer-uds-south,True,5.1733,4.4579,0.7154,-4.854,-4.455,0.399,217,132,-2.591,-3.094,0.503,10.873,17.278,1.1,1.0,0.1,0.83,0.0138,True,True
468,III,217.8385,43738,57469,A,A,primer-uds-north,primer-uds-north,True,5.0901,5.668,0.5779,-4.063,-4.467,0.404,78,135,-2.685,-1.644,-1.041,11.862,4.547,1.7000000000000002,3.1,-1.4,1.44,0.024,True,True
469,III,217.80450000000002,61378,69936,A,A,primer-uds-north,primer-uds-north,True,7.4583,7.034,0.4243,-5.262,-4.529,0.733,267,151,-1.003,-1.392,0.389,2.52,3.605,2.2,2.1,0.1,4.81,0.0802,True,True
470,III,217.762,15393,27765,A,A,primer-cosmos-east,primer-cosmos-east,True,5.6895,5.1726,0.5168,-5.55,-4.457,1.092,290,133,-1.577,-2.222,0.645,4.274,7.74,1.4,2.2,-0.8,3.61,0.0602,True,True
471,III,217.662,19946,31668,A,A,primer-cosmos-east,primer-cosmos-east,True,5.9744,5.6077,0.3668,-4.715,-3.833,0.882,196,51,-1.873,-2.687,0.814,5.613,11.876,1.0,1.6,-0.6,3.22,0.0536,True,True
472,III,217.512,36886,40589,A,A,ceers-full,ceers-full,True,4.4499,8.0067,3.5568,-4.236,-4.478,0.242,105,140,-2.303,-2.066,-0.238,8.344,6.703,1.3,3.3000000000000003,-2.0,0.49,0.0081,True,True
473,III,217.482,15257,18804,A,A,primer-uds-north,primer-uds-north,True,6.9201,4.3173,2.6028,-4.731,-4.229,0.503,201,103,-1.774,-2.141,0.367,5.126,7.184,1.3,1.5,-0.2,4.1,0.0683,True,True
474,III,217.4685,14258,32880,A,A,primer-uds-south,primer-uds-south,True,5.4719,4.756,0.7159,-5.323,-4.821,0.501,277,211,-1.848,-2.281,0.434,5.484,8.176,1.8,0.9,0.9,2.34,0.0389,True,True
475,III,217.466,13736,14076,A,A,ceers-full,ceers-full,True,5.357,5.6614,0.3044,-4.06,-4.855,0.795,77,218,-2.527,-1.647,-0.881,10.254,4.557,1.4,1.9,-0.5,1.1,0.0183,True,True
476,III,217.16699999999997,48540,50988,A,A,primer-cosmos-east,primer-cosmos-east,True,5.6562,4.5265,1.1298,-5.23,-4.046,1.184,260,73,-2.07,-2.465,0.394,6.732,9.68,0.4,1.7000000000000002,-1.3,3.73,0.0621,True,True
477,III,216.7895,19416,31645,A,A,primer-uds-north,primer-uds-north,True,5.4332,4.7559,0.6773,-5.405,-4.758,0.646,285,203,-1.38,-1.725,0.345,3.565,4.897,1.9,0.8,1.1,3.43,0.0571,True,True
478,III,216.76100000000002,57944,71893,A,A,primer-uds-north,primer-uds-north,True,5.2898,6.4292,1.1394,-4.472,-5.236,0.764,137,262,-2.197,-1.562,-0.635,7.561,4.213,1.7000000000000002,1.7000000000000002,0.0,1.69,0.0282,True,True
479,III,216.66750000000002,50325,51855,A,A,primer-cosmos-east,primer-cosmos-east,True,6.4277,4.6512,1.7765,-5.032,-4.198,0.834,238,101,-1.079,-1.48,0.4,2.702,3.907,0.1,0.7000000000000001,-0.6,1.2,0.02,True,True
480,III,216.37,39711,57494,A,A,primer-uds-south,primer-uds-south,True,5.462,4.024,1.438,-5.308,-4.008,1.3,275,67,-1.568,-1.784,0.216,4.238,5.173,1.5,1.6,-0.1,3.62,0.0604,True,True
481,III,215.8345,53667,61010,A,A,primer-uds-north,primer-uds-north,True,4.5639,7.1342,2.5703,-4.837,-5.287,0.451,215,273,-1.947,-1.572,-0.375,6.008,4.253,0.9,1.0,-0.1,3.01,0.0501,True,True
482,III,215.7455,13666,18540,A,A,primer-cosmos-west,primer-cosmos-west,True,5.2881,8.9337,3.6457,-4.657,-4.869,0.212,185,219,-2.219,-2.025,-0.194,7.718,6.458,1.4,1.7000000000000002,-0.3,3.86,0.0644,True,True
483,III,215.427,52581,67076,A,A,primer-uds-south,primer-uds-south,True,6.167,7.9368,1.7698,-4.052,-4.528,0.476,74,149,-2.502,-1.909,-0.592,10.017,5.804,1.3,3.9,-2.6,3.97,0.0661,True,True
484,III_weak,215.338,30600,59162,A,A,ceers-full,ceers-full,True,4.0259,7.8411,3.8152,-4.874,-4.082,0.792,220,80,-2.492,-1.705,-0.787,9.925,4.808,0.6000000000000001,3.9,-3.3,2.76,0.046,True,False
485,III,215.229,32025,33332,A,A,primer-uds-north,primer-uds-north,True,4.0433,4.542,0.4986,-4.381,-5.076,0.695,122,246,-2.02,-1.182,-0.838,6.426,2.971,0.6000000000000001,0.8,-0.2,2.84,0.0474,True,True
486,III,215.19,15393,21943,A,A,primer-cosmos-east,primer-cosmos-east,True,5.6895,4.7155,0.974,-5.55,-5.049,0.501,290,239,-1.577,-1.888,0.311,4.274,5.692,1.4,0.8,0.6,2.08,0.0347,True,True
487,III_weak,215.1705,22388,37563,A,A,gds,gds,True,7.1819,5.7131,1.4687,-2.943,-5.356,2.413,38,281,-0.785,-0.801,0.015,2.062,2.091,0.2,0.1,0.1,2.09,0.0348,True,False
488,III,215.079,18804,54603,A,A,primer-uds-north,primer-uds-north,True,4.3173,5.6519,1.3346,-4.229,-5.075,0.847,103,244,-2.141,-1.647,-0.493,7.184,4.56,1.5,2.5,-1.0,3.76,0.0627,True,True
489,I,214.8715,37563,45202,A,A,gds,gds,True,5.7131,7.1313,1.4181,-5.356,-4.571,0.785,281,167,-0.801,-3.302,2.501,2.091,20.926,0.1,2.8000000000000003,-2.7,1.21,0.0202,False,False
490,III,214.71099999999998,52856,54143,A,A,primer-uds-north,primer-uds-north,True,6.3209,4.7315,1.5894,-5.287,-5.073,0.214,272,243,-0.498,-1.287,0.789,1.582,3.272,0.0,0.9,-0.9,4.77,0.0795,True,True
491,I_conflict,214.2615,32147,41129,A,A,gds,gds,True,4.6032,7.1334,2.5301,-4.148,-4.56,0.412,93,165,-1.802,-3.781,1.979,5.257,32.541,2.6,3.5,-0.9,3.04,0.0506,False,True
492,I_conflict,214.0145,18537,23868,A,A,gds,gds,True,4.2773,8.9276,4.6503,-4.812,-5.234,0.422,210,261,-1.41,-2.742,1.332,3.665,12.498,1.2000000000000002,2.6,-1.4,1.14,0.0191,False,True
493,I,213.95,18537,41129,A,A,gds,gds,True,4.2773,7.1334,2.856,-4.812,-4.56,0.252,210,165,-1.41,-3.781,2.371,3.665,32.541,1.2000000000000002,3.5,-2.3,2.7,0.0451,False,False
494,III,213.5825,6282,14487,A,A,primer-cosmos-east,primer-cosmos-east,True,5.6738,7.1693,1.4955,-4.11,-5.535,1.425,86,288,-1.708,-1.641,-0.068,4.822,4.531,1.8,2.0,-0.2,4.52,0.0754,True,True
495,III,213.36599999999999,44531,46281,A,A,gds,gds,True,7.1241,4.7896,2.3344,-4.951,-4.676,0.275,226,188,-2.087,-2.09,0.002,6.839,6.853,1.5,-99.0,100.5,1.61,0.0268,True,True
496,III,213.3405,44681,54603,A,A,primer-uds-north,primer-uds-north,True,4.5812,5.6519,1.0707,-4.45,-5.075,0.626,129,244,-2.317,-1.647,-0.67,8.448,4.56,0.8,2.5,-1.7,4.74,0.0789,True,True
497,III,213.156,24464,28748,A,A,ceers-full,ceers-full,True,5.6554,4.753,0.9024,-4.238,-3.889,0.349,106,54,-2.141,-2.524,0.383,7.184,10.224,2.7,1.3,1.4,3.11,0.0519,True,True
498,I,213.132,28931,48686,A,A,primer-uds-south,primer-uds-south,True,7.9047,4.8439,3.0608,-3.918,-5.657,1.739,57,294,-2.686,-1.285,-1.401,11.871,3.267,2.8000000000000003,0.3,2.5,2.74,0.0457,False,False
499,III,213.019,41179,63106,A,A,ceers-full,ceers-full,True,7.2423,5.6557,1.5866,-4.229,-3.95,0.279,104,60,-1.38,-2.097,0.717,3.564,6.896,2.1,2.2,-0.1,4.79,0.0798,True,True
500,III,212.953,1544,22773,A,A,primer-uds-north,primer-uds-north,True,5.4635,4.4013,1.0622,-5.142,-4.533,0.609,252,153,-0.976,-1.65,0.675,2.456,4.573,1.0,1.3,-0.3,4.34,0.0724,True,True
501,I,212.931,47509,66511,A,A,primer-uds-south,primer-uds-south,True,5.6594,7.1308,1.4714,-4.995,-4.004,0.992,233,66,-1.689,-4.011,2.322,4.74,40.221,1.8,3.2,-1.4,2.78,0.0463,False,False
502,III,212.9305,29303,32147,A,A,gds,gds,True,5.986,4.6032,1.3827,-5.076,-4.148,0.928,245,93,-1.415,-1.802,0.387,3.681,5.257,2.0,2.6,-0.6,3.14,0.0524,True,True
503,III,212.783,24100,52141,A,A,primer-uds-north,primer-uds-north,True,4.9919,7.1301,2.1382,-4.26,-4.607,0.347,111,179,-2.062,-1.557,-0.506,6.681,4.194,1.3,3.0,-1.7,2.72,0.0454,True,True
504,III,212.7825,15257,23575,A,A,primer-uds-north,primer-uds-north,True,6.9201,5.6606,1.2595,-4.731,-4.518,0.213,201,146,-1.774,-2.624,0.85,5.126,11.212,1.3,2.0,-0.7,1.64,0.0274,True,True
505,III,212.733,32025,54143,A,A,primer-uds-north,primer-uds-north,True,4.0433,4.7315,0.6882,-4.381,-5.073,0.692,122,243,-2.02,-1.287,-0.733,6.426,3.272,0.6000000000000001,0.9,-0.3,2.3,0.0383,True,True
506,III,212.7215,1544,43932,A,A,primer-uds-north,primer-uds-north,True,5.4635,4.2354,1.2281,-5.142,-4.802,0.34,252,207,-0.976,-1.257,0.282,2.456,3.183,1.0,0.5,0.5,4.41,0.0735,True,True
507,I,212.349,52856,71037,A,A,primer-uds-north,primer-uds-north,True,6.3209,6.8495,0.5286,-5.287,-4.008,1.279,272,68,-0.498,-2.919,2.421,1.582,14.703,0.0,1.4,-1.4,4.14,0.0691,False,False
508,I,212.3445,12544,41913,A,A,ceers-full,ceers-full,True,4.5497,5.246,0.6963,-5.01,-3.38,1.63,235,39,-1.316,-3.476,2.16,3.36,24.568,0.4,2.3000000000000003,-1.9,3.69,0.0615,False,False
509,III,212.3215,35111,55902,A,A,primer-uds-north,primer-uds-north,True,5.6563,8.6704,3.0141,-4.472,-4.714,0.242,138,195,-2.382,-1.885,-0.497,8.971,5.677,1.9,2.9000000000000004,-1.0,5.0,0.0833,True,True
510,I,212.304,14086,18893,A,A,primer-cosmos-east,primer-cosmos-east,True,7.1273,4.8477,2.2796,-4.704,-5.582,0.877,192,292,-2.633,-0.496,-2.136,11.302,1.58,1.9,0.1,1.8,2.3,0.0383,False,False
511,III,212.277,36327,53667,A,A,primer-uds-north,primer-uds-north,True,7.8617,4.5639,3.2978,-5.129,-4.837,0.292,251,215,-1.766,-1.947,0.181,5.086,6.008,0.7000000000000001,0.9,-0.2,1.76,0.0294,True,True
512,III,212.227,1381,14419,A,A,primer-uds-north,primer-uds-north,True,5.6626,4.8168,0.8458,-5.288,-4.606,0.683,274,178,-2.364,-2.546,0.181,8.826,10.429,3.1,0.9,2.2,2.91,0.0486,True,True
513,I,212.0395,40642,52084,A,A,primer-cosmos-east,primer-cosmos-east,True,4.6343,7.0756,2.4413,-4.888,-3.658,1.229,221,45,-1.114,-2.985,1.871,2.791,15.637,0.8,1.6,-0.8,3.7,0.0617,False,False
514,III,211.9855,44446,47165,A,A,primer-cosmos-west,primer-cosmos-west,True,7.1315,5.2338,1.8977,-4.731,-4.313,0.419,202,117,-1.938,-1.957,0.019,5.959,6.063,2.8000000000000003,2.3000000000000003,0.5,2.13,0.0355,True,True
515,I,211.4125,42859,43932,A,A,primer-uds-north,primer-uds-north,True,6.5809,4.2354,2.3455,-4.421,-4.802,0.381,126,207,-3.653,-1.257,-2.396,28.92,3.183,1.2000000000000002,0.5,0.7,4.36,0.0726,False,False
516,III_weak,211.3525,30600,72633,A,A,ceers-full,ceers-full,True,4.0259,5.4434,1.4175,-4.874,-4.376,0.498,220,121,-2.492,-0.889,-1.603,9.925,2.267,0.6000000000000001,3.9,-3.3,4.81,0.0802,True,False
517,III,211.1085,9246,23054,A,A,ceers-full,ceers-full,True,4.6044,6.8683,2.2639,-4.241,-4.611,0.37,107,180,-2.256,-1.835,-0.421,7.989,5.421,1.0,2.1,-1.1,1.63,0.0272,True,True
518,III,210.6295,52141,62716,A,A,primer-uds-north,primer-uds-north,True,7.1301,5.3867,1.7433,-4.607,-4.396,0.211,179,125,-1.557,-1.719,0.163,4.194,4.871,3.0,1.2000000000000002,1.8,3.21,0.0535,True,True
519,I,210.61599999999999,18893,20187,A,A,primer-cosmos-east,primer-cosmos-east,True,4.8477,6.6082,1.7604,-5.582,-4.12,1.462,292,88,-0.496,-2.403,1.907,1.58,9.146,0.1,2.4000000000000004,-2.3,1.01,0.0168,False,False
520,I,210.601,42859,54143,A,A,primer-uds-north,primer-uds-north,True,6.5809,4.7315,1.8494,-4.421,-5.073,0.652,126,243,-3.653,-1.287,-2.366,28.92,3.272,1.2000000000000002,0.9,0.3,1.2,0.02,False,False
521,I,210.3555,39509,41129,A,A,gds,gds,True,4.2877,7.1334,2.8457,-5.284,-4.56,0.724,271,165,-1.762,-3.781,2.019,5.066,32.541,0.8,3.5,-2.7,0.56,0.0093,False,False
522,III,210.068,32402,46221,A,A,gds,gds,True,4.9424,4.0452,0.8972,-5.321,-4.548,0.772,276,158,-1.703,-1.771,0.069,4.797,5.111,3.2,-99.0,102.2,1.96,0.0327,True,True
523,III,209.804,47165,51657,A,A,primer-cosmos-west,primer-cosmos-west,True,5.2338,4.7941,0.4396,-4.313,-4.096,0.217,117,83,-1.957,-2.491,0.534,6.063,9.913,2.3000000000000003,1.4,0.9,2.75,0.0458,True,True
524,III,209.71550000000002,43445,51855,A,A,primer-cosmos-east,primer-cosmos-east,True,5.6969,4.6512,1.0457,-5.795,-4.198,1.596,295,101,-1.457,-1.48,0.023,3.826,3.907,0.5,0.7000000000000001,-0.2,3.73,0.0621,True,True
525,III,209.62,9227,16083,A,A,primer-cosmos-east,primer-cosmos-east,True,5.7139,4.5779,1.136,-4.724,-4.498,0.226,200,142,-1.243,-2.059,0.816,3.141,6.663,0.0,1.0,-1.0,3.35,0.0559,True,True
526,III,209.57,16999,24100,A,A,primer-uds-north,primer-uds-north,True,4.2059,4.9919,0.786,-4.034,-4.26,0.226,72,111,-2.982,-2.062,-0.92,15.582,6.681,1.1,1.3,-0.2,3.96,0.066,True,True
527,III,209.469,46914,51657,A,A,primer-cosmos-west,primer-cosmos-west,True,5.6548,4.7941,0.8606,-4.978,-4.096,0.882,231,83,-2.488,-2.491,0.002,9.891,9.913,2.0,1.4,0.6,2.61,0.0435,True,True
528,III_weak,209.464,14381,14605,A,A,gds,gds,True,5.4444,6.9281,1.4836,-5.162,-4.925,0.237,256,223,-1.944,-0.742,-1.202,5.992,1.981,3.0,2.5,0.5,2.41,0.0402,True,False
529,I_conflict,209.446,23868,32147,A,A,gds,gds,True,8.9276,4.6032,4.3244,-5.234,-4.148,1.086,261,93,-2.742,-1.802,-0.94,12.498,5.257,2.6,2.6,0.0,3.64,0.0606,False,True
530,I,209.39700000000002,28931,30157,A,A,primer-uds-south,primer-uds-south,True,7.9047,4.7269,3.1778,-3.918,-5.539,1.621,57,289,-2.686,-1.325,-1.362,11.871,3.387,2.8000000000000003,0.2,2.6,0.71,0.0119,False,False
531,III,209.351,42093,71321,A,A,ceers-full,ceers-full,True,6.4459,7.1293,0.6834,-3.857,-4.476,0.62,52,139,-3.058,-2.347,-0.71,16.711,8.687,1.7000000000000002,1.9,-0.2,2.92,0.0487,True,True
532,III,209.303,22773,54143,A,A,primer-uds-north,primer-uds-north,True,4.4013,4.7315,0.3302,-4.533,-5.073,0.54,153,243,-1.65,-1.287,-0.363,4.573,3.272,1.3,0.9,0.4,3.5,0.0584,True,True
533,III,209.23200000000003,10404,29110,A,A,primer-uds-north,primer-uds-north,True,5.656,7.1288,1.4728,-3.982,-4.845,0.863,64,216,-3.181,-2.856,-0.325,18.724,13.874,2.2,2.4000000000000004,-0.2,2.96,0.0493,True,True
534,III_weak,209.23,30520,55634,A,A,primer-uds-south,primer-uds-south,True,5.3498,6.8798,1.53,-5.029,-4.423,0.606,237,127,-1.513,-0.551,-0.962,4.028,1.661,0.9,0.1,0.8,2.93,0.0488,True,False
535,III,209.19449999999998,15257,46085,A,A,primer-uds-north,primer-uds-north,True,6.9201,4.7858,2.1343,-4.731,-3.966,0.766,201,61,-1.774,-1.958,0.184,5.126,6.071,1.3,1.3,0.0,3.31,0.0551,True,True
536,III,209.117,30520,57494,A,A,primer-uds-south,primer-uds-south,True,5.3498,4.024,1.3258,-5.029,-4.008,1.021,237,67,-1.513,-1.784,0.272,4.028,5.173,0.9,1.6,-0.7,3.21,0.0535,True,True
537,III,209.1165,20187,31770,A,A,primer-cosmos-east,primer-cosmos-east,True,6.6082,5.7791,0.8291,-4.12,-3.574,0.546,88,42,-2.403,-2.609,0.206,9.146,11.061,2.4000000000000004,1.9,0.5,3.27,0.0545,True,True
538,III,209.09650000000002,51657,53626,A,A,primer-cosmos-west,primer-cosmos-west,True,4.7941,5.6552,0.8611,-4.096,-4.572,0.476,83,168,-2.491,-1.753,-0.738,9.913,5.024,1.4,2.7,-1.3,1.4,0.0233,True,True
539,III,209.039,20897,36985,A,A,ceers-full,ceers-full,True,4.5331,5.6537,1.1206,-3.869,-4.161,0.291,53,97,-3.669,-2.899,-0.77,29.349,14.441,1.3,2.0,-0.7,4.17,0.0695,True,True
540,III,208.91699999999997,32237,57469,A,A,primer-uds-north,primer-uds-north,True,4.6122,5.668,1.0558,-3.896,-4.467,0.571,55,135,-2.263,-1.644,-0.619,8.04,4.547,1.2000000000000002,3.1,-1.9,2.54,0.0423,True,True
541,III,208.608,57469,71893,A,A,primer-uds-north,primer-uds-north,True,5.668,6.4292,0.7612,-4.467,-5.236,0.768,135,262,-1.644,-1.562,-0.083,4.547,4.213,3.1,1.7000000000000002,1.4,4.76,0.0793,True,True
542,III_weak,208.3785,22388,29303,A,A,gds,gds,True,7.1819,5.986,1.1959,-2.943,-5.076,2.133,38,245,-0.785,-1.415,0.629,2.062,3.681,0.2,2.0,-1.8,2.04,0.034,True,False
543,III,208.29899999999998,52581,59568,A,A,primer-uds-south,primer-uds-south,True,6.167,8.9016,2.7346,-4.052,-4.592,0.541,74,173,-2.502,-2.381,-0.121,10.017,8.958,1.3,2.7,-1.4,2.14,0.0357,True,True
544,III_weak,208.036,48498,50325,A,A,primer-cosmos-east,primer-cosmos-east,True,4.4533,6.4277,1.9744,-5.641,-5.032,0.609,293,238,-1.883,-1.079,-0.803,5.663,2.702,0.9,0.1,0.8,1.48,0.0246,True,False
545,III,207.8175,20187,31668,A,A,primer-cosmos-east,primer-cosmos-east,True,6.6082,5.6077,1.0005,-4.12,-3.833,0.287,88,51,-2.403,-2.687,0.284,9.146,11.876,2.4000000000000004,1.6,0.8,3.32,0.0553,True,True
546,III_weak,207.5275,33898,55634,A,A,primer-uds-south,primer-uds-south,True,4.5453,6.8798,2.3345,-5.24,-4.423,0.817,264,127,-1.111,-0.551,-0.56,2.782,1.661,1.2000000000000002,0.1,1.1,2.51,0.0419,True,False
547,III_weak,207.42600000000002,8559,44053,A,A,primer-uds-north,primer-uds-north,True,7.9365,5.4381,2.4984,-4.517,-4.897,0.38,145,222,-1.912,-2.683,0.771,5.818,11.832,3.9,2.5,1.4,3.73,0.0621,True,False
548,I_conflict,207.336,23868,46221,A,A,gds,gds,True,8.9276,4.0452,4.8824,-5.234,-4.548,0.685,261,158,-2.742,-1.771,-0.971,12.498,5.111,2.6,-99.0,101.6,2.64,0.0441,False,True
549,III,207.186,31770,45179,A,A,primer-cosmos-east,primer-cosmos-east,True,5.7791,7.1055,1.3264,-3.574,-4.157,0.583,42,96,-2.609,-2.113,-0.496,11.061,7.004,1.9,1.9,0.0,4.04,0.0673,True,True
550,III,207.106,28748,71321,A,A,ceers-full,ceers-full,True,4.753,7.1293,2.3764,-3.889,-4.476,0.587,54,139,-2.524,-2.347,-0.177,10.224,8.687,1.3,1.9,-0.6,4.33,0.0721,True,True
551,III_weak,207.068,30600,59626,A,A,ceers-full,ceers-full,True,4.0259,6.3671,2.3412,-4.874,-4.189,0.685,220,100,-2.492,-1.364,-1.128,9.925,3.511,0.6000000000000001,0.9,-0.3,4.66,0.0776,True,False
552,III_weak,207.001,21037,22483,A,A,primer-cosmos-west,primer-cosmos-west,True,4.4761,7.1355,2.6594,-4.619,-4.222,0.397,181,102,-3.064,-1.86,-1.204,16.813,5.548,0.7000000000000001,2.7,-2.0,2.05,0.0342,True,False
553,III,206.779,31645,32025,A,A,primer-uds-north,primer-uds-north,True,4.7559,4.0433,0.7126,-4.758,-4.381,0.378,203,122,-1.725,-2.02,0.295,4.897,6.426,0.8,0.6000000000000001,0.2,3.69,0.0614,True,True
554,III,206.305,9227,16408,A,A,primer-cosmos-east,primer-cosmos-east,True,5.7139,4.5749,1.139,-4.724,-4.505,0.219,200,144,-1.243,-1.996,0.753,3.141,6.287,0.0,1.1,-1.1,3.61,0.0602,True,True
555,I,206.1765,2981,41129,A,A,gds,gds,True,4.8122,7.1334,2.3211,-5.367,-4.56,0.807,283,165,-1.738,-3.781,2.043,4.956,32.541,2.2,3.5,-1.3,4.92,0.0819,False,False
556,I,206.1605,43445,52084,A,A,primer-cosmos-east,primer-cosmos-east,True,5.6969,7.0756,1.3787,-5.795,-3.658,2.136,295,45,-1.457,-2.985,1.528,3.826,15.637,0.5,1.6,-1.1,3.41,0.0568,False,False
557,III,205.83700000000002,31668,45179,A,A,primer-cosmos-east,primer-cosmos-east,True,5.6077,7.1055,1.4978,-3.833,-4.157,0.324,51,96,-2.687,-2.113,-0.573,11.876,7.004,1.6,1.9,-0.3,3.98,0.0664,True,True
558,III,205.778,5434,32402,A,A,gds,gds,True,4.1073,4.9424,0.8352,-4.431,-5.321,0.89,128,276,-2.133,-1.703,-0.431,7.135,4.797,1.3,3.2,-1.9,3.75,0.0625,True,True
559,III,205.4665,51514,52124,A,A,primer-cosmos-east,primer-cosmos-east,True,4.4367,4.8338,0.3971,-4.118,-4.691,0.572,87,190,-2.14,-1.893,-0.247,7.18,5.717,1.9,1.2000000000000002,0.7,4.2,0.07,True,True
560,III,205.4325,57051,71267,A,A,ceers-full,ceers-full,True,5.6681,7.5175,1.8495,-4.281,-4.649,0.368,113,184,-1.94,-1.507,-0.433,5.971,4.008,2.3000000000000003,3.1,-0.8,1.79,0.0298,True,True
561,I,205.3855,19416,42859,A,A,primer-uds-north,primer-uds-north,True,5.4332,6.5809,1.1477,-5.405,-4.421,0.984,285,126,-1.38,-3.653,2.273,3.565,28.92,1.9,1.2000000000000002,0.7,2.28,0.038,False,False
562,I,205.3735,25633,33230,A,A,primer-cosmos-west,primer-cosmos-west,True,7.0511,4.7522,2.2989,-4.166,-5.169,1.003,98,257,-3.131,-1.215,-1.916,17.88,3.062,3.2,0.2,3.0,2.35,0.0392,False,False
563,III,205.305,21488,52581,A,A,primer-uds-south,primer-uds-south,True,5.414,6.167,0.753,-3.634,-4.052,0.417,44,74,-2.732,-2.502,-0.23,12.377,10.017,2.1,1.3,0.8,3.3,0.0551,True,True
564,III,205.184,20010,70681,A,A,ceers-full,ceers-full,True,8.9344,7.9008,1.0336,-4.968,-4.347,0.621,228,120,-1.495,-2.016,0.521,3.964,6.406,3.7,3.8,-0.1,4.55,0.0759,True,True
565,III,204.81650000000002,20632,41913,A,A,ceers-full,ceers-full,True,5.6531,5.246,0.4071,-4.107,-3.38,0.727,85,39,-2.838,-3.476,0.638,13.655,24.568,2.0,2.3000000000000003,-0.3,3.86,0.0643,True,True
566,III,204.7155,22379,22702,A,A,primer-cosmos-west,primer-cosmos-west,True,5.7349,5.4312,0.3037,-4.828,-3.806,1.022,212,48,-2.572,-3.062,0.49,10.687,16.784,0.9,2.2,-1.3,0.7,0.0116,True,True
567,I,204.6635,15850,23571,A,A,primer-cosmos-east,primer-cosmos-east,True,7.0456,4.7607,2.2849,-4.167,-5.17,1.003,99,258,-3.138,-1.232,-1.906,17.999,3.11,3.3000000000000003,0.2,3.1,2.35,0.0392,False,False
568,I,204.61350000000002,32402,41129,A,A,gds,gds,True,4.9424,7.1334,2.1909,-5.321,-4.56,0.76,276,165,-1.703,-3.781,2.079,4.797,32.541,3.2,3.5,-0.3,2.25,0.0375,False,False
569,III,204.293,16999,44053,A,A,primer-uds-north,primer-uds-north,True,4.2059,5.4381,1.2322,-4.034,-4.897,0.862,72,222,-2.982,-2.683,-0.299,15.582,11.832,1.1,2.5,-1.4,4.49,0.0749,True,True
570,I_conflict,204.234,14605,23868,A,A,gds,gds,True,6.9281,8.9276,1.9996,-4.925,-5.234,0.308,223,261,-0.742,-2.742,2.0,1.981,12.498,2.5,2.6,-0.1,1.9,0.0317,False,True
571,III,203.89350000000002,46085,62716,A,A,primer-uds-north,primer-uds-north,True,4.7858,5.3867,0.6009,-3.966,-4.396,0.431,61,125,-1.958,-1.719,-0.239,6.071,4.871,1.3,1.2000000000000002,0.1,3.87,0.0645,True,True
572,III,203.47400000000002,16408,19946,A,A,primer-cosmos-east,primer-cosmos-east,True,4.5749,5.9744,1.3996,-4.505,-4.715,0.211,144,196,-1.996,-1.873,-0.123,6.287,5.613,1.1,1.0,0.1,1.83,0.0305,True,True
573,III,203.30450000000002,29106,71893,A,A,primer-uds-north,primer-uds-north,True,5.2048,6.4292,1.2243,-4.528,-5.236,0.708,150,262,-1.936,-1.562,-0.374,5.948,4.213,1.1,1.7000000000000002,-0.6,4.73,0.0789,True,True
574,III,202.687,10696,16563,A,A,primer-cosmos-east,primer-cosmos-east,True,5.6678,5.022,0.6458,-4.703,-4.017,0.685,191,70,-2.216,-2.766,0.549,7.701,12.775,1.2000000000000002,1.8,-0.6,2.91,0.0486,True,True
575,III,202.64000000000001,26971,27765,A,A,primer-cosmos-east,primer-cosmos-east,True,6.4067,5.1726,1.234,-4.718,-4.457,0.261,198,133,-1.596,-2.222,0.626,4.347,7.74,0.5,2.2,-1.7,1.77,0.0295,True,True
576,III,202.583,42464,54661,A,A,primer-cosmos-east,primer-cosmos-east,True,5.3675,5.6676,0.3002,-4.089,-4.975,0.886,81,229,-1.971,-1.441,-0.53,6.143,3.77,2.3000000000000003,3.9,-1.6,4.12,0.0687,True,True
577,III,202.534,18804,29106,A,A,primer-uds-north,primer-uds-north,True,4.3173,5.2048,0.8876,-4.229,-4.528,0.299,103,150,-2.141,-1.936,-0.205,7.184,5.948,1.5,1.1,0.4,2.18,0.0364,True,True
578,III,202.4545,15257,24100,A,A,primer-uds-north,primer-uds-north,True,6.9201,4.9919,1.9283,-4.731,-4.26,0.471,201,111,-1.774,-2.062,0.288,5.126,6.681,1.3,1.3,0.0,1.1,0.0183,True,True
579,III,202.124,60774,73890,A,A,ceers-full,ceers-full,True,5.2848,5.6603,0.3756,-4.075,-4.777,0.703,79,205,-2.187,-1.579,-0.608,7.495,4.282,2.2,3.0,-0.8,1.48,0.0247,True,True
580,III,201.9415,54067,55716,A,A,primer-cosmos-west,primer-cosmos-west,True,5.6564,4.4383,1.2181,-5.239,-4.12,1.119,263,89,-2.033,-2.136,0.102,6.506,7.15,0.5,1.9,-1.4,1.38,0.0231,True,True
581,III,201.817,52017,64049,A,A,gds,gds,True,6.3311,5.2713,1.0598,-5.333,-5.079,0.254,278,247,-1.429,-2.095,0.666,3.729,6.884,-99.0,-99.0,0.0,1.95,0.0325,True,True
582,III,201.768,45383,57494,A,A,primer-uds-south,primer-uds-south,True,4.8552,4.024,0.8312,-5.144,-4.008,1.135,253,67,-1.58,-1.784,0.205,4.285,5.173,0.9,1.6,-0.7,2.0,0.0334,True,True
583,III,201.702,14381,46281,A,A,gds,gds,True,5.4444,4.7896,0.6548,-5.162,-4.676,0.486,256,188,-1.944,-2.09,0.146,5.992,6.853,3.0,-99.0,102.0,4.88,0.0814,True,True
584,III,201.6965,59162,72956,A,A,ceers-full,ceers-full,True,7.8411,8.9042,1.0631,-4.082,-4.596,0.515,80,175,-1.705,-1.699,-0.006,4.808,4.784,3.9,2.1,1.8,3.12,0.052,True,True
585,III_weak,201.46099999999998,61323,67137,A,A,ceers-full,ceers-full,True,7.127,7.4965,0.3694,-4.499,-4.25,0.249,143,108,-2.358,-0.488,-1.869,8.772,1.568,1.7000000000000002,3.9,-2.2,4.13,0.0688,True,False
586,III,201.268,37878,57494,A,A,primer-uds-south,primer-uds-south,True,4.7732,4.024,0.7492,-5.154,-4.008,1.146,255,67,-1.572,-1.784,0.213,4.253,5.173,0.8,1.6,-0.8,2.92,0.0487,True,True
587,III_weak,201.1645,12234,30600,A,A,ceers-full,ceers-full,True,6.1422,4.0259,2.1163,-4.0,-4.874,0.874,65,220,-2.028,-2.492,0.464,6.475,9.925,1.7000000000000002,0.6000000000000001,1.1,2.3,0.0384,True,False
588,III,200.95,60774,70681,A,A,ceers-full,ceers-full,True,5.2848,7.9008,2.616,-4.075,-4.347,0.272,79,120,-2.187,-2.016,-0.171,7.495,6.406,2.2,3.8,-1.6,3.1,0.0517,True,True
589,III,200.77,12234,41179,A,A,ceers-full,ceers-full,True,6.1422,7.2423,1.1,-4.0,-4.229,0.229,65,104,-2.028,-1.38,-0.648,6.475,3.564,1.7000000000000002,2.1,-0.4,2.95,0.0492,True,True
590,III,200.722,11967,21943,A,A,primer-cosmos-east,primer-cosmos-east,True,5.4823,4.7155,0.7668,-5.508,-5.049,0.459,286,239,-1.78,-1.888,0.109,5.15,5.692,3.1,0.8,2.3,3.77,0.0628,True,True
591,I,200.3015,48686,68947,A,A,primer-uds-south,primer-uds-south,True,4.8439,5.656,0.8121,-5.657,-3.973,1.684,294,62,-1.285,-3.138,1.852,3.267,17.991,0.3,2.2,-1.9,3.05,0.0509,False,False
592,III_weak,200.29049999999998,15257,31581,A,A,primer-uds-north,primer-uds-north,True,6.9201,4.1634,2.7567,-4.731,-5.06,0.328,201,240,-1.774,-2.356,0.582,5.126,8.757,1.3,0.0,1.3,4.07,0.0678,True,False
593,III,200.1525,48540,51514,A,A,primer-cosmos-east,primer-cosmos-east,True,5.6562,4.4367,1.2195,-5.23,-4.118,1.112,260,87,-2.07,-2.14,0.07,6.732,7.18,0.4,1.9,-1.5,1.38,0.0231,True,True
594,III,200.14249999999998,31668,40799,A,A,primer-cosmos-east,primer-cosmos-east,True,5.6077,7.6812,2.0735,-3.833,-4.551,0.718,51,160,-2.687,-2.636,-0.05,11.876,11.337,1.6,2.6,-1.0,2.64,0.044,True,True
595,III_weak,199.92649999999998,22483,29568,A,A,primer-cosmos-west,primer-cosmos-west,True,7.1355,4.3603,2.7751,-4.222,-4.937,0.715,102,224,-1.86,-2.198,0.337,5.548,7.57,2.7,0.4,2.3,2.28,0.0379,True,False
596,III,199.662,15393,17813,A,A,primer-cosmos-east,primer-cosmos-east,True,5.6895,5.2267,0.4628,-5.55,-5.11,0.439,290,250,-1.577,-2.268,0.691,4.274,8.076,1.4,1.8,-0.4,0.92,0.0153,True,True
597,III,199.525,43505,54067,A,A,primer-cosmos-west,primer-cosmos-west,True,4.6755,5.6564,0.981,-4.762,-5.239,0.477,204,263,-2.043,-2.033,-0.01,6.564,6.506,0.8,0.5,0.3,4.97,0.0828,True,True
598,III,199.46249999999998,59626,63106,A,A,ceers-full,ceers-full,True,6.3671,5.6557,0.7115,-4.189,-3.95,0.238,100,60,-1.364,-2.097,0.733,3.511,6.896,0.9,2.2,-1.3,4.17,0.0695,True,True
599,III_weak,199.061,29421,67137,A,A,ceers-full,ceers-full,True,4.7851,7.4965,2.7114,-4.558,-4.25,0.308,164,108,-1.572,-0.488,-1.083,4.254,1.568,1.4,3.9,-2.5,4.84,0.0806,True,False
600,I,198.9445,48498,52084,A,A,primer-cosmos-east,primer-cosmos-east,True,4.4533,7.0756,2.6223,-5.641,-3.658,1.982,293,45,-1.883,-2.985,1.103,5.663,15.637,0.9,1.6,-0.7,1.45,0.0242,False,False
601,III,198.927,16053,29303,A,A,gds,gds,True,6.9018,5.986,0.9158,-5.374,-5.076,0.298,284,245,-0.79,-1.415,0.625,2.07,3.681,2.0,2.0,0.0,1.84,0.0306,True,True
602,I,198.90599999999998,33898,50716,A,A,primer-uds-south,primer-uds-south,True,4.5453,7.8636,3.3184,-5.24,-4.548,0.691,264,157,-1.111,-2.779,1.668,2.782,12.935,1.2000000000000002,2.7,-1.5,3.09,0.0516,False,False
603,III,198.81900000000002,32237,62716,A,A,primer-uds-north,primer-uds-north,True,4.6122,5.3867,0.7746,-3.896,-4.396,0.5,55,125,-2.263,-1.719,-0.544,8.04,4.871,1.2000000000000002,1.2000000000000002,0.0,3.29,0.0548,True,True
604,I,198.71049999999997,32986,71037,A,A,primer-uds-north,primer-uds-north,True,4.1527,6.8495,2.6967,-5.021,-4.008,1.012,236,68,-1.26,-2.919,1.658,3.192,14.703,0.0,1.4,-1.4,4.52,0.0753,False,False
605,III,198.597,30520,32880,A,A,primer-uds-south,primer-uds-south,True,5.3498,4.756,0.5938,-5.029,-4.821,0.208,237,211,-1.513,-2.281,0.769,4.028,8.176,0.9,0.9,0.0,3.61,0.0602,True,True
606,III,198.568,29372,31661,A,A,primer-cosmos-west,primer-cosmos-west,True,5.3858,4.4626,0.9232,-4.978,-4.603,0.374,230,177,-1.465,-1.535,0.07,3.854,4.111,2.2,0.5,1.7,4.48,0.0746,True,True
607,I,198.4525,33332,71037,A,A,primer-uds-north,primer-uds-north,True,4.542,6.8495,2.3075,-5.076,-4.008,1.068,246,68,-1.182,-2.919,1.736,2.971,14.703,0.8,1.4,-0.6,4.68,0.0781,False,False
608,I,198.2365,22358,50716,A,A,primer-uds-south,primer-uds-south,True,4.6765,7.8636,3.1871,-5.19,-4.548,0.641,259,157,-1.055,-2.779,1.724,2.643,12.935,0.0,2.7,-2.7,2.96,0.0493,False,False
609,III,198.1145,19946,32928,A,A,primer-cosmos-east,primer-cosmos-east,True,5.9744,4.4581,1.5163,-4.715,-4.027,0.689,196,71,-1.873,-2.067,0.194,5.613,6.712,1.0,1.7000000000000002,-0.7,3.61,0.0601,True,True
610,III,197.87449999999998,4620,21488,A,A,primer-uds-south,primer-uds-south,True,5.7463,5.414,0.3323,-4.133,-3.634,0.498,92,44,-2.073,-2.732,0.659,6.748,12.377,1.3,2.1,-0.8,4.89,0.0814,True,True
611,I,197.82299999999998,41129,52017,A,A,gds,gds,True,7.1334,6.3311,0.8022,-4.56,-5.333,0.773,165,278,-3.781,-1.429,-2.352,32.541,3.729,3.5,-99.0,102.5,2.74,0.0457,False,False
612,III,197.1225,55490,70681,A,A,ceers-full,ceers-full,True,7.1493,7.9008,0.7515,-3.522,-4.347,0.825,40,120,-2.338,-2.016,-0.322,8.618,6.406,2.7,3.8,-1.1,1.4,0.0233,True,True
613,III,197.0705,64273,69921,A,A,primer-uds-north,primer-uds-north,True,7.1316,5.6549,1.4767,-4.962,-4.553,0.409,227,161,-2.553,-2.906,0.353,10.497,14.531,2.0,2.8000000000000003,-0.8,2.11,0.0351,True,True
614,I,196.88049999999998,2480,28931,A,A,primer-uds-south,primer-uds-south,True,4.6841,7.9047,3.2207,-5.342,-3.918,1.424,279,57,-1.469,-2.686,1.217,3.87,11.871,0.5,2.8000000000000003,-2.3,4.97,0.0828,False,False
615,I,196.7765,12544,48983,A,A,ceers-full,ceers-full,True,4.5497,7.1368,2.5871,-5.01,-3.536,1.474,235,41,-1.316,-2.691,1.375,3.36,11.927,0.4,2.7,-2.3,4.75,0.0792,False,False
616,III,196.6655,24100,32237,A,A,primer-uds-north,primer-uds-north,True,4.9919,4.6122,0.3797,-4.26,-3.896,0.364,111,55,-2.062,-2.263,0.201,6.681,8.04,1.3,1.2000000000000002,0.1,1.61,0.0268,True,True
617,I,196.5665,30157,68947,A,A,primer-uds-south,primer-uds-south,True,4.7269,5.656,0.9291,-5.539,-3.973,1.566,289,62,-1.325,-3.138,1.813,3.387,17.991,0.2,2.2,-2.0,4.28,0.0713,False,False
618,III_weak,196.53499999999997,31581,55902,A,A,primer-uds-north,primer-uds-north,True,4.1634,8.6704,4.507,-5.06,-4.714,0.346,240,195,-2.356,-1.885,-0.471,8.757,5.677,0.0,2.9000000000000004,-2.9,2.36,0.0393,True,False
619,III,196.43650000000002,5434,14381,A,A,gds,gds,True,4.1073,5.4444,1.3371,-4.431,-5.162,0.731,128,256,-2.133,-1.944,-0.189,7.135,5.992,1.3,3.0,-1.7,3.57,0.0595,True,True
620,I,195.961,29303,41129,A,A,gds,gds,True,5.986,7.1334,1.1474,-5.076,-4.56,0.515,245,165,-1.415,-3.781,2.366,3.681,32.541,2.0,3.5,-1.5,1.42,0.0236,False,False
621,III,195.2575,23575,43738,A,A,primer-uds-north,primer-uds-north,True,5.6606,5.0901,0.5705,-4.518,-4.063,0.455,146,78,-2.624,-2.685,0.061,11.212,11.862,2.0,1.7000000000000002,0.3,2.19,0.0365,True,True
622,III,195.23100000000002,32928,47824,A,A,primer-cosmos-east,primer-cosmos-east,True,4.4581,5.6555,1.1974,-4.027,-4.561,0.534,71,166,-2.067,-1.742,-0.325,6.712,4.977,1.7000000000000002,2.7,-1.0,4.42,0.0736,True,True
623,I,195.13299999999998,12544,42093,A,A,ceers-full,ceers-full,True,4.5497,6.4459,1.8962,-5.01,-3.857,1.153,235,52,-1.316,-3.058,1.742,3.36,16.711,0.4,1.7000000000000002,-1.3,3.45,0.0574,False,False
624,III,195.073,31581,42014,A,A,primer-uds-north,primer-uds-north,True,4.1634,4.5516,0.3882,-5.06,-5.575,0.515,240,291,-2.356,-1.78,-0.576,8.757,5.153,0.0,0.3,-0.3,1.1,0.0184,True,True
625,I,194.768,10404,32986,A,A,primer-uds-north,primer-uds-north,True,5.656,4.1527,1.5032,-3.982,-5.021,1.039,64,236,-3.181,-1.26,-1.921,18.724,3.192,2.2,0.0,2.2,3.86,0.0643,False,False
626,III,194.752,21037,22379,A,A,primer-cosmos-west,primer-cosmos-west,True,4.4761,5.7349,1.2588,-4.619,-4.828,0.209,181,212,-3.064,-2.572,-0.492,16.813,10.687,0.7000000000000001,0.9,-0.2,0.46,0.0076,True,True
627,III,194.5865,63106,70681,A,A,ceers-full,ceers-full,True,5.6557,7.9008,2.2451,-3.95,-4.347,0.397,60,120,-2.097,-2.016,-0.08,6.896,6.406,2.2,3.8,-1.6,2.59,0.0431,True,True
628,I,194.48,10404,33332,A,A,primer-uds-north,primer-uds-north,True,5.656,4.542,1.114,-3.982,-5.076,1.094,64,246,-3.181,-1.182,-1.999,18.724,2.971,2.2,0.8,1.4,4.19,0.0698,False,False
629,III,194.30949999999999,57051,60774,A,A,ceers-full,ceers-full,True,5.6681,5.2848,0.3833,-4.281,-4.075,0.207,113,79,-1.94,-2.187,0.247,5.971,7.495,2.3000000000000003,2.2,0.1,4.4,0.0733,True,True
630,III,194.1705,47021,73890,A,A,ceers-full,ceers-full,True,8.0231,5.6603,2.3627,-5.003,-4.777,0.226,234,205,-1.44,-1.579,0.139,3.767,4.282,0.9,3.0,-2.1,4.45,0.0742,True,True
631,III_weak,194.13299999999998,6756,30600,A,A,ceers-full,ceers-full,True,7.1361,4.0259,3.1102,-4.153,-4.874,0.721,95,220,-2.375,-2.492,0.117,8.91,9.925,2.5,0.6000000000000001,1.9,1.84,0.0306,True,False
632,III,193.68599999999998,62716,71893,A,A,primer-uds-north,primer-uds-north,True,5.3867,6.4292,1.0424,-4.396,-5.236,0.84,125,262,-1.719,-1.562,-0.157,4.871,4.213,1.2000000000000002,1.7000000000000002,-0.5,2.71,0.0452,True,True
633,I,193.497,33898,36872,A,A,primer-uds-south,primer-uds-south,True,4.5453,7.1351,2.5898,-5.24,-4.47,0.77,264,136,-1.111,-2.842,1.731,2.782,13.703,1.2000000000000002,2.4000000000000004,-1.2,3.1,0.0516,False,False
634,I,193.28449999999998,33898,59568,A,A,primer-uds-south,primer-uds-south,True,4.5453,8.9016,4.3563,-5.24,-4.592,0.648,264,173,-1.111,-2.381,1.27,2.782,8.958,1.2000000000000002,2.7,-1.5,2.96,0.0493,False,False
635,III,193.1005,21488,28931,A,A,primer-uds-south,primer-uds-south,True,5.414,7.9047,2.4907,-3.634,-3.918,0.283,44,57,-2.732,-2.686,-0.045,12.377,11.871,2.1,2.8000000000000003,-0.7,4.49,0.0748,True,True
636,III_weak,192.94400000000002,20897,48983,A,A,ceers-full,ceers-full,True,4.5331,7.1368,2.6036,-3.869,-3.536,0.333,53,41,-3.669,-2.691,-0.978,29.349,11.927,1.3,2.7,-1.4,2.57,0.0428,True,False
637,III,192.926,40209,50988,A,A,primer-cosmos-east,primer-cosmos-east,True,5.4609,4.5265,0.9344,-4.799,-4.046,0.752,206,73,-2.237,-2.465,0.227,7.851,9.68,1.4,1.7000000000000002,-0.3,3.34,0.0557,True,True
638,III,192.51449999999997,45637,57494,A,A,primer-uds-south,primer-uds-south,True,4.5363,4.024,0.5123,-4.45,-4.008,0.441,130,67,-1.252,-1.784,0.532,3.169,5.173,1.2000000000000002,1.6,-0.4,1.98,0.033,True,True
639,III,192.31799999999998,36162,47165,A,A,primer-cosmos-west,primer-cosmos-west,True,6.411,5.2338,1.1772,-4.715,-4.313,0.402,197,117,-1.605,-1.957,0.352,4.385,6.063,0.5,2.3000000000000003,-1.8,4.79,0.0799,True,True
640,III_weak,192.082,21620,29568,A,A,primer-cosmos-west,primer-cosmos-west,True,8.0871,4.3603,3.7268,-4.626,-4.937,0.311,182,224,-2.061,-2.198,0.137,6.675,7.57,3.7,0.4,3.3,3.89,0.0648,True,False
641,III,191.89499999999998,9104,55783,A,A,primer-uds-south,primer-uds-south,True,6.0931,4.626,1.467,-4.804,-4.261,0.543,208,112,-1.91,-2.082,0.172,5.807,6.805,0.7000000000000001,1.4,-0.7,4.98,0.083,True,True
642,I_conflict,191.846,5434,23868,A,A,gds,gds,True,4.1073,8.9276,4.8204,-4.431,-5.234,0.803,128,261,-2.133,-2.742,0.609,7.135,12.498,1.3,2.6,-1.3,2.33,0.0389,False,True
643,I,191.662,32880,66511,A,A,primer-uds-south,primer-uds-south,True,4.756,7.1308,2.3748,-4.821,-4.004,0.818,211,66,-2.281,-4.011,1.73,8.176,40.221,0.9,3.2,-2.3,4.36,0.0727,False,False
644,I,191.23850000000002,50325,52084,A,A,primer-cosmos-east,primer-cosmos-east,True,6.4277,7.0756,0.6479,-5.032,-3.658,1.374,238,45,-1.079,-2.985,1.906,2.702,15.637,0.1,1.6,-1.5,0.77,0.0129,False,False
645,III,191.18949999999998,24464,40589,A,A,ceers-full,ceers-full,True,5.6554,8.0067,2.3513,-4.238,-4.478,0.239,106,140,-2.141,-2.066,-0.075,7.184,6.703,2.7,3.3000000000000003,-0.6,1.47,0.0245,True,True
646,I,191.0515,43932,71037,A,A,primer-uds-north,primer-uds-north,True,4.2354,6.8495,2.6141,-4.802,-4.008,0.793,207,68,-1.257,-2.919,1.661,3.183,14.703,0.5,1.4,-0.9,4.66,0.0777,False,False
647,III,190.8145,13074,28491,A,A,primer-cosmos-west,primer-cosmos-west,True,5.2148,5.5851,0.3703,-3.796,-4.123,0.327,46,90,-2.885,-2.776,-0.109,14.255,12.896,2.5,2.0,0.5,4.65,0.0775,True,True
648,I_conflict,190.64000000000001,32147,45202,A,A,gds,gds,True,4.6032,7.1313,2.528,-4.148,-4.571,0.424,93,167,-1.802,-3.302,1.5,5.257,20.926,2.6,2.8000000000000003,-0.2,3.51,0.0586,False,True
649,I_conflict,190.3565,42859,46085,A,A,primer-uds-north,primer-uds-north,True,6.5809,4.7858,1.7951,-4.421,-3.966,0.456,126,61,-3.653,-1.958,-1.695,28.92,6.071,1.2000000000000002,1.3,-0.1,0.41,0.0069,False,True
650,I,190.26999999999998,54143,71037,A,A,primer-uds-north,primer-uds-north,True,4.7315,6.8495,2.118,-5.073,-4.008,1.065,243,68,-1.287,-2.919,1.631,3.272,14.703,0.9,1.4,-0.5,2.29,0.0381,False,False
651,III,190.228,32147,32402,A,A,gds,gds,True,4.6032,4.9424,0.3392,-4.148,-5.321,1.173,93,276,-1.802,-1.703,-0.099,5.257,4.797,2.6,3.2,-0.6,4.86,0.0811,True,True
652,III_weak,189.797,2981,14605,A,A,gds,gds,True,4.8122,6.9281,2.1158,-5.367,-4.925,0.442,283,223,-1.738,-0.742,-0.996,4.956,1.981,2.2,2.5,-0.3,1.69,0.0281,True,False
653,III,189.786,5434,46281,A,A,gds,gds,True,4.1073,4.7896,0.6824,-4.431,-4.676,0.245,128,188,-2.133,-2.09,-0.044,7.135,6.853,1.3,-99.0,100.3,4.96,0.0826,True,True
654,III,189.74949999999998,22379,26495,A,A,primer-cosmos-west,primer-cosmos-west,True,5.7349,5.0196,0.7153,-4.828,-4.014,0.814,212,69,-2.572,-2.764,0.192,10.687,12.75,0.9,1.8,-0.9,2.98,0.0497,True,True
655,I,189.6385,18537,45202,A,A,gds,gds,True,4.2773,7.1313,2.8539,-4.812,-4.571,0.241,210,167,-1.41,-3.302,1.892,3.665,20.926,1.2000000000000002,2.8000000000000003,-1.6,3.26,0.0544,False,False
656,I_conflict,189.635,9246,22239,A,A,ceers-full,ceers-full,True,4.6044,7.1314,2.527,-4.241,-4.707,0.466,107,193,-2.256,-3.712,1.455,7.989,30.528,1.0,2.8000000000000003,-1.8,4.31,0.0718,False,True
657,I,189.288,29392,33445,A,A,primer-uds-south,primer-uds-south,True,7.471,4.3458,3.1252,-4.543,-5.25,0.707,156,266,-2.259,-0.735,-1.524,8.009,1.968,2.2,0.0,2.2,0.49,0.0082,False,False
658,III_weak,189.15699999999998,8559,29110,A,A,primer-uds-north,primer-uds-north,True,7.9365,7.1288,0.8078,-4.517,-4.845,0.328,145,216,-1.912,-2.856,0.944,5.818,13.874,3.9,2.4000000000000004,1.5,3.21,0.0534,True,False
659,I,189.07299999999998,30157,36872,A,A,primer-uds-south,primer-uds-south,True,4.7269,7.1351,2.4082,-5.539,-4.47,1.07,289,136,-1.325,-2.842,1.517,3.387,13.703,0.2,2.4000000000000004,-2.2,2.9,0.0483,False,False
660,I,189.02200000000002,50716,60046,A,A,primer-uds-south,primer-uds-south,True,7.8636,5.4628,2.4008,-4.548,-5.145,0.597,157,254,-2.779,-0.977,-1.802,12.935,2.46,2.7,1.0,1.7,3.98,0.0664,False,False
661,III,188.9915,46085,57469,A,A,primer-uds-north,primer-uds-north,True,4.7858,5.668,0.8821,-3.966,-4.467,0.502,61,135,-1.958,-1.644,-0.314,6.071,4.547,1.3,3.1,-1.8,1.88,0.0314,True,True
662,III,188.627,52124,54661,A,A,primer-cosmos-east,primer-cosmos-east,True,4.8338,5.6676,0.8338,-4.691,-4.975,0.284,190,229,-1.893,-1.441,-0.452,5.717,3.77,1.2000000000000002,3.9,-2.7,3.16,0.0527,True,True
663,I_conflict,188.54399999999998,50716,57494,A,A,primer-uds-south,primer-uds-south,True,7.8636,4.024,3.8396,-4.548,-4.008,0.54,157,67,-2.779,-1.784,-0.995,12.935,5.173,2.7,1.6,1.1,3.41,0.0568,False,True
664,III,188.429,15233,30145,A,A,primer-cosmos-west,primer-cosmos-west,True,4.986,5.6646,0.6786,-4.455,-5.1,0.645,131,249,-2.324,-2.046,-0.278,8.501,6.58,0.8,2.0,-1.2,4.66,0.0777,True,True
665,I_conflict,188.331,22239,57051,A,A,ceers-full,ceers-full,True,7.1314,5.6681,1.4634,-4.707,-4.281,0.426,193,113,-3.712,-1.94,-1.772,30.528,5.971,2.8000000000000003,2.3000000000000003,0.5,4.46,0.0744,False,True
666,I,188.3085,29110,52856,A,A,primer-uds-north,primer-uds-north,True,7.1288,6.3209,0.8079,-4.845,-5.287,0.443,216,272,-2.856,-0.498,-2.358,13.874,1.582,2.4000000000000004,0.0,2.4,3.23,0.0539,False,False
667,I,188.21699999999998,7991,53667,A,A,primer-uds-north,primer-uds-north,True,5.6557,4.5639,1.0918,-4.123,-4.837,0.713,91,215,-4.056,-1.947,-2.109,41.912,6.008,2.4000000000000004,0.9,1.5,4.85,0.0809,False,False
668,I,188.1525,32986,68006,A,A,primer-uds-north,primer-uds-north,True,4.1527,5.1603,1.0075,-5.021,-3.797,1.223,236,47,-1.26,-3.087,1.827,3.192,17.174,0.0,1.4,-1.4,4.0,0.0667,False,False
669,I,187.8945,33332,68006,A,A,primer-uds-north,primer-uds-north,True,4.542,5.1603,0.6183,-5.076,-3.797,1.279,246,47,-1.182,-3.087,1.905,2.971,17.174,0.8,1.4,-0.6,4.16,0.0694,False,False
670,III_weak,187.892,30600,40589,A,A,ceers-full,ceers-full,True,4.0259,8.0067,3.9808,-4.874,-4.478,0.396,220,140,-2.492,-2.066,-0.426,9.925,6.703,0.6000000000000001,3.3000000000000003,-2.7,1.13,0.0188,True,False
671,I,187.584,21108,52856,A,A,primer-uds-north,primer-uds-north,True,7.1364,6.3209,0.8156,-4.588,-5.287,0.7,171,272,-2.685,-0.498,-2.187,11.863,1.582,2.6,0.0,2.6,3.42,0.0569,False,False
672,I,187.1805,21488,33898,A,A,primer-uds-south,primer-uds-south,True,5.414,4.5453,0.8687,-3.634,-5.24,1.605,44,264,-2.732,-1.111,-1.62,12.377,2.782,2.1,1.2000000000000002,0.9,2.5,0.0417,False,False
673,III_weak,187.156,31319,43505,A,A,primer-cosmos-west,primer-cosmos-west,True,6.3339,4.6755,1.6584,-4.541,-4.762,0.221,155,204,-1.33,-2.043,0.713,3.404,6.564,2.8000000000000003,0.8,2.0,3.83,0.0639,True,False
674,III,187.1185,22379,28500,A,A,primer-cosmos-west,primer-cosmos-west,True,5.7349,5.429,0.3059,-4.828,-4.306,0.521,212,116,-2.572,-3.01,0.438,10.687,15.999,0.9,2.8000000000000003,-1.9,2.03,0.0339,True,True
675,III_weak,186.86849999999998,1544,42014,A,A,primer-uds-north,primer-uds-north,True,5.4635,4.5516,0.9119,-5.142,-5.575,0.433,252,291,-0.976,-1.78,0.804,2.456,5.153,1.0,0.3,0.7,4.31,0.0719,True,False
676,III_weak,186.8645,21620,22379,A,A,primer-cosmos-west,primer-cosmos-west,True,8.0871,5.7349,2.3523,-4.626,-4.828,0.201,182,212,-2.061,-2.572,0.511,6.675,10.687,3.7,0.9,2.8,0.58,0.0097,True,False
677,I,186.7305,55783,66511,A,A,primer-uds-south,primer-uds-south,True,4.626,7.1308,2.5047,-4.261,-4.004,0.257,112,66,-2.082,-4.011,1.929,6.805,40.221,1.4,3.2,-1.8,1.87,0.0312,False,False
678,III,186.599,33332,43932,A,A,primer-uds-north,primer-uds-north,True,4.542,4.2354,0.3066,-5.076,-4.802,0.275,246,207,-1.182,-1.257,0.075,2.971,3.183,0.8,0.5,0.3,1.47,0.0246,True,True
679,I,186.29749999999999,10404,54143,A,A,primer-uds-north,primer-uds-north,True,5.656,4.7315,0.9245,-3.982,-5.073,1.091,64,243,-3.181,-1.287,-1.894,18.724,3.272,2.2,0.9,1.3,4.37,0.0728,False,False
680,I,186.04399999999998,39509,45202,A,A,gds,gds,True,4.2877,7.1313,2.8436,-5.284,-4.571,0.713,271,167,-1.762,-3.302,1.54,5.066,20.926,0.8,2.8000000000000003,-2.0,1.08,0.0181,False,False
681,III,185.84,13666,15233,A,A,primer-cosmos-west,primer-cosmos-west,True,5.2881,4.986,0.302,-4.657,-4.455,0.202,185,131,-2.219,-2.324,0.105,7.718,8.501,1.4,0.8,0.6,3.81,0.0635,True,True
682,I,185.701,48983,72633,A,A,ceers-full,ceers-full,True,7.1368,5.4434,1.6934,-3.536,-4.376,0.84,41,121,-2.691,-0.889,-1.802,11.927,2.267,2.7,3.9,-1.2,2.7,0.045,False,False
683,I,185.581,48983,49360,A,A,ceers-full,ceers-full,True,7.1368,4.7373,2.3994,-3.536,-4.549,1.013,41,159,-2.691,-1.207,-1.484,11.927,3.039,2.7,0.8,1.9,2.57,0.0428,False,False
684,III,185.506,51855,54661,A,A,primer-cosmos-east,primer-cosmos-east,True,4.6512,5.6676,1.0164,-4.198,-4.975,0.777,101,229,-1.48,-1.441,-0.039,3.907,3.77,0.7000000000000001,3.9,-3.2,1.67,0.0278,True,True
685,I_conflict,185.484,57494,59568,A,A,primer-uds-south,primer-uds-south,True,4.024,8.9016,4.8776,-4.008,-4.592,0.584,67,173,-1.784,-2.381,0.596,5.173,8.958,1.6,2.7,-1.1,0.33,0.0055,False,True
686,I,185.388,1072,32986,A,A,primer-uds-north,primer-uds-north,True,8.906,4.1527,4.7532,-4.592,-5.021,0.428,174,236,-2.385,-1.26,-1.125,8.992,3.192,2.7,0.0,2.7,4.14,0.069,False,False
687,III_weak,185.37849999999997,44053,52141,A,A,primer-uds-north,primer-uds-north,True,5.4381,7.1301,1.6919,-4.897,-4.607,0.29,222,179,-2.683,-1.557,-1.126,11.832,4.194,2.5,3.0,-0.5,0.77,0.0129,True,False
688,I,185.13,1072,33332,A,A,primer-uds-north,primer-uds-north,True,8.906,4.542,4.364,-4.592,-5.076,0.484,174,246,-2.385,-1.182,-1.203,8.992,2.971,2.7,0.8,1.9,3.96,0.066,False,False
689,III,185.11800000000002,68006,71037,A,A,primer-uds-north,primer-uds-north,True,5.1603,6.8495,1.6892,-3.797,-4.008,0.211,47,68,-3.087,-2.919,-0.169,17.174,14.703,1.4,1.4,0.0,0.52,0.0087,True,True
690,III_weak,185.0725,1381,15257,A,A,primer-uds-north,primer-uds-north,True,5.6626,6.9201,1.2575,-5.288,-4.731,0.557,274,201,-2.364,-1.774,-0.59,8.826,5.126,3.1,1.3,1.8,1.68,0.0281,True,False
691,III,185.0565,3992,21108,A,A,primer-uds-north,primer-uds-north,True,5.6593,7.1364,1.4771,-4.053,-4.588,0.535,75,171,-2.723,-2.685,-0.037,12.278,11.863,1.6,2.6,-1.0,1.88,0.0313,True,True
692,I,184.883,15393,15850,A,A,primer-cosmos-east,primer-cosmos-east,True,5.6895,7.0456,1.3562,-5.55,-4.167,1.383,290,99,-1.577,-3.138,1.561,4.274,17.999,1.4,3.3000000000000003,-1.9,2.16,0.036,False,False
693,I,184.8025,28931,37878,A,A,primer-uds-south,primer-uds-south,True,7.9047,4.7732,3.1315,-3.918,-5.154,1.236,57,255,-2.686,-1.572,-1.115,11.871,4.253,2.8000000000000003,0.8,2.0,3.94,0.0656,False,False
694,III_weak,184.6935,29568,32535,A,A,primer-cosmos-west,primer-cosmos-west,True,4.3603,5.7492,1.3889,-4.937,-4.325,0.612,224,118,-2.198,-1.188,-1.01,7.57,2.987,0.4,0.6000000000000001,-0.2,2.73,0.0455,True,False
695,III_weak,184.634,14605,32402,A,A,gds,gds,True,6.9281,4.9424,1.9856,-4.925,-5.321,0.395,223,276,-0.742,-1.703,0.96,1.981,4.797,2.5,3.2,-0.7,3.58,0.0596,True,False
696,I,184.0575,42093,72633,A,A,ceers-full,ceers-full,True,6.4459,5.4434,1.0025,-3.857,-4.376,0.519,52,121,-3.058,-0.889,-2.169,16.711,2.267,1.7000000000000002,3.9,-2.2,2.84,0.0474,False,False
697,I,183.939,42093,49360,A,A,ceers-full,ceers-full,True,6.4459,4.7373,1.7086,-3.857,-4.549,0.692,52,159,-3.058,-1.207,-1.851,16.711,3.039,1.7000000000000002,0.8,0.9,3.78,0.063,False,False
698,I,183.6145,36872,60046,A,A,primer-uds-south,primer-uds-south,True,7.1351,5.4628,1.6723,-4.47,-5.145,0.676,136,254,-2.842,-0.977,-1.865,13.703,2.46,2.4000000000000004,1.0,1.4,3.11,0.0519,False,False
699,I,183.5875,1072,1544,A,A,primer-uds-north,primer-uds-north,True,8.906,5.4635,3.4425,-4.592,-5.142,0.55,174,252,-2.385,-0.976,-1.409,8.992,2.456,2.7,1.0,1.7,0.32,0.0053,False,False
700,III,183.4385,53667,54603,A,A,primer-uds-north,primer-uds-north,True,4.5639,5.6519,1.0879,-4.837,-5.075,0.239,215,244,-1.947,-1.647,-0.299,6.008,4.56,0.9,2.5,-1.6,4.38,0.0729,True,True
701,I,183.3395,37751,48686,A,A,primer-uds-south,primer-uds-south,True,5.3592,4.8439,0.5153,-3.945,-5.657,1.712,59,294,-2.87,-1.285,-1.585,14.058,3.267,2.1,0.3,1.8,1.61,0.0268,False,False
702,I,183.3205,59568,60046,A,A,primer-uds-south,primer-uds-south,True,8.9016,5.4628,3.4387,-4.592,-5.145,0.553,173,254,-2.381,-0.977,-1.403,8.958,2.46,2.7,1.0,1.7,0.32,0.0053,False,False
703,III,183.25900000000001,6756,40589,A,A,ceers-full,ceers-full,True,7.1361,8.0067,0.8706,-4.153,-4.478,0.325,95,140,-2.375,-2.066,-0.309,8.91,6.703,2.5,3.3000000000000003,-0.8,2.72,0.0454,True,True
704,III_weak,183.11,17813,26971,A,A,primer-cosmos-east,primer-cosmos-east,True,5.2267,6.4067,1.18,-5.11,-4.718,0.392,250,198,-2.268,-1.596,-0.673,8.076,4.347,1.8,0.5,1.3,2.92,0.0487,True,False
705,I,183.013,37563,51983,A,A,gds,gds,True,5.7131,7.1353,1.4222,-5.356,-4.665,0.691,281,187,-0.801,-2.719,1.919,2.091,12.24,0.1,-99.0,99.1,3.81,0.0635,False,False
706,III,182.877,50560,51657,A,A,primer-cosmos-west,primer-cosmos-west,True,5.1459,4.7941,0.3518,-4.83,-4.096,0.735,214,83,-2.279,-2.491,0.211,8.162,9.913,0.4,1.4,-1.0,0.69,0.0115,True,True
707,I,182.85000000000002,52084,54661,A,A,primer-cosmos-east,primer-cosmos-east,True,7.0756,5.6676,1.408,-3.658,-4.975,1.316,45,229,-2.985,-1.441,-1.545,15.637,3.77,1.6,3.9,-2.3,1.17,0.0196,False,False
708,I,182.8065,21488,30157,A,A,primer-uds-south,primer-uds-south,True,5.414,4.7269,0.6871,-3.634,-5.539,1.905,44,289,-2.732,-1.325,-1.407,12.377,3.387,2.1,0.2,1.9,3.82,0.0637,False,False
709,III_weak,182.78799999999998,19354,59162,A,A,ceers-full,ceers-full,True,5.4279,7.8411,2.4132,-4.295,-4.082,0.213,115,80,-2.609,-1.705,-0.904,11.057,4.808,1.6,3.9,-2.3,3.69,0.0615,True,False
710,III,182.565,29106,54603,A,A,primer-uds-north,primer-uds-north,True,5.2048,5.6519,0.447,-4.528,-5.075,0.547,150,244,-1.936,-1.647,-0.289,5.948,4.56,1.1,2.5,-1.4,2.49,0.0414,True,True
711,III,182.25150000000002,24100,57469,A,A,primer-uds-north,primer-uds-north,True,4.9919,5.668,0.6761,-4.26,-4.467,0.207,111,135,-2.062,-1.644,-0.418,6.681,4.547,1.3,3.1,-1.8,3.39,0.0564,True,True
712,III,182.217,19946,27765,A,A,primer-cosmos-east,primer-cosmos-east,True,5.9744,5.1726,0.8018,-4.715,-4.457,0.258,196,133,-1.873,-2.222,0.349,5.613,7.74,1.0,2.2,-1.2,2.6,0.0433,True,True
713,III,181.882,31661,42656,A,A,primer-cosmos-west,primer-cosmos-west,True,4.4626,5.6854,1.2228,-4.603,-4.811,0.208,177,209,-1.535,-1.289,-0.246,4.111,3.277,0.5,3.9,-3.4,3.58,0.0597,True,True
714,III,181.759,16083,19946,A,A,primer-cosmos-east,primer-cosmos-east,True,4.5779,5.9744,1.3966,-4.498,-4.715,0.217,142,196,-2.059,-1.873,-0.186,6.663,5.613,1.0,1.0,0.0,1.68,0.028,True,True
715,III,181.3685,4620,25430,A,A,primer-uds-south,primer-uds-south,True,5.7463,7.1282,1.3819,-4.133,-4.556,0.423,92,162,-2.073,-2.014,-0.059,6.748,6.389,1.3,2.7,-1.4,2.5,0.0417,True,True
716,I,181.273,23107,28931,A,A,primer-uds-south,primer-uds-south,True,4.9525,7.9047,2.9522,-5.525,-3.918,1.608,287,57,-1.812,-2.686,0.875,5.304,11.871,0.3,2.8000000000000003,-2.5,4.2,0.0699,False,False
717,III_weak,181.25650000000002,49360,67137,A,A,ceers-full,ceers-full,True,4.7373,7.4965,2.7591,-4.549,-4.25,0.299,159,108,-1.207,-0.488,-0.718,3.039,1.568,0.8,3.9,-3.1,1.77,0.0295,True,False
718,III_weak,181.2455,56783,67270,A,A,primer-uds-north,primer-uds-north,True,5.3134,5.6651,0.3517,-4.576,-4.106,0.469,169,84,-3.33,-2.492,-0.838,21.479,9.928,1.8,1.3,0.5,1.44,0.0239,True,False
719,III_weak,181.1475,15257,42014,A,A,primer-uds-north,primer-uds-north,True,6.9201,4.5516,2.3685,-4.731,-5.575,0.844,201,291,-1.774,-1.78,0.006,5.126,5.153,1.3,0.3,1.0,4.99,0.0832,True,False
720,III_weak,181.0425,24464,30600,A,A,ceers-full,ceers-full,True,5.6554,4.0259,1.6295,-4.238,-4.874,0.635,106,220,-2.141,-2.492,0.351,7.184,9.925,2.7,0.6000000000000001,2.1,1.01,0.0168,True,False
721,I,180.4935,43932,68006,A,A,primer-uds-north,primer-uds-north,True,4.2354,5.1603,0.9249,-4.802,-3.797,1.004,207,47,-1.257,-3.087,1.83,3.183,17.174,0.5,1.4,-0.9,4.16,0.0693,False,False
722,III_weak,180.39549999999997,29392,44435,A,A,primer-uds-south,primer-uds-south,True,7.471,5.1733,2.2977,-4.543,-4.854,0.311,156,217,-2.259,-2.591,0.332,8.009,10.873,2.2,1.1,1.1,4.86,0.081,True,False
723,I,180.252,32402,45202,A,A,gds,gds,True,4.9424,7.1313,2.1888,-5.321,-4.571,0.749,276,167,-1.703,-3.302,1.599,4.797,20.926,3.2,2.8000000000000003,0.4,2.31,0.0384,False,False
724,I,180.24349999999998,14381,41129,A,A,gds,gds,True,5.4444,7.1334,1.6889,-5.162,-4.56,0.602,256,165,-1.944,-3.781,1.837,5.992,32.541,3.0,3.5,-0.5,4.55,0.0759,False,False
725,III_weak,179.88400000000001,29568,31319,A,A,primer-cosmos-west,primer-cosmos-west,True,4.3603,6.3339,1.9736,-4.937,-4.541,0.396,224,155,-2.198,-1.33,-0.868,7.57,3.404,0.4,2.8000000000000003,-2.4,3.63,0.0604,True,False
726,I_conflict,179.78199999999998,32237,42859,A,A,primer-uds-north,primer-uds-north,True,4.6122,6.5809,1.9688,-3.896,-4.421,0.525,55,126,-2.263,-3.653,1.39,8.04,28.92,1.2000000000000002,1.2000000000000002,0.0,2.57,0.0429,False,True
727,I,179.712,54143,68006,A,A,primer-uds-north,primer-uds-north,True,4.7315,5.1603,0.4288,-5.073,-3.797,1.276,243,47,-1.287,-3.087,1.8,3.272,17.174,0.9,1.4,-0.5,2.15,0.0359,False,False
728,I,179.5545,30157,37751,A,A,primer-uds-south,primer-uds-south,True,4.7269,5.3592,0.6323,-5.539,-3.945,1.594,289,59,-1.325,-2.87,1.545,3.387,14.058,0.2,2.1,-1.9,3.65,0.0609,False,False
729,I,179.4835,48982,66511,A,A,primer-uds-south,primer-uds-south,True,5.3879,7.1308,1.7429,-4.536,-4.004,0.533,154,66,-2.164,-4.011,1.847,7.339,40.221,2.0,3.2,-1.2,3.01,0.0501,False,False
730,I,179.272,28931,39711,A,A,primer-uds-south,primer-uds-south,True,7.9047,5.462,2.4428,-3.918,-5.308,1.391,57,275,-2.686,-1.568,-1.118,11.871,4.238,2.8000000000000003,1.5,1.3,2.97,0.0494,False,False
731,I_conflict,178.8885,40799,51855,A,A,primer-cosmos-east,primer-cosmos-east,True,7.6812,4.6512,3.0299,-4.551,-4.198,0.353,160,101,-2.636,-1.48,-1.157,11.337,3.907,2.6,0.7000000000000001,1.9,3.63,0.0605,False,True
732,I,178.885,31645,42859,A,A,primer-uds-north,primer-uds-north,True,4.7559,6.5809,1.825,-4.758,-4.421,0.337,203,126,-1.725,-3.653,1.928,4.897,28.92,0.8,1.2000000000000002,-0.4,3.42,0.057,False,False
733,I,178.5485,33898,62395,A,A,primer-uds-south,primer-uds-south,True,4.5453,5.6592,1.1139,-5.24,-4.057,1.183,264,76,-1.111,-2.738,1.627,2.782,12.456,1.2000000000000002,1.6,-0.4,3.21,0.0536,False,False
734,I_conflict,178.3965,36872,57494,A,A,primer-uds-south,primer-uds-south,True,7.1351,4.024,3.1111,-4.47,-4.008,0.461,136,67,-2.842,-1.784,-1.058,13.703,5.173,2.4000000000000004,1.6,0.8,3.2,0.0534,False,True
735,III,178.123,23054,57051,A,A,ceers-full,ceers-full,True,6.8683,5.6681,1.2002,-4.611,-4.281,0.329,180,113,-1.835,-1.94,0.105,5.421,5.971,2.1,2.3000000000000003,-0.2,3.08,0.0513,True,True
736,III_weak,177.768,1072,29110,A,A,primer-uds-north,primer-uds-north,True,8.906,7.1288,1.7772,-4.592,-4.845,0.252,174,216,-2.385,-2.856,0.471,8.992,13.874,2.7,2.4000000000000004,0.3,4.43,0.0738,True,False
737,I,177.679,1072,43932,A,A,primer-uds-north,primer-uds-north,True,8.906,4.2354,4.6706,-4.592,-4.802,0.209,174,207,-2.385,-1.257,-1.127,8.992,3.183,2.7,0.5,2.2,4.52,0.0753,False,False
738,III_weak,177.652,22483,30145,A,A,primer-cosmos-west,primer-cosmos-west,True,7.1355,5.6646,1.4708,-4.222,-5.1,0.878,102,249,-1.86,-2.046,0.185,5.548,6.58,2.7,2.0,0.7,3.09,0.0515,True,False
739,I,177.638,25633,29372,A,A,primer-cosmos-west,primer-cosmos-west,True,7.0511,5.3858,1.6652,-4.166,-4.978,0.812,98,230,-3.131,-1.465,-1.666,17.88,3.854,3.2,2.2,1.0,1.27,0.0212,False,False
740,I,177.576,23571,40799,A,A,primer-cosmos-east,primer-cosmos-east,True,4.7607,7.6812,2.9204,-5.17,-4.551,0.619,258,160,-1.232,-2.636,1.404,3.11,11.337,0.2,2.6,-2.4,4.95,0.0825,False,False
741,III_weak,177.433,47824,48498,A,A,primer-cosmos-east,primer-cosmos-east,True,5.6555,4.4533,1.2022,-4.561,-5.641,1.08,166,293,-1.742,-1.883,0.14,4.977,5.663,2.7,0.9,1.8,2.94,0.049,True,False
742,III,177.2275,50560,54067,A,A,primer-cosmos-west,primer-cosmos-west,True,5.1459,5.6564,0.5105,-4.83,-5.239,0.409,214,263,-2.279,-2.033,-0.246,8.162,6.506,0.4,0.5,-0.1,1.69,0.0282,True,True
743,III_weak,177.0715,21488,51593,A,A,primer-uds-south,primer-uds-south,True,5.414,4.4579,0.9561,-3.634,-4.455,0.821,44,132,-2.732,-3.094,0.362,12.377,17.278,2.1,1.0,1.1,3.29,0.0549,True,False
744,III_weak,177.0605,44446,46914,A,A,primer-cosmos-west,primer-cosmos-west,True,7.1315,5.6548,1.4767,-4.731,-4.978,0.247,202,231,-1.938,-2.488,0.55,5.959,9.891,2.8000000000000003,2.0,0.8,1.87,0.0312,True,False
745,I,177.05599999999998,23571,31770,A,A,primer-cosmos-east,primer-cosmos-east,True,4.7607,5.7791,1.0184,-5.17,-3.574,1.596,258,42,-1.232,-2.609,1.378,3.11,11.061,0.2,1.9,-1.7,3.57,0.0595,False,False
746,I,176.912,40642,40799,A,A,primer-cosmos-east,primer-cosmos-east,True,4.6343,7.6812,3.0468,-4.888,-4.551,0.337,221,160,-1.114,-2.636,1.522,2.791,11.337,0.8,2.6,-1.8,1.14,0.019,False,False
747,I,176.736,25633,31661,A,A,primer-cosmos-west,primer-cosmos-west,True,7.0511,4.4626,2.5884,-4.166,-4.603,0.437,98,177,-3.131,-1.535,-1.596,17.88,4.111,3.2,0.5,2.7,4.31,0.0719,False,False
748,III,176.707,44435,59880,A,A,primer-uds-south,primer-uds-south,True,5.1733,5.6631,0.4898,-4.854,-5.281,0.427,217,270,-2.591,-2.36,-0.231,10.873,8.792,1.1,3.2,-2.1,4.57,0.0762,True,True
749,I,176.6295,11967,15850,A,A,primer-cosmos-east,primer-cosmos-east,True,5.4823,7.0456,1.5633,-5.508,-4.167,1.341,286,99,-1.78,-3.138,1.359,5.15,17.999,3.1,3.3000000000000003,-0.2,1.68,0.028,False,False
750,I,176.5105,16152,25633,A,A,primer-cosmos-west,primer-cosmos-west,True,5.7144,7.0511,1.3367,-4.723,-4.166,0.557,199,98,-1.236,-3.131,1.895,3.122,17.88,0.0,3.2,-3.2,2.89,0.0482,False,False
751,III_weak,176.47449999999998,17986,51593,A,A,primer-uds-south,primer-uds-south,True,4.9401,4.4579,0.4823,-3.587,-4.455,0.868,43,132,-2.13,-3.094,0.964,7.113,17.278,0.9,1.0,-0.1,3.56,0.0594,True,False
752,I,176.437,9227,15850,A,A,primer-cosmos-east,primer-cosmos-east,True,5.7139,7.0456,1.3318,-4.724,-4.167,0.557,200,99,-1.243,-3.138,1.895,3.141,17.999,0.0,3.3000000000000003,-3.3,2.89,0.0482,False,False
753,I_conflict,176.41,23868,46281,A,A,gds,gds,True,8.9276,4.7896,4.138,-5.234,-4.676,0.558,261,188,-2.742,-2.09,-0.652,12.498,6.853,2.6,-99.0,101.6,2.81,0.0468,False,True
754,I,176.34050000000002,31770,40642,A,A,primer-cosmos-east,primer-cosmos-east,True,5.7791,4.6343,1.1447,-3.574,-4.888,1.314,42,221,-2.609,-1.114,-1.495,11.061,2.791,1.9,0.8,1.1,2.4,0.0399,False,False
755,III,175.79399999999998,32237,57944,A,A,primer-uds-north,primer-uds-north,True,4.6122,5.2898,0.6776,-3.896,-4.472,0.576,55,137,-2.263,-2.197,-0.067,8.04,7.561,1.2000000000000002,1.7000000000000002,-0.5,4.71,0.0785,True,True
756,I_conflict,175.52249999999998,22773,29110,A,A,primer-uds-north,primer-uds-north,True,4.4013,7.1288,2.7275,-4.533,-4.845,0.312,153,216,-1.65,-2.856,1.205,4.573,13.874,1.3,2.4000000000000004,-1.1,1.04,0.0173,False,True
757,III,175.3915,43738,44053,A,A,primer-uds-north,primer-uds-north,True,5.0901,5.4381,0.3481,-4.063,-4.897,0.834,78,222,-2.685,-2.683,-0.003,11.862,11.832,1.7000000000000002,2.5,-0.8,1.38,0.023,True,True
758,I,175.3535,28931,30520,A,A,primer-uds-south,primer-uds-south,True,7.9047,5.3498,2.5549,-3.918,-5.029,1.111,57,237,-2.686,-1.513,-1.174,11.871,4.028,2.8000000000000003,0.9,1.9,4.38,0.073,False,False
759,III_weak,174.83849999999998,1381,8559,A,A,primer-uds-north,primer-uds-north,True,5.6626,7.9365,2.2739,-5.288,-4.517,0.771,274,145,-2.364,-1.912,-0.452,8.826,5.818,3.1,3.9,-0.8,1.68,0.0281,True,False
760,III_weak,174.695,22379,31319,A,A,primer-cosmos-west,primer-cosmos-west,True,5.7349,6.3339,0.599,-4.828,-4.541,0.287,212,155,-2.572,-1.33,-1.242,10.687,3.404,0.9,2.8000000000000003,-1.9,3.06,0.0509,True,False
761,III_weak,174.59699999999998,59162,71321,A,A,ceers-full,ceers-full,True,7.8411,7.1293,0.7118,-4.082,-4.476,0.394,80,139,-1.705,-2.347,0.642,4.808,8.687,3.9,1.9,2.0,1.84,0.0307,True,False
762,I,174.51549999999997,33898,52581,A,A,primer-uds-south,primer-uds-south,True,4.5453,6.167,1.6217,-5.24,-4.052,1.188,264,74,-1.111,-2.502,1.391,2.782,10.017,1.2000000000000002,1.3,-0.1,3.58,0.0596,False,False
763,I,174.382,29110,33332,A,A,primer-uds-north,primer-uds-north,True,7.1288,4.542,2.5868,-4.845,-5.076,0.231,216,246,-2.856,-1.182,-1.673,13.874,2.971,2.4000000000000004,0.8,1.6,1.31,0.0219,False,False
764,III_weak,174.2455,59880,67076,A,A,primer-uds-south,primer-uds-south,True,5.6631,7.9368,2.2737,-5.281,-4.528,0.753,270,149,-2.36,-1.909,-0.451,8.792,5.804,3.2,3.9,-0.7,1.68,0.0281,True,False
765,I,173.9955,21108,32986,A,A,primer-uds-north,primer-uds-north,True,7.1364,4.1527,2.9837,-4.588,-5.021,0.433,171,236,-2.685,-1.26,-1.425,11.863,3.192,2.6,0.0,2.6,3.14,0.0523,False,False
766,I,173.706,21108,33332,A,A,primer-uds-north,primer-uds-north,True,7.1364,4.542,2.5944,-4.588,-5.076,0.488,171,246,-2.685,-1.182,-1.503,11.863,2.971,2.6,0.8,1.8,2.8,0.0466,False,False
767,I,173.55599999999998,17986,33445,A,A,primer-uds-south,primer-uds-south,True,4.9401,4.3458,0.5944,-3.587,-5.25,1.663,43,266,-2.13,-0.735,-1.395,7.113,1.968,0.9,0.0,0.9,4.45,0.0742,False,False
768,I,173.49550000000002,40642,55423,A,A,primer-cosmos-east,primer-cosmos-east,True,4.6343,5.408,0.7737,-4.888,-4.095,0.793,221,82,-1.114,-2.976,1.862,2.791,15.501,0.8,1.4,-0.6,4.86,0.081,False,False
769,I,173.4815,45202,52017,A,A,gds,gds,True,7.1313,6.3311,0.8001,-4.571,-5.333,0.761,167,278,-3.302,-1.429,-1.873,20.926,3.729,2.8000000000000003,-99.0,101.8,2.25,0.0375,False,False
770,I,172.8895,1544,29110,A,A,primer-uds-north,primer-uds-north,True,5.4635,7.1288,1.6653,-5.142,-4.845,0.297,252,216,-0.976,-2.856,1.88,2.456,13.874,1.0,2.4000000000000004,-1.4,4.16,0.0694,False,False
771,I,172.86599999999999,51855,52084,A,A,primer-cosmos-east,primer-cosmos-east,True,4.6512,7.0756,2.4244,-4.198,-3.658,0.54,101,45,-1.48,-2.985,1.506,3.907,15.637,0.7000000000000001,1.6,-0.9,0.6,0.01,False,False
772,I,172.79999999999998,41129,64049,A,A,gds,gds,True,7.1334,5.2713,1.862,-4.56,-5.079,0.519,165,247,-3.781,-2.095,-1.686,32.541,6.884,3.5,-99.0,102.5,4.54,0.0757,False,False
773,III_weak,172.722,43445,50325,A,A,primer-cosmos-east,primer-cosmos-east,True,5.6969,6.4277,0.7308,-5.795,-5.032,0.762,295,238,-1.457,-1.079,-0.378,3.826,2.702,0.5,0.1,0.4,2.64,0.044,True,False
774,I,172.7015,50716,59971,A,A,primer-uds-south,primer-uds-south,True,7.8636,5.3915,2.4721,-4.548,-5.268,0.719,157,268,-2.779,-1.398,-1.381,12.935,3.624,2.7,0.9,1.8,3.32,0.0553,False,False
775,III_weak,172.58100000000002,29106,31581,A,A,primer-uds-north,primer-uds-north,True,5.2048,4.1634,1.0414,-4.528,-5.06,0.532,150,240,-1.936,-2.356,0.42,5.948,8.757,1.1,0.0,1.1,2.28,0.0381,True,False
776,I,172.2135,1544,21108,A,A,primer-uds-north,primer-uds-north,True,5.4635,7.1364,1.6729,-5.142,-4.588,0.554,252,171,-0.976,-2.685,1.71,2.456,11.863,1.0,2.6,-1.6,2.32,0.0386,False,False
777,I,171.6495,29303,45202,A,A,gds,gds,True,5.986,7.1313,1.1453,-5.076,-4.571,0.504,245,167,-1.415,-3.302,1.887,3.681,20.926,2.0,2.8000000000000003,-0.8,1.92,0.0319,False,False
778,I_conflict,171.3635,29110,46085,A,A,primer-uds-north,primer-uds-north,True,7.1288,4.7858,2.3429,-4.845,-3.966,0.879,216,61,-2.856,-1.958,-0.897,13.874,6.071,2.4000000000000004,1.3,1.1,2.35,0.0392,False,True
779,I,171.1325,48686,69772,A,A,primer-uds-south,primer-uds-south,True,4.8439,5.4294,0.5855,-5.657,-3.832,1.825,294,50,-1.285,-2.537,1.252,3.267,10.35,0.3,2.7,-2.4,2.83,0.0472,False,False
780,III_weak,171.0975,24100,31581,A,A,primer-uds-north,primer-uds-north,True,4.9919,4.1634,0.8285,-4.26,-5.06,0.799,111,240,-2.062,-2.356,0.294,6.681,8.757,1.3,0.0,1.3,4.44,0.0741,True,False
781,I,171.0345,40799,43445,A,A,primer-cosmos-east,primer-cosmos-east,True,7.6812,5.6969,1.9843,-4.551,-5.795,1.244,160,295,-2.636,-1.457,-1.179,11.337,3.826,2.6,0.5,2.1,1.85,0.0309,False,False
782,I_conflict,170.9375,18540,32535,A,A,primer-cosmos-west,primer-cosmos-west,True,8.9337,5.7492,3.1845,-4.869,-4.325,0.544,219,118,-2.025,-1.188,-0.837,6.458,2.987,1.7000000000000002,0.6000000000000001,1.1,4.33,0.0722,False,True
783,III_weak,170.929,31581,57469,A,A,primer-uds-north,primer-uds-north,True,4.1634,5.668,1.5046,-5.06,-4.467,0.592,240,135,-2.356,-1.644,-0.712,8.757,4.547,0.0,3.1,-3.1,4.41,0.0735,True,False
784,I,170.792,28500,33230,A,A,primer-cosmos-west,primer-cosmos-west,True,5.429,4.7522,0.6768,-4.306,-5.169,0.863,116,257,-3.01,-1.215,-1.795,15.999,3.062,2.8000000000000003,0.2,2.6,3.13,0.0522,False,False
785,I,170.6715,18537,35367,A,A,gds,gds,True,4.2773,5.4895,1.2121,-4.812,-3.899,0.913,210,56,-1.41,-3.012,1.602,3.665,16.019,1.2000000000000002,2.3000000000000003,-1.1,2.84,0.0473,False,False
786,I,170.565,23571,31668,A,A,primer-cosmos-east,primer-cosmos-east,True,4.7607,5.6077,0.847,-5.17,-3.833,1.337,258,51,-1.232,-2.687,1.455,3.11,11.876,0.2,1.6,-1.4,2.31,0.0385,False,False
787,III_weak,170.195,29392,32880,A,A,primer-uds-south,primer-uds-south,True,7.471,4.756,2.715,-4.543,-4.821,0.279,156,211,-2.259,-2.281,0.022,8.009,8.176,2.2,0.9,1.3,2.38,0.0396,True,False
788,I_conflict,170.1325,17986,50716,A,A,primer-uds-south,primer-uds-south,True,4.9401,7.8636,2.9235,-3.587,-4.548,0.961,43,157,-2.13,-2.779,0.649,7.113,12.935,0.9,2.7,-1.8,4.71,0.0785,False,True
789,I,170.06,30157,52581,A,A,primer-uds-south,primer-uds-south,True,4.7269,6.167,1.44,-5.539,-4.052,1.487,289,74,-1.325,-2.502,1.177,3.387,10.017,0.2,1.3,-1.1,3.75,0.0626,False,False
790,I,170.006,1072,42014,A,A,primer-uds-north,primer-uds-north,True,8.906,4.5516,4.3544,-4.592,-5.575,0.983,174,291,-2.385,-1.78,-0.604,8.992,5.153,2.7,0.3,2.4,4.31,0.0719,False,False
791,III_weak,169.948,21943,26971,A,A,primer-cosmos-east,primer-cosmos-east,True,4.7155,6.4067,1.6912,-5.049,-4.718,0.331,239,198,-1.888,-1.596,-0.293,5.692,4.347,0.8,0.5,0.3,2.39,0.0399,True,False
792,I,169.8835,7991,29106,A,A,primer-uds-north,primer-uds-north,True,5.6557,5.2048,0.4509,-4.123,-4.528,0.404,91,150,-4.056,-1.936,-2.12,41.912,5.948,2.4000000000000004,1.1,1.3,3.18,0.0531,False,False
793,III_weak,169.8615,54603,69936,A,A,primer-uds-north,primer-uds-north,True,5.6519,7.034,1.3821,-5.075,-4.529,0.546,244,151,-1.647,-1.392,-0.255,4.56,3.605,2.5,2.1,0.4,3.35,0.0559,True,False
794,I,169.851,31668,40642,A,A,primer-cosmos-east,primer-cosmos-east,True,5.6077,4.6343,0.9734,-3.833,-4.888,1.055,51,221,-2.687,-1.114,-1.572,11.876,2.791,1.6,0.8,0.8,3.19,0.0532,False,False
795,I,169.8435,18893,27765,A,A,primer-cosmos-east,primer-cosmos-east,True,4.8477,5.1726,0.3249,-5.582,-4.457,1.124,292,133,-0.496,-2.222,1.725,1.58,7.74,0.1,2.2,-2.1,2.62,0.0436,False,False
796,III_weak,169.82999999999998,16152,29568,A,A,primer-cosmos-west,primer-cosmos-west,True,5.7144,4.3603,1.354,-4.723,-4.937,0.214,199,224,-1.236,-2.198,0.962,3.122,7.57,0.0,0.4,-0.4,4.15,0.0691,True,False
797,I,169.78900000000002,3992,32986,A,A,primer-uds-north,primer-uds-north,True,5.6593,4.1527,1.5066,-4.053,-5.021,0.968,75,236,-2.723,-1.26,-1.463,12.278,3.192,1.6,0.0,1.6,4.04,0.0674,False,False
798,III_weak,169.759,22379,22483,A,A,primer-cosmos-west,primer-cosmos-west,True,5.7349,7.1355,1.4006,-4.828,-4.222,0.605,212,102,-2.572,-1.86,-0.712,10.687,5.548,0.9,2.7,-1.8,2.15,0.0358,True,False
799,I,169.67000000000002,10696,18893,A,A,primer-cosmos-east,primer-cosmos-east,True,5.6678,4.8477,0.82,-4.703,-5.582,0.879,191,292,-2.216,-0.496,-1.72,7.701,1.58,1.2000000000000002,0.1,1.1,3.47,0.0579,False,False
800,I,169.50099999999998,3992,33332,A,A,primer-uds-north,primer-uds-north,True,5.6593,4.542,1.1174,-4.053,-5.076,1.023,75,246,-2.723,-1.182,-1.541,12.278,2.971,1.6,0.8,0.8,3.83,0.0638,False,False
801,III,169.29250000000002,47165,53626,A,A,primer-cosmos-west,primer-cosmos-west,True,5.2338,5.6552,0.4215,-4.313,-4.572,0.259,117,168,-1.957,-1.753,-0.204,6.063,5.024,2.3000000000000003,2.7,-0.4,4.14,0.069,True,True
802,III_weak,169.28449999999998,44435,59568,A,A,primer-uds-south,primer-uds-south,True,5.1733,8.9016,3.7283,-4.854,-4.592,0.262,217,173,-2.591,-2.381,-0.21,10.873,8.958,1.1,2.7,-1.6,1.72,0.0287,True,False
803,III_weak,169.09449999999998,29303,39509,A,A,gds,gds,True,5.986,4.2877,1.6983,-5.076,-5.284,0.209,245,271,-1.415,-1.762,0.347,3.681,5.066,2.0,0.8,1.2,1.44,0.024,True,False
804,III_weak,168.95999999999998,53667,69936,A,A,primer-uds-north,primer-uds-north,True,4.5639,7.034,2.47,-4.837,-4.529,0.307,215,151,-1.947,-1.392,-0.554,6.008,3.605,0.9,2.1,-1.2,2.39,0.0399,True,False
805,I,168.9115,15850,21943,A,A,primer-cosmos-east,primer-cosmos-east,True,7.0456,4.7155,2.3301,-4.167,-5.049,0.882,99,239,-3.138,-1.888,-1.25,17.999,5.692,3.3000000000000003,0.8,2.5,2.99,0.0498,False,False
806,III_weak,168.6145,12234,19354,A,A,ceers-full,ceers-full,True,6.1422,5.4279,0.7143,-4.0,-4.295,0.295,65,115,-2.028,-2.609,0.581,6.475,11.057,1.7000000000000002,1.6,0.1,0.49,0.0082,True,False
807,I,168.59,49360,55490,A,A,ceers-full,ceers-full,True,4.7373,7.1493,2.412,-4.549,-3.522,1.027,159,40,-1.207,-2.338,1.132,3.039,8.618,0.8,2.7,-1.9,3.19,0.0532,False,False
808,I,167.9775,45383,50716,A,A,primer-uds-south,primer-uds-south,True,4.8552,7.8636,3.0085,-5.144,-4.548,0.595,253,157,-1.58,-2.779,1.2,4.285,12.935,0.9,2.7,-1.8,1.93,0.0322,False,False
809,I,167.3975,30157,69772,A,A,primer-uds-south,primer-uds-south,True,4.7269,5.4294,0.7025,-5.539,-3.832,1.707,289,50,-1.325,-2.537,1.213,3.387,10.35,0.2,2.7,-2.5,4.45,0.0742,False,False
810,I,167.3775,39094,41913,A,A,ceers-full,ceers-full,True,4.7315,5.246,0.5145,-4.252,-3.38,0.872,109,39,-1.706,-3.476,1.77,4.811,24.568,0.8,2.3000000000000003,-1.5,3.92,0.0653,False,False
811,III_weak,167.28449999999998,58630,59162,A,A,ceers-full,ceers-full,True,4.5468,7.8411,3.2943,-4.326,-4.082,0.244,119,80,-2.016,-1.705,-0.311,6.401,4.808,0.9,3.9,-3.0,1.83,0.0305,True,False
812,I,167.19549999999998,29392,33898,A,A,primer-uds-south,primer-uds-south,True,7.471,4.5453,2.9257,-4.543,-5.24,0.697,156,264,-2.259,-1.111,-1.148,8.009,2.782,2.2,1.2000000000000002,1.0,3.76,0.0626,False,False
813,I,167.077,35367,39509,A,A,gds,gds,True,5.4895,4.2877,1.2018,-3.899,-5.284,1.385,56,271,-3.012,-1.762,-1.25,16.019,5.066,2.3000000000000003,0.8,1.5,2.35,0.0392,False,False
814,I_conflict,167.0725,17986,59568,A,A,primer-uds-south,primer-uds-south,True,4.9401,8.9016,3.9615,-3.587,-4.592,1.005,43,173,-2.13,-2.381,0.25,7.113,8.958,0.9,2.7,-1.8,4.46,0.0743,False,True
815,I,167.038,2480,37751,A,A,primer-uds-south,primer-uds-south,True,4.6841,5.3592,0.6752,-5.342,-3.945,1.397,279,59,-1.469,-2.87,1.4,3.87,14.058,0.5,2.1,-1.6,4.03,0.0672,False,False
816,I_conflict,167.00099999999998,29110,32025,A,A,primer-uds-north,primer-uds-north,True,7.1288,4.0433,3.0854,-4.845,-4.381,0.464,216,122,-2.856,-2.02,-0.836,13.874,6.426,2.4000000000000004,0.6000000000000001,1.8,1.61,0.0268,False,True
817,III_weak,166.96550000000002,32535,43505,A,A,primer-cosmos-west,primer-cosmos-west,True,5.7492,4.6755,1.0737,-4.325,-4.762,0.437,118,204,-1.188,-2.043,0.855,2.987,6.564,0.6000000000000001,0.8,-0.2,3.5,0.0584,True,False
818,I,166.9235,28491,33230,A,A,primer-cosmos-west,primer-cosmos-west,True,5.5851,4.7522,0.8329,-4.123,-5.169,1.046,90,257,-2.776,-1.215,-1.561,12.896,3.062,2.0,0.2,1.8,3.39,0.0566,False,False
819,III_weak,166.86200000000002,11219,16999,A,A,primer-uds-north,primer-uds-north,True,5.4287,4.2059,1.2228,-3.83,-4.034,0.204,49,72,-2.534,-2.982,0.448,10.317,15.582,2.7,1.1,1.6,2.29,0.0382,True,False
820,I,166.8125,52856,55902,A,A,primer-uds-north,primer-uds-north,True,6.3209,8.6704,2.3495,-5.287,-4.714,0.574,272,195,-0.498,-1.885,1.387,1.582,5.677,0.0,2.9000000000000004,-2.9,0.95,0.0158,False,False
821,III,166.789,18540,21620,A,A,primer-cosmos-west,primer-cosmos-west,True,8.9337,8.0871,0.8466,-4.869,-4.626,0.243,219,182,-2.025,-2.061,0.036,6.458,6.675,1.7000000000000002,3.7,-2.0,0.9,0.015,True,True
822,III_weak,166.736,11967,26971,A,A,primer-cosmos-east,primer-cosmos-east,True,5.4823,6.4067,0.9244,-5.508,-4.718,0.789,286,198,-1.78,-1.596,-0.184,5.15,4.347,3.1,0.5,2.6,4.72,0.0786,True,False
823,III_weak,166.6175,9104,30191,A,A,primer-uds-south,primer-uds-south,True,6.0931,4.0366,2.0565,-4.804,-5.243,0.439,208,265,-1.91,-1.962,0.052,5.807,6.093,0.7000000000000001,0.0,0.7,2.67,0.0445,True,False
824,I,166.5275,22358,29392,A,A,primer-uds-south,primer-uds-south,True,4.6765,7.471,2.7945,-5.19,-4.543,0.647,259,156,-1.055,-2.259,1.204,2.643,8.009,0.0,2.2,-2.2,0.98,0.0164,False,False
825,I,166.33499999999998,21108,43932,A,A,primer-uds-north,primer-uds-north,True,7.1364,4.2354,2.901,-4.588,-4.802,0.214,171,207,-2.685,-1.257,-1.428,11.863,3.183,2.6,0.5,2.1,2.64,0.044,False,False
826,III_weak,166.2145,12234,36886,A,A,ceers-full,ceers-full,True,6.1422,4.4499,1.6923,-4.0,-4.236,0.236,65,105,-2.028,-2.303,0.275,6.475,8.344,1.7000000000000002,1.3,0.4,2.27,0.0378,True,False
827,I,166.1995,29110,54143,A,A,primer-uds-north,primer-uds-north,True,7.1288,4.7315,2.3973,-4.845,-5.073,0.228,216,243,-2.856,-1.287,-1.568,13.874,3.272,2.4000000000000004,0.9,1.5,3.43,0.0571,False,False
828,III_weak,165.6285,6282,16083,A,A,primer-cosmos-east,primer-cosmos-east,True,5.6738,4.5779,1.0959,-4.11,-4.498,0.388,86,142,-1.708,-2.059,0.351,4.822,6.663,1.8,1.0,0.8,4.81,0.0802,True,False
829,III_weak,165.512,9227,19462,A,A,primer-cosmos-east,primer-cosmos-east,True,5.7139,4.3651,1.3488,-4.724,-4.94,0.216,200,225,-1.243,-2.119,0.876,3.141,7.039,0.0,0.4,-0.4,4.15,0.0691,True,False
830,III_weak,165.168,9227,17813,A,A,primer-cosmos-east,primer-cosmos-east,True,5.7139,5.2267,0.4872,-4.724,-5.11,0.387,200,250,-1.243,-2.268,1.025,3.141,8.076,0.0,1.8,-1.8,3.89,0.0649,True,False
831,III_weak,165.11950000000002,31581,62716,A,A,primer-uds-north,primer-uds-north,True,4.1634,5.3867,1.2233,-5.06,-4.396,0.664,240,125,-2.356,-1.719,-0.637,8.757,4.871,0.0,1.2000000000000002,-1.2,3.45,0.0575,True,False
832,I,165.0575,344,30157,A,A,primer-uds-south,primer-uds-south,True,7.1354,4.7269,2.4085,-4.628,-5.539,0.911,183,289,-2.457,-1.325,-1.132,9.613,3.387,2.5,0.2,2.3,4.45,0.0742,False,False
833,III_weak,165.0035,52581,60446,A,A,primer-uds-south,primer-uds-south,True,6.167,4.3661,1.8009,-4.052,-4.53,0.478,74,152,-2.502,-2.575,0.073,10.017,10.713,1.3,1.2000000000000002,0.1,0.93,0.0155,True,False
834,III_weak,164.796,30145,36162,A,A,primer-cosmos-west,primer-cosmos-west,True,5.6646,6.411,0.7464,-5.1,-4.715,0.385,249,197,-2.046,-1.605,-0.441,6.58,4.385,2.0,0.5,1.5,3.5,0.0583,True,False
835,I,164.7425,12544,20632,A,A,ceers-full,ceers-full,True,4.5497,5.6531,1.1035,-5.01,-4.107,0.903,235,85,-1.316,-2.838,1.522,3.36,13.655,0.4,2.0,-1.6,0.84,0.014,False,False
836,III_weak,164.72050000000002,13074,21037,A,A,primer-cosmos-west,primer-cosmos-west,True,5.2148,4.4761,0.7387,-3.796,-4.619,0.823,46,181,-2.885,-3.064,0.179,14.255,16.813,2.5,0.7000000000000001,1.8,2.26,0.0376,True,False
837,III_weak,164.71550000000002,14076,59626,A,A,ceers-full,ceers-full,True,5.6614,6.3671,0.7057,-4.855,-4.189,0.666,218,100,-1.647,-1.364,-0.283,4.557,3.511,1.9,0.9,1.0,3.96,0.066,True,False
838,I,164.6315,52581,60046,A,A,primer-uds-south,primer-uds-south,True,6.167,5.4628,0.7041,-4.052,-5.145,1.094,74,254,-2.502,-0.977,-1.525,10.017,2.46,1.3,1.0,0.3,1.88,0.0314,False,False
839,III_weak,164.60399999999998,36985,55490,A,A,ceers-full,ceers-full,True,5.6537,7.1493,1.4956,-4.161,-3.522,0.639,97,40,-2.899,-2.338,-0.56,14.441,8.618,2.0,2.7,-0.7,2.39,0.0398,True,False
840,I_conflict,164.54649999999998,18540,31661,A,A,primer-cosmos-west,primer-cosmos-west,True,8.9337,4.4626,4.4711,-4.869,-4.603,0.266,219,177,-2.025,-1.535,-0.49,6.458,4.111,1.7000000000000002,0.5,1.2,4.07,0.0678,False,True
841,I,164.529,14086,23571,A,A,primer-cosmos-east,primer-cosmos-east,True,7.1273,4.7607,2.3666,-4.704,-5.17,0.466,192,258,-2.633,-1.232,-1.401,11.302,3.11,1.9,0.2,1.7,3.19,0.0531,False,False
842,I,164.4785,36872,37878,A,A,primer-uds-south,primer-uds-south,True,7.1351,4.7732,2.3619,-4.47,-5.154,0.685,136,255,-2.842,-1.572,-1.27,13.703,4.253,2.4000000000000004,0.8,1.6,0.33,0.0055,False,False
843,III,164.464,52581,69772,A,A,primer-uds-south,primer-uds-south,True,6.167,5.4294,0.7376,-4.052,-3.832,0.22,74,50,-2.502,-2.537,0.036,10.017,10.35,1.3,2.7,-1.4,4.4,0.0733,True,True
844,I,164.236,37878,59568,A,A,primer-uds-south,primer-uds-south,True,4.7732,8.9016,4.1284,-5.154,-4.592,0.562,255,173,-1.572,-2.381,0.809,4.253,8.958,0.8,2.7,-1.9,2.99,0.0498,False,False
845,I,164.187,52084,52124,A,A,primer-cosmos-east,primer-cosmos-east,True,7.0756,4.8338,2.2418,-3.658,-4.691,1.032,45,190,-2.985,-1.893,-1.092,15.637,5.717,1.6,1.2000000000000002,0.4,2.29,0.0382,False,False
846,I,164.105,30191,50716,A,A,primer-uds-south,primer-uds-south,True,4.0366,7.8636,3.827,-5.243,-4.548,0.695,265,157,-1.962,-2.779,0.817,6.093,12.935,0.0,2.7,-2.7,4.5,0.0751,False,False
847,I_conflict,164.062,72633,72956,A,A,ceers-full,ceers-full,True,5.4434,8.9042,3.4608,-4.376,-4.596,0.22,121,175,-0.889,-1.699,0.811,2.267,4.784,3.9,2.1,1.8,0.76,0.0126,False,True
848,I,163.817,40799,48498,A,A,primer-cosmos-east,primer-cosmos-east,True,7.6812,4.4533,3.2278,-4.551,-5.641,1.09,160,293,-2.636,-1.883,-0.754,11.337,5.663,2.6,0.9,1.7,2.71,0.0452,False,False
849,III_weak,163.7375,4620,9791,A,A,primer-uds-south,primer-uds-south,True,5.7463,5.0278,0.7185,-4.133,-4.829,0.697,92,213,-2.073,-2.313,0.241,6.748,8.422,1.3,1.2000000000000002,0.1,2.7,0.045,True,False
850,I,163.57,11219,32986,A,A,primer-uds-north,primer-uds-north,True,5.4287,4.1527,1.276,-3.83,-5.021,1.191,49,236,-2.534,-1.26,-1.274,10.317,3.192,2.7,0.0,2.7,4.21,0.0702,False,False
851,III_weak,163.4235,27765,45179,A,A,primer-cosmos-east,primer-cosmos-east,True,5.1726,7.1055,1.9329,-4.457,-4.157,0.301,133,96,-2.222,-2.113,-0.108,7.74,7.004,2.2,1.9,0.3,4.98,0.0829,True,False
852,I,163.28050000000002,11219,33332,A,A,primer-uds-north,primer-uds-north,True,5.4287,4.542,0.8867,-3.83,-5.076,1.246,49,246,-2.534,-1.182,-1.352,10.317,2.971,2.7,0.8,1.9,4.56,0.076,False,False
853,I,163.247,31770,48498,A,A,primer-cosmos-east,primer-cosmos-east,True,5.7791,4.4533,1.3258,-3.574,-5.641,2.067,42,293,-2.609,-1.883,-0.727,11.061,5.663,1.9,0.9,1.0,4.85,0.0808,False,False
854,III_weak,162.817,17813,19946,A,A,primer-cosmos-east,primer-cosmos-east,True,5.2267,5.9744,0.7478,-5.11,-4.715,0.395,250,196,-2.268,-1.873,-0.395,8.076,5.613,1.8,1.0,0.8,1.41,0.0236,True,False
855,I,162.761,20187,23571,A,A,primer-cosmos-east,primer-cosmos-east,True,6.6082,4.7607,1.8474,-4.12,-5.17,1.05,88,258,-2.403,-1.232,-1.171,9.146,3.11,2.4000000000000004,0.2,2.2,2.07,0.0345,False,False
856,III_weak,162.7335,6282,16408,A,A,primer-cosmos-east,primer-cosmos-east,True,5.6738,4.5749,1.0989,-4.11,-4.505,0.395,86,144,-1.708,-1.996,0.288,4.822,6.287,1.8,1.1,0.7,4.94,0.0824,True,False
857,I,162.51850000000002,36872,45383,A,A,primer-uds-south,primer-uds-south,True,7.1351,4.8552,2.2799,-4.47,-5.144,0.674,136,253,-2.842,-1.58,-1.262,13.703,4.285,2.4000000000000004,0.9,1.5,3.88,0.0647,False,False
858,III_weak,162.51550000000003,2981,29303,A,A,gds,gds,True,4.8122,5.986,1.1737,-5.367,-5.076,0.292,283,245,-1.738,-1.415,-0.323,4.956,3.681,2.2,2.0,0.2,3.8,0.0633,True,False
859,I,162.456,6756,12544,A,A,ceers-full,ceers-full,True,7.1361,4.5497,2.5864,-4.153,-5.01,0.857,95,235,-2.375,-1.316,-1.059,8.91,3.36,2.5,0.4,2.1,0.63,0.0105,False,False
860,III_weak,162.35649999999998,51593,52581,A,A,primer-uds-south,primer-uds-south,True,4.4579,6.167,1.7091,-4.455,-4.052,0.404,132,74,-3.094,-2.502,-0.592,17.278,10.017,1.0,1.3,-0.3,1.9,0.0317,True,False
861,I,162.276,45383,59568,A,A,primer-uds-south,primer-uds-south,True,4.8552,8.9016,4.0464,-5.144,-4.592,0.551,253,173,-1.58,-2.381,0.801,4.285,8.958,0.9,2.7,-1.8,2.33,0.0388,False,False
862,I,162.1285,3992,43932,A,A,primer-uds-north,primer-uds-north,True,5.6593,4.2354,1.4239,-4.053,-4.802,0.749,75,207,-2.723,-1.257,-1.466,12.278,3.183,1.6,0.5,1.1,4.25,0.0708,False,False
863,III_weak,162.115,44446,54067,A,A,primer-cosmos-west,primer-cosmos-west,True,7.1315,5.6564,1.475,-4.731,-5.239,0.508,202,263,-1.938,-2.033,0.095,5.959,6.506,2.8000000000000003,0.5,2.3,3.61,0.0602,True,False
864,I,162.0925,33445,44435,A,A,primer-uds-south,primer-uds-south,True,4.3458,5.1733,0.8275,-5.25,-4.854,0.396,266,217,-0.735,-2.591,1.856,1.968,10.873,0.0,1.1,-1.1,4.49,0.0748,False,False
865,III_weak,162.0705,29568,36162,A,A,primer-cosmos-west,primer-cosmos-west,True,4.3603,6.411,2.0507,-4.937,-4.715,0.222,224,197,-2.198,-1.605,-0.593,7.57,4.385,0.4,0.5,-0.1,2.14,0.0357,True,False
866,III_weak,161.625,32535,33230,A,A,primer-cosmos-west,primer-cosmos-west,True,5.7492,4.7522,0.997,-4.325,-5.169,0.844,118,257,-1.188,-1.215,0.027,2.987,3.062,0.6000000000000001,0.2,0.4,3.44,0.0574,True,False
867,I_conflict,161.6165,11501,36872,A,A,primer-uds-south,primer-uds-south,True,4.68,7.1351,2.4551,-3.982,-4.47,0.488,63,136,-1.939,-2.842,0.903,5.965,13.703,2.0,2.4000000000000004,-0.4,2.79,0.0466,False,True
868,I_conflict,161.4025,18804,29110,A,A,primer-uds-north,primer-uds-north,True,4.3173,7.1288,2.8115,-4.229,-4.845,0.616,103,216,-2.141,-2.856,0.715,7.184,13.874,1.5,2.4000000000000004,-0.9,3.88,0.0646,False,True
869,I_conflict,161.39999999999998,29110,62716,A,A,primer-uds-north,primer-uds-north,True,7.1288,5.3867,1.742,-4.845,-4.396,0.449,216,125,-2.856,-1.719,-1.136,13.874,4.871,2.4000000000000004,1.2000000000000002,1.2,3.72,0.062,False,True
870,I,161.315,32402,35367,A,A,gds,gds,True,4.9424,5.4895,0.547,-5.321,-3.899,1.422,276,56,-1.703,-3.012,1.309,4.797,16.019,3.2,2.3000000000000003,0.9,0.4,0.0066,False,False
871,I,160.98399999999998,19416,29110,A,A,primer-uds-north,primer-uds-north,True,5.4332,7.1288,1.6956,-5.405,-4.845,0.56,285,216,-1.38,-2.856,1.475,3.565,13.874,1.9,2.4000000000000004,-0.5,2.31,0.0385,False,False
872,I,160.969,23107,36872,A,A,primer-uds-south,primer-uds-south,True,4.9525,7.1351,2.1826,-5.525,-4.47,1.056,287,136,-1.812,-2.842,1.031,5.304,13.703,0.3,2.4000000000000004,-2.1,1.49,0.0249,False,False
873,I_conflict,160.819,29110,32237,A,A,primer-uds-north,primer-uds-north,True,7.1288,4.6122,2.5166,-4.845,-3.896,0.949,216,55,-2.856,-2.263,-0.592,13.874,8.04,2.4000000000000004,1.2000000000000002,1.2,0.47,0.0078,False,True
874,I,160.71550000000002,23636,37563,A,A,gds,gds,True,7.1328,5.7131,1.4197,-4.602,-5.356,0.754,176,281,-2.237,-0.801,-1.436,7.851,2.091,3.6,0.1,3.5,4.86,0.0811,False,False
875,III_weak,160.711,30600,71321,A,A,ceers-full,ceers-full,True,4.0259,7.1293,3.1034,-4.874,-4.476,0.397,220,139,-2.492,-2.347,-0.145,9.925,8.687,0.6000000000000001,1.9,-1.3,4.37,0.0728,True,False
876,I,160.6765,23107,59568,A,A,primer-uds-south,primer-uds-south,True,4.9525,8.9016,3.9491,-5.525,-4.592,0.933,287,173,-1.812,-2.381,0.569,5.304,8.958,0.3,2.7,-2.4,4.12,0.0686,False,False
877,I,160.3505,48498,55423,A,A,primer-cosmos-east,primer-cosmos-east,True,4.4533,5.408,0.9547,-5.641,-4.095,1.546,293,82,-1.883,-2.976,1.093,5.663,15.501,0.9,1.4,-0.5,2.48,0.0414,False,False
878,I,160.3285,71380,73890,A,A,ceers-full,ceers-full,True,7.1263,5.6603,1.4659,-3.934,-4.777,0.843,58,205,-2.94,-1.579,-1.361,14.996,4.282,3.4000000000000004,3.0,0.4,4.54,0.0756,False,False
879,I_conflict,159.985,17986,36872,A,A,primer-uds-south,primer-uds-south,True,4.9401,7.1351,2.195,-3.587,-4.47,0.882,43,136,-2.13,-2.842,0.712,7.113,13.703,0.9,2.4000000000000004,-1.5,3.09,0.0516,False,True
880,I,159.976,48983,73890,A,A,ceers-full,ceers-full,True,7.1368,5.6603,1.4764,-3.536,-4.777,1.241,41,205,-2.691,-1.579,-1.112,11.927,4.282,2.7,3.0,-0.3,4.38,0.0731,False,False
881,I,159.789,22702,31661,A,A,primer-cosmos-west,primer-cosmos-west,True,5.4312,4.4626,0.9686,-3.806,-4.603,0.797,48,177,-3.062,-1.535,-1.527,16.784,4.111,2.2,0.5,1.7,2.81,0.0468,False,False
882,I,159.379,15850,19462,A,A,primer-cosmos-east,primer-cosmos-east,True,7.0456,4.3651,2.6806,-4.167,-4.94,0.774,99,225,-3.138,-2.119,-1.019,17.999,7.039,3.3000000000000003,0.4,2.9,1.34,0.0223,False,False
883,I,159.308,29110,42014,A,A,primer-uds-north,primer-uds-north,True,7.1288,4.5516,2.5772,-4.845,-5.575,0.73,216,291,-2.856,-1.78,-1.075,13.874,5.153,2.4000000000000004,0.3,2.1,4.08,0.068,False,False
884,III_weak,159.21499999999997,55634,60046,A,A,primer-uds-south,primer-uds-south,True,6.8798,5.4628,1.417,-4.423,-5.145,0.722,127,254,-0.551,-0.977,0.426,1.661,2.46,0.1,1.0,-0.9,0.62,0.0104,True,False
885,I,159.171,48540,52084,A,A,primer-cosmos-east,primer-cosmos-east,True,5.6562,7.0756,1.4194,-5.23,-3.658,1.571,260,45,-2.07,-2.985,0.915,6.732,15.637,0.4,1.6,-1.2,3.13,0.0521,False,False
886,I,159.0495,32986,43738,A,A,primer-uds-north,primer-uds-north,True,4.1527,5.0901,0.9373,-5.021,-4.063,0.958,236,78,-1.26,-2.685,1.425,3.192,11.862,0.0,1.7000000000000002,-1.7,1.26,0.021,False,False
887,I,158.96800000000002,36872,39711,A,A,primer-uds-south,primer-uds-south,True,7.1351,5.462,1.6732,-4.47,-5.308,0.839,136,275,-2.842,-1.568,-1.274,13.703,4.238,2.4000000000000004,1.5,0.9,0.8,0.0134,False,False
888,I,158.951,14076,48983,A,A,ceers-full,ceers-full,True,5.6614,7.1368,1.4754,-4.855,-3.536,1.319,218,41,-1.647,-2.691,1.045,4.557,11.927,1.9,2.7,-0.8,3.27,0.0545,False,False
889,III_weak,158.89100000000002,29372,32535,A,A,primer-cosmos-west,primer-cosmos-west,True,5.3858,5.7492,0.3634,-4.978,-4.325,0.653,230,118,-1.465,-1.188,-0.277,3.854,2.987,2.2,0.6000000000000001,1.6,3.8,0.0633,True,False
890,I_conflict,158.77200000000002,29110,57469,A,A,primer-uds-north,primer-uds-north,True,7.1288,5.668,1.4608,-4.845,-4.467,0.377,216,135,-2.856,-1.644,-1.211,13.874,4.547,2.4000000000000004,3.1,-0.7,2.77,0.0462,False,True
891,I,158.7615,33332,43738,A,A,primer-uds-north,primer-uds-north,True,4.542,5.0901,0.5481,-5.076,-4.063,1.013,246,78,-1.182,-2.685,1.503,2.971,11.862,0.8,1.7000000000000002,-0.9,1.51,0.0251,False,False
892,I,158.724,39711,59568,A,A,primer-uds-south,primer-uds-south,True,5.462,8.9016,3.4396,-5.308,-4.592,0.716,275,173,-1.568,-2.381,0.813,4.238,8.958,1.5,2.7,-1.2,3.6,0.0601,False,False
893,III_weak,158.702,69936,71893,A,A,primer-uds-north,primer-uds-north,True,7.034,6.4292,0.6048,-4.529,-5.236,0.706,151,262,-1.392,-1.562,0.169,3.605,4.213,2.1,1.7000000000000002,0.4,3.81,0.0635,True,False
894,I,158.632,21108,42014,A,A,primer-uds-north,primer-uds-north,True,7.1364,4.5516,2.5848,-4.588,-5.575,0.987,171,291,-2.685,-1.78,-0.905,11.863,5.153,2.6,0.3,2.3,2.05,0.0342,False,False
895,III_weak,158.434,19462,26971,A,A,primer-cosmos-east,primer-cosmos-east,True,4.3651,6.4067,2.0416,-4.94,-4.718,0.222,225,198,-2.119,-1.596,-0.523,7.039,4.347,0.4,0.5,-0.1,2.14,0.0357,True,False
896,III_weak,158.383,36162,46914,A,A,primer-cosmos-west,primer-cosmos-west,True,6.411,5.6548,0.7562,-4.715,-4.978,0.263,197,231,-1.605,-2.488,0.883,4.385,9.891,0.5,2.0,-1.5,4.57,0.0762,True,False
897,III_weak,158.312,7830,30191,A,A,primer-uds-south,primer-uds-south,True,5.5454,4.0366,1.5088,-4.987,-5.243,0.256,232,265,-1.802,-1.962,0.16,5.256,6.093,0.9,0.0,0.9,2.44,0.0407,True,False
898,I,158.212,21488,37878,A,A,primer-uds-south,primer-uds-south,True,5.414,4.7732,0.6408,-3.634,-5.154,1.52,44,255,-2.732,-1.572,-1.16,12.377,4.253,2.1,0.8,1.3,1.71,0.0285,False,False
899,III_weak,157.608,30145,31319,A,A,primer-cosmos-west,primer-cosmos-west,True,5.6646,6.3339,0.6692,-5.1,-4.541,0.559,249,155,-2.046,-1.33,-0.716,6.58,3.404,2.0,2.8000000000000003,-0.8,1.47,0.0245,True,False
900,I_conflict,157.5165,32928,40799,A,A,primer-cosmos-east,primer-cosmos-east,True,4.4581,7.6812,3.2231,-4.027,-4.551,0.524,71,160,-2.067,-2.636,0.569,6.712,11.337,1.7000000000000002,2.6,-0.9,2.23,0.0372,False,True
901,III_weak,157.3825,15233,22483,A,A,primer-cosmos-west,primer-cosmos-west,True,4.986,7.1355,2.1495,-4.455,-4.222,0.233,131,102,-2.324,-1.86,-0.463,8.501,5.548,0.8,2.7,-1.9,3.71,0.0619,True,False
902,I,157.32150000000001,30600,41913,A,A,ceers-full,ceers-full,True,4.0259,5.246,1.2201,-4.874,-3.38,1.494,220,39,-2.492,-3.476,0.984,9.925,24.568,0.6000000000000001,2.3000000000000003,-1.7,2.1,0.0349,False,False
903,I,157.2575,14076,42093,A,A,ceers-full,ceers-full,True,5.6614,6.4459,0.7845,-4.855,-3.857,0.998,218,52,-1.647,-3.058,1.411,4.557,16.711,1.9,1.7000000000000002,0.2,2.34,0.039,False,False
904,I,157.058,25633,31319,A,A,primer-cosmos-west,primer-cosmos-west,True,7.0511,6.3339,0.7172,-4.166,-4.541,0.375,98,155,-3.131,-1.33,-1.801,17.88,3.404,3.2,2.8000000000000003,0.4,4.5,0.0751,False,False
905,I_conflict,157.0455,67137,72956,A,A,ceers-full,ceers-full,True,7.4965,8.9042,1.4077,-4.25,-4.596,0.346,108,175,-0.488,-1.699,1.211,1.568,4.784,3.9,2.1,1.8,2.68,0.0446,False,True
906,I_conflict,157.024,50716,55783,A,A,primer-uds-south,primer-uds-south,True,7.8636,4.626,3.2376,-4.548,-4.261,0.287,157,112,-2.779,-2.082,-0.697,12.935,6.805,2.7,1.4,1.3,2.59,0.0432,False,True
907,I_conflict,156.9505,1072,18804,A,A,primer-uds-north,primer-uds-north,True,8.906,4.3173,4.5887,-4.592,-4.229,0.364,174,103,-2.385,-2.141,-0.244,8.992,7.184,2.7,1.5,1.2,2.05,0.0342,False,True
908,I,156.9005,10404,22773,A,A,primer-uds-north,primer-uds-north,True,5.656,4.4013,1.2547,-3.982,-4.533,0.551,64,153,-3.181,-1.65,-1.531,18.724,4.573,2.2,1.3,0.9,1.92,0.032,False,False
909,I,156.868,41913,58630,A,A,ceers-full,ceers-full,True,5.246,4.5468,0.6992,-3.38,-4.326,0.946,39,119,-3.476,-2.016,-1.46,24.568,6.401,2.3000000000000003,0.9,1.4,4.6,0.0767,False,False
910,I,156.76049999999998,18893,19946,A,A,primer-cosmos-east,primer-cosmos-east,True,4.8477,5.9744,1.1267,-5.582,-4.715,0.867,292,196,-0.496,-1.873,1.377,1.58,5.613,0.1,1.0,-0.9,2.61,0.0435,False,False
911,I_conflict,156.5765,57494,59880,A,A,primer-uds-south,primer-uds-south,True,4.024,5.6631,1.6391,-4.008,-5.281,1.273,67,270,-1.784,-2.36,0.576,5.173,8.792,1.6,3.2,-1.6,4.32,0.0721,False,True
912,I,156.5655,21488,45637,A,A,primer-uds-south,primer-uds-south,True,5.414,4.5363,0.8777,-3.634,-4.45,0.815,44,130,-2.732,-1.252,-1.479,12.377,3.169,2.1,1.2000000000000002,0.9,3.77,0.0628,False,False
913,I,156.4635,48686,67076,A,A,primer-uds-south,primer-uds-south,True,4.8439,7.9368,3.0929,-5.657,-4.528,1.129,294,149,-1.285,-1.909,0.624,3.267,5.804,0.3,3.9,-3.6,2.8,0.0466,False,False
914,I_conflict,156.337,1072,32237,A,A,primer-uds-north,primer-uds-north,True,8.906,4.6122,4.2938,-4.592,-3.896,0.696,174,55,-2.385,-2.263,-0.121,8.992,8.04,2.7,1.2000000000000002,1.5,4.39,0.0732,False,True
915,I,156.252,21488,45383,A,A,primer-uds-south,primer-uds-south,True,5.414,4.8552,0.5588,-3.634,-5.144,1.509,44,253,-2.732,-1.58,-1.152,12.377,4.285,2.1,0.9,1.2,3.75,0.0625,False,False
916,I,156.0825,40799,50325,A,A,primer-cosmos-east,primer-cosmos-east,True,7.6812,6.4277,1.2535,-4.551,-5.032,0.481,160,238,-2.636,-1.079,-1.557,11.337,2.702,2.6,0.1,2.5,3.0,0.0499,False,False
917,III_weak,156.0765,25430,59880,A,A,primer-uds-south,primer-uds-south,True,7.1282,5.6631,1.4651,-4.556,-5.281,0.725,162,270,-2.014,-2.36,0.347,6.389,8.792,2.7,3.2,-0.5,3.76,0.0626,True,False
918,I_conflict,155.96300000000002,11219,42859,A,A,primer-uds-north,primer-uds-north,True,5.4287,6.5809,1.1522,-3.83,-4.421,0.591,49,126,-2.534,-3.653,1.119,10.317,28.92,2.7,1.2000000000000002,1.5,3.23,0.0539,False,True
919,III_weak,155.904,28931,36872,A,A,primer-uds-south,primer-uds-south,True,7.9047,7.1351,0.7696,-3.918,-4.47,0.552,57,136,-2.686,-2.842,0.156,11.871,13.703,2.8000000000000003,2.4000000000000004,0.4,3.61,0.0602,True,False
920,III_weak,155.7545,23107,60046,A,A,primer-uds-south,primer-uds-south,True,4.9525,5.4628,0.5103,-5.525,-5.145,0.38,287,254,-1.812,-0.977,-0.834,5.304,2.46,0.3,1.0,-0.7,4.08,0.0679,True,False
921,III_weak,155.7465,29568,44446,A,A,primer-cosmos-west,primer-cosmos-west,True,4.3603,7.1315,2.7711,-4.937,-4.731,0.206,224,202,-2.198,-1.938,-0.26,7.57,5.959,0.4,2.8000000000000003,-2.4,4.65,0.0775,True,False
922,I,155.5415,47824,52084,A,A,primer-cosmos-east,primer-cosmos-east,True,5.6555,7.0756,1.4201,-4.561,-3.658,0.903,166,45,-1.742,-2.985,1.243,4.977,15.637,2.7,1.6,1.1,2.49,0.0415,False,False
923,III_weak,155.2945,48498,54661,A,A,primer-cosmos-east,primer-cosmos-east,True,4.4533,5.6676,1.2143,-5.641,-4.975,0.666,293,229,-1.883,-1.441,-0.442,5.663,3.77,0.9,3.9,-3.0,2.63,0.0438,True,False
924,I,155.1405,25633,29568,A,A,primer-cosmos-west,primer-cosmos-west,True,7.0511,4.3603,2.6907,-4.166,-4.937,0.771,98,224,-3.131,-2.198,-0.933,17.88,7.57,3.2,0.4,2.8,1.34,0.0223,False,False
925,I,155.098,11219,54143,A,A,primer-uds-north,primer-uds-north,True,5.4287,4.7315,0.6972,-3.83,-5.073,1.243,49,243,-2.534,-1.287,-1.247,10.317,3.272,2.7,0.9,1.8,4.28,0.0713,False,False
926,I,155.016,36985,49360,A,A,ceers-full,ceers-full,True,5.6537,4.7373,0.9164,-4.161,-4.549,0.389,97,159,-2.899,-1.207,-1.692,14.441,3.039,2.0,0.8,1.2,1.98,0.0331,False,False
927,I,154.9995,30520,36872,A,A,primer-uds-south,primer-uds-south,True,5.3498,7.1351,1.7853,-5.029,-4.47,0.559,237,136,-1.513,-2.842,1.329,4.028,13.703,0.9,2.4000000000000004,-1.5,1.06,0.0177,False,False
928,I_conflict,154.9265,20010,49360,A,A,ceers-full,ceers-full,True,8.9344,4.7373,4.1971,-4.968,-4.549,0.419,228,159,-1.495,-1.207,-0.288,3.964,3.039,3.7,0.8,2.9,4.68,0.078,False,True
929,I,154.78699999999998,30520,59568,A,A,primer-uds-south,primer-uds-south,True,5.3498,8.9016,3.5518,-5.029,-4.592,0.437,237,173,-1.513,-2.381,0.868,4.028,8.958,0.9,2.7,-1.8,3.36,0.056,False,False
930,I,154.6525,21488,23107,A,A,primer-uds-south,primer-uds-south,True,5.414,4.9525,0.4615,-3.634,-5.525,1.891,44,287,-2.732,-1.812,-0.92,12.377,5.304,2.1,0.3,1.8,0.32,0.0053,False,False
931,I,154.6115,10404,31645,A,A,primer-uds-north,primer-uds-north,True,5.656,4.7559,0.9001,-3.982,-4.758,0.777,64,203,-3.181,-1.725,-1.456,18.724,4.897,2.2,0.8,1.4,3.78,0.063,False,False
932,I,154.4255,3992,42014,A,A,primer-uds-north,primer-uds-north,True,5.6593,4.5516,1.1077,-4.053,-5.575,1.522,75,291,-2.723,-1.78,-0.943,12.278,5.153,1.6,0.3,1.3,3.93,0.0654,False,False
933,I_conflict,154.2235,24100,29110,A,A,primer-uds-north,primer-uds-north,True,4.9919,7.1288,2.1369,-4.26,-4.845,0.584,111,216,-2.062,-2.856,0.793,6.681,13.874,1.3,2.4000000000000004,-1.1,1.15,0.0191,False,True
934,III_weak,154.1035,14605,37563,A,A,gds,gds,True,6.9281,5.7131,1.2149,-4.925,-5.356,0.431,223,281,-0.742,-0.801,0.059,1.981,2.091,2.5,0.1,2.4,3.32,0.0553,True,False
935,I,153.948,40642,45179,A,A,primer-cosmos-east,primer-cosmos-east,True,4.6343,7.1055,2.4712,-4.888,-4.157,0.731,221,96,-1.114,-2.113,0.999,2.791,7.004,0.8,1.9,-1.1,1.89,0.0315,False,False
936,III_weak,153.661,13666,22483,A,A,primer-cosmos-west,primer-cosmos-west,True,5.2881,7.1355,1.8474,-4.657,-4.222,0.435,185,102,-2.219,-1.86,-0.358,7.718,5.548,1.4,2.7,-1.3,2.62,0.0436,True,False
937,I_conflict,153.60500000000002,44435,45637,A,A,primer-uds-south,primer-uds-south,True,5.1733,4.5363,0.637,-4.854,-4.45,0.405,217,130,-2.591,-1.252,-1.338,10.873,3.169,1.1,1.2000000000000002,-0.1,1.58,0.0263,False,True
938,I,153.4715,33445,48982,A,A,primer-uds-south,primer-uds-south,True,4.3458,5.3879,1.0421,-5.25,-4.536,0.713,266,154,-0.735,-2.164,1.429,1.968,7.339,0.0,2.0,-2.0,2.6,0.0433,False,False
939,I,153.415,17813,18893,A,A,primer-cosmos-east,primer-cosmos-east,True,5.2267,4.8477,0.379,-5.11,-5.582,0.471,250,292,-2.268,-0.496,-1.772,8.076,1.58,1.8,0.1,1.7,1.45,0.0241,False,False
940,I,153.224,32986,55902,A,A,primer-uds-north,primer-uds-north,True,4.1527,8.6704,4.5176,-5.021,-4.714,0.307,236,195,-1.26,-1.885,0.625,3.192,5.677,0.0,2.9000000000000004,-2.9,3.23,0.0538,False,False
941,I,153.107,32986,61298,A,A,primer-uds-north,primer-uds-north,True,4.1527,5.2426,1.0898,-5.021,-4.394,0.627,236,124,-1.26,-2.719,1.459,3.192,12.237,0.0,1.6,-1.6,2.96,0.0493,False,False
942,III_weak,153.0585,11219,14419,A,A,primer-uds-north,primer-uds-north,True,5.4287,4.8168,0.6119,-3.83,-4.606,0.776,49,178,-2.534,-2.546,0.012,10.317,10.429,2.7,0.9,1.8,4.31,0.0719,True,False
943,I,152.93599999999998,33332,55902,A,A,primer-uds-north,primer-uds-north,True,4.542,8.6704,4.1284,-5.076,-4.714,0.362,246,195,-1.182,-1.885,0.703,2.971,5.677,0.8,2.9000000000000004,-2.1,2.94,0.049,False,False
944,I,152.819,33332,61298,A,A,primer-uds-north,primer-uds-north,True,4.542,5.2426,0.7006,-5.076,-4.394,0.682,246,124,-1.182,-2.719,1.537,2.971,12.237,0.8,1.6,-0.8,2.82,0.0471,False,False
945,I_conflict,152.75,21620,32535,A,A,primer-cosmos-west,primer-cosmos-west,True,8.0871,5.7492,2.338,-4.626,-4.325,0.301,182,118,-2.061,-1.188,-0.873,6.675,2.987,3.7,0.6000000000000001,3.1,3.44,0.0573,False,True
946,I,152.7285,30157,67076,A,A,primer-uds-south,primer-uds-south,True,4.7269,7.9368,3.2099,-5.539,-4.528,1.011,289,149,-1.325,-1.909,0.585,3.387,5.804,0.2,3.9,-3.7,4.1,0.0683,False,False
947,I,152.71949999999998,37563,66116,A,A,gds,gds,True,5.7131,6.8464,1.1333,-5.356,-4.577,0.779,281,170,-0.801,-2.148,1.347,2.091,7.23,0.1,-99.0,99.1,4.02,0.067,False,False
948,III_weak,151.9665,18540,30145,A,A,primer-cosmos-west,primer-cosmos-west,True,8.9337,5.6646,3.2691,-4.869,-5.1,0.231,219,249,-2.025,-2.046,0.02,6.458,6.58,1.7000000000000002,2.0,-0.3,3.74,0.0623,True,False
949,III_weak,151.786,42014,57469,A,A,primer-uds-north,primer-uds-north,True,4.5516,5.668,1.1164,-5.575,-4.467,1.108,291,135,-1.78,-1.644,-0.136,5.153,4.547,0.3,3.1,-2.8,4.43,0.0739,True,False
950,I,151.432,17986,33898,A,A,primer-uds-south,primer-uds-south,True,4.9401,4.5453,0.3948,-3.587,-5.24,1.652,43,264,-2.13,-1.111,-1.019,7.113,2.782,0.9,1.2000000000000002,-0.3,1.8,0.03,False,False
951,I_conflict,151.426,40799,51514,A,A,primer-cosmos-east,primer-cosmos-east,True,7.6812,4.4367,3.2444,-4.551,-4.118,0.432,160,87,-2.636,-2.14,-0.496,11.337,7.18,2.6,1.9,0.7,3.7,0.0616,False,True
952,I,151.39049999999997,43738,43932,A,A,primer-uds-north,primer-uds-north,True,5.0901,4.2354,0.8547,-4.063,-4.802,0.739,78,207,-2.685,-1.257,-1.428,11.862,3.183,1.7000000000000002,0.5,1.2,2.25,0.0374,False,False
953,III_weak,151.17,14419,62716,A,A,primer-uds-north,primer-uds-north,True,4.8168,5.3867,0.57,-4.606,-4.396,0.209,178,125,-2.546,-1.719,-0.827,10.429,4.871,0.9,1.2000000000000002,-0.3,4.8,0.0799,True,False
954,I,150.907,23575,32986,A,A,primer-uds-north,primer-uds-north,True,5.6606,4.1527,1.5078,-4.518,-5.021,0.503,146,236,-2.624,-1.26,-1.364,11.212,3.192,2.0,0.0,2.0,0.98,0.0164,False,False
955,I_conflict,150.887,1381,32986,A,A,primer-uds-north,primer-uds-north,True,5.6626,4.1527,1.5098,-5.288,-5.021,0.268,274,236,-2.364,-1.26,-1.104,8.826,3.192,3.1,0.0,3.1,3.81,0.0635,False,True
956,I_conflict,150.8725,6282,14086,A,A,primer-cosmos-east,primer-cosmos-east,True,5.6738,7.1273,1.4535,-4.11,-4.704,0.594,86,192,-1.708,-2.633,0.925,4.822,11.302,1.8,1.9,-0.1,4.12,0.0686,False,True
957,III_weak,150.8435,14076,41179,A,A,ceers-full,ceers-full,True,5.6614,7.2423,1.5809,-4.855,-4.229,0.626,218,104,-1.647,-1.38,-0.267,4.557,3.564,1.9,2.1,-0.2,2.26,0.0376,True,False
958,I,150.697,14258,50716,A,A,primer-uds-south,primer-uds-south,True,5.4719,7.8636,2.3918,-5.323,-4.548,0.774,277,157,-1.848,-2.779,0.932,5.484,12.935,1.8,2.7,-0.9,3.85,0.0642,False,False
959,I,150.619,23575,33332,A,A,primer-uds-north,primer-uds-north,True,5.6606,4.542,1.1186,-4.518,-5.076,0.558,146,246,-2.624,-1.182,-1.442,11.212,2.971,2.0,0.8,1.2,1.01,0.0168,False,False
960,I,150.579,43738,54143,A,A,primer-uds-north,primer-uds-north,True,5.0901,4.7315,0.3586,-4.063,-5.073,1.01,78,243,-2.685,-1.287,-1.398,11.862,3.272,1.7000000000000002,0.9,0.8,2.75,0.0458,False,False
961,I_conflict,150.36849999999998,51593,57494,A,A,primer-uds-south,primer-uds-south,True,4.4579,4.024,0.4339,-4.455,-4.008,0.447,132,67,-3.094,-1.784,-1.309,17.278,5.173,1.0,1.6,-0.6,0.72,0.0119,False,True
962,I,150.315,12544,40589,A,A,ceers-full,ceers-full,True,4.5497,8.0067,3.457,-5.01,-4.478,0.532,235,140,-1.316,-2.066,0.75,3.36,6.703,0.4,3.3000000000000003,-2.9,2.33,0.0388,False,False
963,I,150.315,22773,68006,A,A,primer-uds-north,primer-uds-north,True,4.4013,5.1603,0.759,-4.533,-3.797,0.736,153,47,-1.65,-3.087,1.437,4.573,17.174,1.3,1.4,-0.1,4.62,0.0769,False,False
964,I_conflict,150.0555,47021,72633,A,A,ceers-full,ceers-full,True,8.0231,5.4434,2.5797,-5.003,-4.376,0.627,234,121,-1.44,-0.889,-0.551,3.767,2.267,0.9,3.9,-3.0,2.87,0.0478,False,True
965,I,149.893,29421,55490,A,A,ceers-full,ceers-full,True,4.7851,7.1493,2.3642,-4.558,-3.522,1.036,164,40,-1.572,-2.338,0.767,4.254,8.618,1.4,2.7,-1.3,2.54,0.0424,False,False
966,I_conflict,149.82150000000001,1072,24100,A,A,primer-uds-north,primer-uds-north,True,8.906,4.9919,3.9141,-4.592,-4.26,0.332,174,111,-2.385,-2.062,-0.323,8.992,6.681,2.7,1.3,1.4,4.91,0.0819,False,True
967,III_weak,149.696,9791,25430,A,A,primer-uds-south,primer-uds-south,True,5.0278,7.1282,2.1004,-4.829,-4.556,0.273,213,162,-2.313,-2.014,-0.3,8.422,6.389,1.2000000000000002,2.7,-1.5,3.82,0.0636,True,False
968,III_weak,149.6535,19946,21943,A,A,primer-cosmos-east,primer-cosmos-east,True,5.9744,4.7155,1.2589,-4.715,-5.049,0.334,196,239,-1.873,-1.888,0.015,5.613,5.692,1.0,0.8,0.2,1.91,0.0318,True,False
969,I,149.58,37878,62395,A,A,primer-uds-south,primer-uds-south,True,4.7732,5.6592,0.886,-5.154,-4.057,1.098,255,76,-1.572,-2.738,1.167,4.253,12.456,0.8,1.6,-0.8,3.44,0.0574,False,False
970,I,149.447,8559,32986,A,A,primer-uds-north,primer-uds-north,True,7.9365,4.1527,3.7838,-4.517,-5.021,0.503,145,236,-1.912,-1.26,-0.652,5.818,3.192,3.9,0.0,3.9,4.1,0.0684,False,False
971,I,149.30200000000002,15850,16408,A,A,primer-cosmos-east,primer-cosmos-east,True,7.0456,4.5749,2.4708,-4.167,-4.505,0.338,99,144,-3.138,-1.996,-1.142,17.999,6.287,3.3000000000000003,1.1,2.2,1.89,0.0316,False,False
972,I,149.25349999999997,18893,26971,A,A,primer-cosmos-east,primer-cosmos-east,True,4.8477,6.4067,1.5589,-5.582,-4.718,0.864,292,198,-0.496,-1.596,1.099,1.58,4.347,0.1,0.5,-0.4,3.52,0.0587,False,False
973,I,149.2345,1381,42859,A,A,primer-uds-north,primer-uds-north,True,5.6626,6.5809,0.9183,-5.288,-4.421,0.867,274,126,-2.364,-3.653,1.289,8.826,28.92,3.1,1.2000000000000002,1.9,4.43,0.0739,False,False
974,I,149.18900000000002,8559,33332,A,A,primer-uds-north,primer-uds-north,True,7.9365,4.542,3.3946,-4.517,-5.076,0.559,145,246,-1.912,-1.182,-0.73,5.818,2.971,3.9,0.8,3.1,4.43,0.0738,False,False
975,I,148.6945,25430,48686,A,A,primer-uds-south,primer-uds-south,True,7.1282,4.8439,2.2843,-4.556,-5.657,1.101,162,294,-2.014,-1.285,-0.728,6.389,3.267,2.7,0.3,2.4,3.53,0.0588,False,False
976,I_conflict,148.587,18540,31319,A,A,primer-cosmos-west,primer-cosmos-west,True,8.9337,6.3339,2.5998,-4.869,-4.541,0.328,219,155,-2.025,-1.33,-0.695,6.458,3.404,1.7000000000000002,2.8000000000000003,-1.1,3.98,0.0663,False,True
977,I,148.4885,45202,64049,A,A,gds,gds,True,7.1313,5.2713,1.8599,-4.571,-5.079,0.508,167,247,-3.302,-2.095,-1.207,20.926,6.884,2.8000000000000003,-99.0,101.8,3.98,0.0663,False,False
978,I,148.4235,32402,51983,A,A,gds,gds,True,4.9424,7.1353,2.1929,-5.321,-4.665,0.656,276,187,-1.703,-2.719,1.017,4.797,12.24,3.2,-99.0,102.2,3.36,0.056,False,False
979,I,148.3955,24081,32986,A,A,primer-uds-north,primer-uds-north,True,5.6564,4.1527,1.5037,-4.252,-5.021,0.768,110,236,-2.416,-1.26,-1.156,9.254,3.192,1.8,0.0,1.8,4.0,0.0667,False,False
980,III_weak,148.356,37557,44435,A,A,primer-uds-south,primer-uds-south,True,5.6557,5.1733,0.4824,-4.52,-4.854,0.334,147,217,-2.369,-2.591,0.222,8.865,10.873,2.7,1.1,1.6,3.19,0.0532,True,False
981,I,148.295,15850,26971,A,A,primer-cosmos-east,primer-cosmos-east,True,7.0456,6.4067,0.639,-4.167,-4.718,0.552,99,198,-3.138,-1.596,-1.543,17.999,4.347,3.3000000000000003,0.5,2.8,3.19,0.0532,False,False
982,I,148.136,24081,33332,A,A,primer-uds-north,primer-uds-north,True,5.6564,4.542,1.1144,-4.252,-5.076,0.824,110,246,-2.416,-1.182,-1.234,9.254,2.971,1.8,0.8,1.0,3.63,0.0606,False,False
983,I,148.13299999999998,35367,46221,A,A,gds,gds,True,5.4895,4.0452,1.4442,-3.899,-4.548,0.649,56,158,-3.012,-1.771,-1.24,16.019,5.111,2.3000000000000003,-99.0,101.3,1.57,0.0261,False,False
984,I,148.06900000000002,43445,45179,A,A,primer-cosmos-east,primer-cosmos-east,True,5.6969,7.1055,1.4086,-5.795,-4.157,1.638,295,96,-1.457,-2.113,0.656,3.826,7.004,0.5,1.9,-1.4,1.68,0.028,False,False
985,I,148.066,25633,30145,A,A,primer-cosmos-west,primer-cosmos-west,True,7.0511,5.6646,1.3864,-4.166,-5.1,0.934,98,249,-3.131,-2.046,-1.085,17.88,6.58,3.2,2.0,1.2,3.06,0.051,False,False
986,I_conflict,147.96949999999998,44435,57494,A,A,primer-uds-south,primer-uds-south,True,5.1733,4.024,1.1493,-4.854,-4.008,0.846,217,67,-2.591,-1.784,-0.807,10.873,5.173,1.1,1.6,-0.5,1.46,0.0244,False,True
987,I_conflict,147.9385,35367,41129,A,A,gds,gds,True,5.4895,7.1334,1.6439,-3.899,-4.56,0.661,56,165,-3.012,-3.781,0.769,16.019,32.541,2.3000000000000003,3.5,-1.2,1.9,0.0317,False,True
988,I,147.93349999999998,45637,62395,A,A,primer-uds-south,primer-uds-south,True,4.5363,5.6592,1.1229,-4.45,-4.057,0.393,130,76,-1.252,-2.738,1.486,3.169,12.456,1.2000000000000002,1.6,-0.4,2.37,0.0395,False,False
989,I,147.6725,40799,54661,A,A,primer-cosmos-east,primer-cosmos-east,True,7.6812,5.6676,2.0135,-4.551,-4.975,0.424,160,229,-2.636,-1.441,-1.195,11.337,3.77,2.6,3.9,-1.3,4.51,0.0751,False,False
990,I,147.62,45383,62395,A,A,primer-uds-south,primer-uds-south,True,4.8552,5.6592,0.804,-5.144,-4.057,1.087,253,76,-1.58,-2.738,1.159,4.285,12.456,0.9,1.6,-0.7,2.4,0.04,False,False
991,I,147.3715,25633,36162,A,A,primer-cosmos-west,primer-cosmos-west,True,7.0511,6.411,0.6401,-4.166,-4.715,0.549,98,197,-3.131,-1.605,-1.526,17.88,4.385,3.2,0.5,2.7,3.19,0.0532,False,False
992,I_conflict,147.269,1381,33332,A,A,primer-uds-north,primer-uds-north,True,5.6626,4.542,1.1206,-5.288,-5.076,0.212,274,246,-2.364,-1.182,-1.182,8.826,2.971,3.1,0.8,2.3,4.03,0.0671,False,True
993,I_conflict,147.14100000000002,344,11501,A,A,primer-uds-south,primer-uds-south,True,7.1354,4.68,2.4554,-4.628,-3.982,0.647,183,63,-2.457,-1.939,-0.518,9.613,5.965,2.5,2.0,0.5,1.69,0.0282,False,True
994,I_conflict,146.8155,40799,42464,A,A,primer-cosmos-east,primer-cosmos-east,True,7.6812,5.3675,2.3137,-4.551,-4.089,0.462,160,81,-2.636,-1.971,-0.665,11.337,6.143,2.6,2.3000000000000003,0.3,0.96,0.016,False,True
995,I_conflict,146.5035,42859,43738,A,A,primer-uds-north,primer-uds-north,True,6.5809,5.0901,1.4909,-4.421,-4.063,0.358,126,78,-3.653,-2.685,-0.968,28.92,11.862,1.2000000000000002,1.7000000000000002,-0.5,2.11,0.0352,False,True
996,III_weak,146.365,36985,48983,A,A,ceers-full,ceers-full,True,5.6537,7.1368,1.483,-4.161,-3.536,0.624,97,41,-2.899,-2.691,-0.208,14.441,11.927,2.0,2.7,-0.7,4.28,0.0713,True,False
997,I,146.1595,12544,13736,A,A,ceers-full,ceers-full,True,4.5497,5.357,0.8073,-5.01,-4.06,0.95,235,77,-1.316,-2.527,1.211,3.36,10.254,0.4,1.4,-1.0,3.44,0.0574,False,False
998,I,146.126,33898,37557,A,A,primer-uds-south,primer-uds-south,True,4.5453,5.6557,1.1104,-5.24,-4.52,0.719,264,147,-1.111,-2.369,1.258,2.782,8.865,1.2000000000000002,2.7,-1.5,4.01,0.0668,False,False
999,I,146.0205,23107,62395,A,A,primer-uds-south,primer-uds-south,True,4.9525,5.6592,0.7067,-5.525,-4.057,1.469,287,76,-1.812,-2.738,0.927,5.304,12.456,0.3,1.6,-1.3,4.55,0.0758,False,False
1000,I,145.973,47509,50716,A,A,primer-uds-south,primer-uds-south,True,5.6594,7.8636,2.2042,-4.995,-4.548,0.447,233,157,-1.689,-2.779,1.09,4.74,12.935,1.8,2.7,-0.9,2.92,0.0487,False,False
1001,III_weak,145.94650000000001,42014,62716,A,A,primer-uds-north,primer-uds-north,True,4.5516,5.3867,0.8351,-5.575,-4.396,1.179,291,125,-1.78,-1.719,-0.061,5.153,4.871,0.3,1.2000000000000002,-0.9,3.0,0.0499,True,False
1002,I,145.897,15850,16083,A,A,primer-cosmos-east,primer-cosmos-east,True,7.0456,4.5779,2.4678,-4.167,-4.498,0.331,99,142,-3.138,-2.059,-1.079,17.999,6.663,3.3000000000000003,1.0,2.3,1.56,0.0261,False,False
1003,I_conflict,145.78500000000003,16999,42859,A,A,primer-uds-north,primer-uds-north,True,4.2059,6.5809,2.375,-4.034,-4.421,0.387,72,126,-2.982,-3.653,0.671,15.582,28.92,1.1,1.2000000000000002,-0.1,3.85,0.0642,False,True
1004,I_conflict,145.5895,64273,70813,A,A,primer-uds-north,primer-uds-north,True,7.1316,4.7063,2.4253,-4.962,-4.49,0.472,227,141,-2.553,-1.951,-0.601,10.497,6.032,2.0,0.7000000000000001,1.3,1.24,0.0206,False,True
1005,I_conflict,145.5095,344,17986,A,A,primer-uds-south,primer-uds-south,True,7.1354,4.9401,2.1953,-4.628,-3.587,1.041,183,43,-2.457,-2.13,-0.327,9.613,7.113,2.5,0.9,1.6,3.41,0.0569,False,True
1006,I,145.49699999999999,37878,52581,A,A,primer-uds-south,primer-uds-south,True,4.7732,6.167,1.3938,-5.154,-4.052,1.103,255,74,-1.572,-2.502,0.93,4.253,10.017,0.8,1.3,-0.5,1.61,0.0269,False,False
1007,I,145.48700000000002,37557,48686,A,A,primer-uds-south,primer-uds-south,True,5.6557,4.8439,0.8118,-4.52,-5.657,1.137,147,294,-2.369,-1.285,-1.084,8.865,3.267,2.7,0.3,2.4,4.59,0.0765,False,False
1008,I,145.44799999999998,43932,61298,A,A,primer-uds-north,primer-uds-north,True,4.2354,5.2426,1.0072,-4.802,-4.394,0.408,207,124,-1.257,-2.719,1.462,3.183,12.237,0.5,1.6,-1.1,1.82,0.0303,False,False
1009,I_conflict,145.3065,18804,21108,A,A,primer-uds-north,primer-uds-north,True,4.3173,7.1364,2.8191,-4.229,-4.588,0.359,103,171,-2.141,-2.685,0.545,7.184,11.863,1.5,2.6,-1.1,0.23,0.0038,False,True
1010,III_weak,145.12900000000002,40209,45179,A,A,primer-cosmos-east,primer-cosmos-east,True,5.4609,7.1055,1.6446,-4.799,-4.157,0.642,206,96,-2.237,-2.113,-0.124,7.851,7.004,1.4,1.9,-0.5,1.99,0.0331,True,False
1011,I_conflict,145.0995,3099,23868,A,A,gds,gds,True,5.4584,8.9276,3.4693,-4.466,-5.234,0.767,134,261,-2.642,-2.742,0.101,11.392,12.498,2.7,2.6,0.1,4.5,0.075,False,True
1012,I,144.9595,25430,30157,A,A,primer-uds-south,primer-uds-south,True,7.1282,4.7269,2.4013,-4.556,-5.539,0.983,162,289,-2.014,-1.325,-0.689,6.389,3.387,2.7,0.2,2.5,0.48,0.008,False,False
1013,I_conflict,144.72299999999998,21108,32237,A,A,primer-uds-north,primer-uds-north,True,7.1364,4.6122,2.5242,-4.588,-3.896,0.692,171,55,-2.685,-2.263,-0.422,11.863,8.04,2.6,1.2000000000000002,1.4,3.59,0.0598,False,True
1014,I,144.7185,14086,15393,A,A,primer-cosmos-east,primer-cosmos-east,True,7.1273,5.6895,1.4379,-4.704,-5.55,0.845,192,290,-2.633,-1.577,-1.056,11.302,4.274,1.9,1.4,0.5,0.81,0.0136,False,False
1015,I,144.6365,54143,61298,A,A,primer-uds-north,primer-uds-north,True,4.7315,5.2426,0.5111,-5.073,-4.394,0.679,243,124,-1.287,-2.719,1.432,3.272,12.237,0.9,1.6,-0.7,4.4,0.0733,False,False
1016,III_weak,144.30700000000002,29568,30073,A,A,primer-cosmos-west,primer-cosmos-west,True,4.3603,6.0041,1.6438,-4.937,-4.712,0.225,224,194,-2.198,-1.84,-0.358,7.57,5.445,0.4,1.0,-0.6,1.05,0.0175,True,False
1017,III_weak,144.284,42014,71893,A,A,primer-uds-north,primer-uds-north,True,4.5516,6.4292,1.8776,-5.575,-5.236,0.339,291,262,-1.78,-1.562,-0.219,5.153,4.213,0.3,1.7000000000000002,-1.4,3.3,0.055,True,False
1018,I,144.2745,12544,19354,A,A,ceers-full,ceers-full,True,4.5497,5.4279,0.8783,-5.01,-4.295,0.715,235,115,-1.316,-2.609,1.293,3.36,11.057,0.4,1.6,-1.2,0.89,0.0148,False,False
1019,I,144.1035,15850,17813,A,A,primer-cosmos-east,primer-cosmos-east,True,7.0456,5.2267,1.8189,-4.167,-5.11,0.944,99,250,-3.138,-2.268,-0.87,17.999,8.076,3.3000000000000003,1.8,1.5,1.79,0.0299,False,False
1020,I,143.8505,45637,52581,A,A,primer-uds-south,primer-uds-south,True,4.5363,6.167,1.6307,-4.45,-4.052,0.398,130,74,-1.252,-2.502,1.249,3.169,10.017,1.2000000000000002,1.3,-0.1,3.75,0.0624,False,False
1021,I,143.73000000000002,1498,18537,A,A,gds,gds,True,4.6634,4.2773,0.386,-4.294,-4.812,0.518,114,210,-2.958,-1.41,-1.548,15.251,3.665,1.4,1.2000000000000002,0.2,3.78,0.0631,False,False
1022,I,143.6875,42014,43738,A,A,primer-uds-north,primer-uds-north,True,4.5516,5.0901,0.5385,-5.575,-4.063,1.512,291,78,-1.78,-2.685,0.905,5.153,11.862,0.3,1.7000000000000002,-1.4,3.8,0.0634,False,False
1023,I,143.537,45383,52581,A,A,primer-uds-south,primer-uds-south,True,4.8552,6.167,1.3118,-5.144,-4.052,1.092,253,74,-1.58,-2.502,0.922,4.285,10.017,0.9,1.3,-0.4,3.76,0.0626,False,False
1024,I,143.3395,9104,33445,A,A,primer-uds-south,primer-uds-south,True,6.0931,4.3458,1.7473,-4.804,-5.25,0.446,208,266,-1.91,-0.735,-1.175,5.807,1.968,0.7000000000000001,0.0,0.7,3.08,0.0513,False,False
1025,I,143.248,23575,43932,A,A,primer-uds-north,primer-uds-north,True,5.6606,4.2354,1.4252,-4.518,-4.802,0.284,146,207,-2.624,-1.257,-1.367,11.212,3.183,2.0,0.5,1.5,2.36,0.0393,False,False
1026,I,143.203,32025,71037,A,A,primer-uds-north,primer-uds-north,True,4.0433,6.8495,2.8062,-4.381,-4.008,0.372,122,68,-2.02,-2.919,0.899,6.426,14.703,0.6000000000000001,1.4,-0.8,4.09,0.0682,False,False
1027,I_conflict,143.089,47021,67137,A,A,ceers-full,ceers-full,True,8.0231,7.4965,0.5266,-5.003,-4.25,0.753,234,108,-1.44,-0.488,-0.952,3.767,1.568,0.9,3.9,-3.0,2.39,0.0399,False,True
1028,I_conflict,143.0735,22773,44053,A,A,primer-uds-north,primer-uds-north,True,4.4013,5.4381,1.0369,-4.533,-4.897,0.364,153,222,-1.65,-2.683,1.032,4.573,11.832,1.3,2.5,-1.2,2.14,0.0357,False,True
1029,III_weak,143.05349999999999,30600,58630,A,A,ceers-full,ceers-full,True,4.0259,4.5468,0.5209,-4.874,-4.326,0.548,220,119,-2.492,-2.016,-0.476,9.925,6.401,0.6000000000000001,0.9,-0.3,3.65,0.0609,True,False
1030,I,142.9805,15393,20187,A,A,primer-cosmos-east,primer-cosmos-east,True,5.6895,6.6082,0.9187,-5.55,-4.12,1.43,290,88,-1.577,-2.403,0.826,4.274,9.146,1.4,2.4000000000000004,-1.0,1.59,0.0265,False,False
1031,I,142.935,55490,73890,A,A,ceers-full,ceers-full,True,7.1493,5.6603,1.489,-3.522,-4.777,1.255,40,205,-2.338,-1.579,-0.759,8.618,4.282,2.7,3.0,-0.3,2.58,0.043,False,False
1032,III_weak,142.7395,51593,62395,A,A,primer-uds-south,primer-uds-south,True,4.4579,5.6592,1.2013,-4.455,-4.057,0.399,132,76,-3.094,-2.738,-0.355,17.278,12.456,1.0,1.6,-0.6,1.32,0.0219,True,False
1033,I,142.6935,37563,44531,A,A,gds,gds,True,5.7131,7.1241,1.4109,-5.356,-4.951,0.406,281,226,-0.801,-2.087,1.287,2.091,6.839,0.1,1.5,-1.4,3.0,0.05,False,False
1034,I_conflict,142.65449999999998,22379,31661,A,A,primer-cosmos-west,primer-cosmos-west,True,5.7349,4.4626,1.2723,-4.828,-4.603,0.224,212,177,-2.572,-1.535,-1.037,10.687,4.111,0.9,0.5,0.4,3.07,0.0512,False,True
1035,I,142.50400000000002,48983,59626,A,A,ceers-full,ceers-full,True,7.1368,6.3671,0.7696,-3.536,-4.189,0.652,41,100,-2.691,-1.364,-1.328,11.927,3.511,2.7,0.9,1.8,1.16,0.0194,False,False
1036,I,142.4365,23575,54143,A,A,primer-uds-north,primer-uds-north,True,5.6606,4.7315,0.9291,-4.518,-5.073,0.555,146,243,-2.624,-1.287,-1.337,11.212,3.272,2.0,0.9,1.1,4.62,0.077,False,False
1037,I_conflict,142.2695,1381,22773,A,A,primer-uds-north,primer-uds-north,True,5.6626,4.4013,1.2613,-5.288,-4.533,0.755,274,153,-2.364,-1.65,-0.714,8.826,4.573,3.1,1.3,1.8,2.33,0.0388,False,True
1038,I,142.15449999999998,28500,31661,A,A,primer-cosmos-west,primer-cosmos-west,True,5.429,4.4626,0.9663,-4.306,-4.603,0.297,116,177,-3.01,-1.535,-1.475,15.999,4.111,2.8000000000000003,0.5,2.3,1.68,0.028,False,False
1039,I,142.06449999999998,7991,18892,A,A,primer-uds-north,primer-uds-north,True,5.6557,4.7295,0.9263,-4.123,-4.592,0.469,91,172,-4.056,-2.674,-1.382,41.912,11.736,2.4000000000000004,1.0,1.4,1.9,0.0316,False,False
1040,I_conflict,142.014,29110,44681,A,A,primer-uds-north,primer-uds-north,True,7.1288,4.5812,2.5476,-4.845,-4.45,0.395,216,129,-2.856,-2.317,-0.539,13.874,8.448,2.4000000000000004,0.8,1.6,1.54,0.0256,False,True
1041,I,141.93599999999998,23107,52581,A,A,primer-uds-south,primer-uds-south,True,4.9525,6.167,1.2144,-5.525,-4.052,1.474,287,74,-1.812,-2.502,0.69,5.304,10.017,0.3,1.3,-1.0,3.09,0.0515,False,False
1042,I_conflict,141.7815,31661,46914,A,A,primer-cosmos-west,primer-cosmos-west,True,4.4626,5.6548,1.1921,-4.603,-4.978,0.375,177,231,-1.535,-2.488,0.953,4.111,9.891,0.5,2.0,-1.5,4.88,0.0814,False,True
1043,I,141.752,30157,37557,A,A,primer-uds-south,primer-uds-south,True,4.7269,5.6557,0.9288,-5.539,-4.52,1.019,289,147,-1.325,-2.369,1.045,3.387,8.865,0.2,2.7,-2.5,2.05,0.0341,False,False
1044,III_weak,141.73399999999998,20632,48983,A,A,ceers-full,ceers-full,True,5.6531,7.1368,1.4836,-4.107,-3.536,0.571,85,41,-2.838,-2.691,-0.147,13.655,11.927,2.0,2.7,-0.7,3.92,0.0653,True,False
1045,I,141.722,30600,48983,A,A,ceers-full,ceers-full,True,4.0259,7.1368,3.1108,-4.874,-3.536,1.337,220,41,-2.492,-2.691,0.199,9.925,11.927,0.6000000000000001,2.7,-2.1,4.89,0.0814,False,False
1046,I,141.66250000000002,12544,59162,A,A,ceers-full,ceers-full,True,4.5497,7.8411,3.2915,-5.01,-4.082,0.928,235,80,-1.316,-1.705,0.389,3.36,4.808,0.4,3.9,-3.5,4.01,0.0669,False,False
1047,I,141.6335,25633,30073,A,A,primer-cosmos-west,primer-cosmos-west,True,7.0511,6.0041,1.0469,-4.166,-4.712,0.546,98,194,-3.131,-1.84,-1.291,17.88,5.445,3.2,1.0,2.2,1.44,0.024,False,False
1048,I,141.608,20897,30600,A,A,ceers-full,ceers-full,True,4.5331,4.0259,0.5072,-3.869,-4.874,1.005,53,220,-3.669,-2.492,-1.177,29.349,9.925,1.3,0.6000000000000001,0.7,4.74,0.079,False,False
1049,I,141.603,51983,52017,A,A,gds,gds,True,7.1353,6.3311,0.8042,-4.665,-5.333,0.668,187,278,-2.719,-1.429,-1.29,12.24,3.729,-99.0,-99.0,0.0,2.01,0.0335,False,False
1050,I,141.4095,22483,33230,A,A,primer-cosmos-west,primer-cosmos-west,True,7.1355,4.7522,2.3833,-4.222,-5.169,0.947,102,257,-1.86,-1.215,-0.645,5.548,3.062,2.7,0.2,2.5,3.56,0.0593,False,False
1051,I,141.32,48983,58630,A,A,ceers-full,ceers-full,True,7.1368,4.5468,2.59,-3.536,-4.326,0.789,41,119,-2.691,-2.016,-0.676,11.927,6.401,2.7,0.9,1.8,2.14,0.0357,False,False
1052,III_weak,141.302,31581,32237,A,A,primer-uds-north,primer-uds-north,True,4.1634,4.6122,0.4488,-5.06,-3.896,1.164,240,55,-2.356,-2.263,-0.093,8.757,8.04,0.0,1.2000000000000002,-1.2,3.0,0.05,True,False
1053,I,141.293,32880,33445,A,A,primer-uds-south,primer-uds-south,True,4.756,4.3458,0.4102,-4.821,-5.25,0.428,211,266,-2.281,-0.735,-1.546,8.176,1.968,0.9,0.0,0.9,2.09,0.0348,False,False
1054,I,141.254,21943,31770,A,A,primer-cosmos-east,primer-cosmos-east,True,4.7155,5.7791,1.0636,-5.049,-3.574,1.475,239,42,-1.888,-2.609,0.721,5.692,11.061,0.8,1.9,-1.1,2.76,0.0459,False,False
1055,I,141.2215,36886,41913,A,A,ceers-full,ceers-full,True,4.4499,5.246,0.7961,-4.236,-3.38,0.856,105,39,-2.303,-3.476,1.172,8.344,24.568,1.3,2.3000000000000003,-1.0,2.4,0.0399,False,False
1056,I_conflict,141.202,32147,44531,A,A,gds,gds,True,4.6032,7.1241,2.5208,-4.148,-4.951,0.803,93,226,-1.802,-2.087,0.286,5.257,6.839,2.6,1.5,1.1,1.8,0.0301,False,True
1057,I,141.005,8559,54143,A,A,primer-uds-north,primer-uds-north,True,7.9365,4.7315,3.205,-4.517,-5.073,0.556,145,243,-1.912,-1.287,-0.625,5.818,3.272,3.9,0.9,3.0,4.57,0.0761,False,False
1058,I,140.99099999999999,29392,59971,A,A,primer-uds-south,primer-uds-south,True,7.471,5.3915,2.0794,-4.543,-5.268,0.725,156,268,-2.259,-1.398,-0.861,8.009,3.624,2.2,0.9,1.3,3.83,0.0638,False,False
1059,III_weak,140.915,21037,28491,A,A,primer-cosmos-west,primer-cosmos-west,True,4.4761,5.5851,1.109,-4.619,-4.123,0.496,181,90,-3.064,-2.776,-0.288,16.813,12.896,0.7000000000000001,2.0,-1.3,2.41,0.0401,True,False
1060,I,140.853,45179,48498,A,A,primer-cosmos-east,primer-cosmos-east,True,7.1055,4.4533,2.6522,-4.157,-5.641,1.484,96,293,-2.113,-1.883,-0.231,7.004,5.663,1.9,0.9,1.0,1.64,0.0273,False,False
1061,I,140.82049999999998,40209,52084,A,A,primer-cosmos-east,primer-cosmos-east,True,5.4609,7.0756,1.6147,-4.799,-3.658,1.14,206,45,-2.237,-2.985,0.748,7.851,15.637,1.4,1.6,-0.2,3.82,0.0636,False,False
1062,I,140.78799999999998,15850,19946,A,A,primer-cosmos-east,primer-cosmos-east,True,7.0456,5.9744,1.0712,-4.167,-4.715,0.549,99,196,-3.138,-1.873,-1.265,17.999,5.613,3.3000000000000003,1.0,2.3,1.44,0.024,False,False
1063,I,140.735,24081,43932,A,A,primer-uds-north,primer-uds-north,True,5.6564,4.2354,1.421,-4.252,-4.802,0.549,110,207,-2.416,-1.257,-1.159,9.254,3.183,1.8,0.5,1.3,3.09,0.0515,False,False
1064,I,140.6335,51514,52084,A,A,primer-cosmos-east,primer-cosmos-east,True,4.4367,7.0756,2.6389,-4.118,-3.658,0.46,87,45,-2.14,-2.985,0.845,7.18,15.637,1.9,1.6,0.3,1.91,0.0319,False,False
1065,I_conflict,140.585,48540,51855,A,A,primer-cosmos-east,primer-cosmos-east,True,5.6562,4.6512,1.005,-5.23,-4.198,1.032,260,101,-2.07,-1.48,-0.591,6.732,3.907,0.4,0.7000000000000001,-0.3,3.65,0.0609,False,True
1066,I,140.463,344,37878,A,A,primer-uds-south,primer-uds-south,True,7.1354,4.7732,2.3622,-4.628,-5.154,0.526,183,255,-2.457,-1.572,-0.885,9.613,4.253,2.5,0.8,1.7,4.34,0.0723,False,False
1067,III_weak,140.432,30191,47509,A,A,primer-uds-south,primer-uds-south,True,4.0366,5.6594,1.6228,-5.243,-4.995,0.248,265,233,-1.962,-1.689,-0.273,6.093,4.74,0.0,1.8,-1.8,2.09,0.0349,True,False
1068,I,140.1925,57469,71037,A,A,primer-uds-north,primer-uds-north,True,5.668,6.8495,1.1815,-4.467,-4.008,0.459,135,68,-1.644,-2.919,1.274,4.547,14.703,3.1,1.4,1.7,1.88,0.0313,False,False
1069,I,140.10999999999999,30600,42093,A,A,ceers-full,ceers-full,True,4.0259,6.4459,2.42,-4.874,-3.857,1.017,220,52,-2.492,-3.058,0.566,9.925,16.711,0.6000000000000001,1.7000000000000002,-1.1,3.58,0.0596,False,False
1070,I,140.101,30520,62395,A,A,primer-uds-south,primer-uds-south,True,5.3498,5.6592,0.3094,-5.029,-4.057,0.972,237,76,-1.513,-2.738,1.226,4.028,12.456,0.9,1.6,-0.7,3.8,0.0633,False,False
1071,III_weak,140.019,31661,32535,A,A,primer-cosmos-west,primer-cosmos-west,True,4.4626,5.7492,1.2866,-4.603,-4.325,0.279,177,118,-1.535,-1.188,-0.347,4.111,2.987,0.5,0.6000000000000001,-0.1,0.77,0.0129,True,False
1072,I,140.0,33898,44435,A,A,primer-uds-south,primer-uds-south,True,4.5453,5.1733,0.628,-5.24,-4.854,0.386,264,217,-1.111,-2.591,1.48,2.782,10.873,1.2000000000000002,1.1,0.1,1.39,0.0231,False,False
1073,I,139.985,39711,52581,A,A,primer-uds-south,primer-uds-south,True,5.462,6.167,0.705,-5.308,-4.052,1.257,275,74,-1.568,-2.502,0.934,4.238,10.017,1.5,1.3,0.2,1.65,0.0275,False,False
1074,I,139.901,4620,30157,A,A,primer-uds-south,primer-uds-south,True,5.7463,4.7269,1.0194,-4.133,-5.539,1.407,92,289,-2.073,-1.325,-0.748,6.748,3.387,1.3,0.2,1.1,2.94,0.0491,False,False
1075,I,139.8195,29303,51983,A,A,gds,gds,True,5.986,7.1353,1.1493,-5.076,-4.665,0.411,245,187,-1.415,-2.719,1.305,3.681,12.24,2.0,-99.0,101.0,4.95,0.0825,False,False
1076,I,139.6565,42093,58630,A,A,ceers-full,ceers-full,True,6.4459,4.5468,1.8991,-3.857,-4.326,0.469,52,119,-3.058,-2.016,-1.042,16.711,6.401,1.7000000000000002,0.9,0.8,1.72,0.0287,False,False
1077,III_weak,139.619,11219,43738,A,A,primer-uds-north,primer-uds-north,True,5.4287,5.0901,0.3386,-3.83,-4.063,0.233,49,78,-2.534,-2.685,0.151,10.317,11.862,2.7,1.7000000000000002,1.0,4.28,0.0713,True,False
1078,I_conflict,139.55700000000002,47021,49360,A,A,ceers-full,ceers-full,True,8.0231,4.7373,3.2858,-5.003,-4.549,0.454,234,159,-1.44,-1.207,-0.233,3.767,3.039,0.9,0.8,0.1,2.55,0.0425,False,True
1079,III_weak,139.43349999999998,29106,53667,A,A,primer-uds-north,primer-uds-north,True,5.2048,4.5639,0.6409,-4.528,-4.837,0.309,150,215,-1.936,-1.947,0.011,5.948,6.008,1.1,0.9,0.2,4.52,0.0753,True,False
1080,III_weak,139.347,1939,24100,A,A,primer-uds-north,primer-uds-north,True,4.3621,4.9919,0.6298,-4.526,-4.26,0.265,148,111,-2.601,-2.062,-0.539,10.972,6.681,1.3,1.3,0.0,3.38,0.0563,True,False
1081,I,139.28199999999998,22358,44435,A,A,primer-uds-south,primer-uds-south,True,4.6765,5.1733,0.4968,-5.19,-4.854,0.336,259,217,-1.055,-2.591,1.535,2.643,10.873,0.0,1.1,-1.1,4.48,0.0747,False,False
1082,I,139.2105,10404,32025,A,A,primer-uds-north,primer-uds-north,True,5.656,4.0433,1.6127,-3.982,-4.381,0.399,64,122,-3.181,-2.02,-1.161,18.724,6.426,2.2,0.6000000000000001,1.6,2.32,0.0387,False,False
1083,I_conflict,139.042,44531,46221,A,A,gds,gds,True,7.1241,4.0452,3.0788,-4.951,-4.548,0.402,226,158,-2.087,-1.771,-0.316,6.839,5.111,1.5,-99.0,100.5,2.78,0.0464,False,True
1084,I,139.0125,49360,70681,A,A,ceers-full,ceers-full,True,4.7373,7.9008,3.1635,-4.549,-4.347,0.202,159,120,-1.207,-2.016,0.81,3.039,6.406,0.8,3.8,-3.0,3.82,0.0636,False,False
1085,I_conflict,138.9145,44053,46085,A,A,primer-uds-north,primer-uds-north,True,5.4381,4.7858,0.6523,-4.897,-3.966,0.931,222,61,-2.683,-1.958,-0.724,11.832,6.071,2.5,1.3,1.2,0.49,0.0082,False,True
1086,I,138.53050000000002,62716,71037,A,A,primer-uds-north,primer-uds-north,True,5.3867,6.8495,1.4627,-4.396,-4.008,0.388,125,68,-1.719,-2.919,1.199,4.871,14.703,1.2000000000000002,1.4,-0.2,3.18,0.053,False,False
1087,III_weak,138.4155,44435,52581,A,A,primer-uds-south,primer-uds-south,True,5.1733,6.167,0.9937,-4.854,-4.052,0.802,217,74,-2.591,-2.502,-0.089,10.873,10.017,1.1,1.3,-0.2,2.28,0.0381,True,False
1088,I_conflict,138.38850000000002,40642,48540,A,A,primer-cosmos-east,primer-cosmos-east,True,4.6343,5.6562,1.0219,-4.888,-5.23,0.342,221,260,-1.114,-2.07,0.956,2.791,6.732,0.8,0.4,0.4,4.39,0.0732,False,True
1089,I,138.2875,28491,31661,A,A,primer-cosmos-west,primer-cosmos-west,True,5.5851,4.4626,1.1225,-4.123,-4.603,0.48,90,177,-2.776,-1.535,-1.241,12.896,4.111,2.0,0.5,1.5,1.45,0.0242,False,False
1090,I,138.24349999999998,22702,29568,A,A,primer-cosmos-west,primer-cosmos-west,True,5.4312,4.3603,1.0709,-3.806,-4.937,1.131,48,224,-3.062,-2.198,-0.865,16.784,7.57,2.2,0.4,1.8,3.77,0.0629,False,False
1091,III_weak,138.191,19462,19946,A,A,primer-cosmos-east,primer-cosmos-east,True,4.3651,5.9744,1.6094,-4.94,-4.715,0.225,225,196,-2.119,-1.873,-0.246,7.039,5.613,0.4,1.0,-0.6,1.05,0.0175,True,False
1092,I_conflict,138.151,14086,16083,A,A,primer-cosmos-east,primer-cosmos-east,True,7.1273,4.5779,2.5494,-4.704,-4.498,0.207,192,142,-2.633,-2.059,-0.574,11.302,6.663,1.9,1.0,0.9,0.7,0.0116,False,True
1093,I_conflict,138.1405,1381,46085,A,A,primer-uds-north,primer-uds-north,True,5.6626,4.7858,0.8767,-5.288,-3.966,1.323,274,61,-2.364,-1.958,-0.406,8.826,6.071,3.1,1.3,1.8,4.67,0.0779,False,True
1094,I_conflict,138.1275,21108,24100,A,A,primer-uds-north,primer-uds-north,True,7.1364,4.9919,2.1445,-4.588,-4.26,0.327,171,111,-2.685,-2.062,-0.623,11.863,6.681,2.6,1.3,1.3,4.79,0.0798,False,True
1095,I,138.09949999999998,8118,18540,A,A,primer-cosmos-west,primer-cosmos-west,True,5.6424,8.9337,3.2913,-5.08,-4.869,0.211,248,219,-1.277,-2.025,0.748,3.242,6.458,3.9,1.7000000000000002,2.2,3.72,0.062,False,False
1096,I_conflict,138.092,17986,29392,A,A,primer-uds-south,primer-uds-south,True,4.9401,7.471,2.5308,-3.587,-4.543,0.956,43,156,-2.13,-2.259,0.129,7.113,8.009,0.9,2.2,-1.3,4.57,0.0762,False,True
1097,I,137.86200000000002,42014,55902,A,A,primer-uds-north,primer-uds-north,True,4.5516,8.6704,4.1188,-5.575,-4.714,0.861,291,195,-1.78,-1.885,0.105,5.153,5.677,0.3,2.9000000000000004,-2.6,1.55,0.0259,False,False
1098,I,137.82049999999998,22379,33230,A,A,primer-cosmos-west,primer-cosmos-west,True,5.7349,4.7522,0.9827,-4.828,-5.169,0.341,212,257,-2.572,-1.215,-1.357,10.687,3.062,0.9,0.2,0.7,4.71,0.0785,False,False
1099,I,137.745,42014,61298,A,A,primer-uds-north,primer-uds-north,True,4.5516,5.2426,0.691,-5.575,-4.394,1.181,291,124,-1.78,-2.719,0.939,5.153,12.237,0.3,1.6,-1.3,2.8,0.0466,False,False
1100,III_weak,137.486,31581,57944,A,A,primer-uds-north,primer-uds-north,True,4.1634,5.2898,1.1264,-5.06,-4.472,0.588,240,137,-2.356,-2.197,-0.159,8.757,7.561,0.0,1.7000000000000002,-1.7,2.75,0.0459,True,False
1101,I_conflict,137.0515,11219,29110,A,A,primer-uds-north,primer-uds-north,True,5.4287,7.1288,1.7001,-3.83,-4.845,1.015,49,216,-2.534,-2.856,0.322,10.317,13.874,2.7,2.4000000000000004,0.3,3.29,0.0548,False,True
1102,I,136.9535,344,23107,A,A,primer-uds-south,primer-uds-south,True,7.1354,4.9525,2.1829,-4.628,-5.525,0.897,183,287,-2.457,-1.812,-0.646,9.613,5.304,2.5,0.3,2.2,2.97,0.0495,False,False
1103,III_weak,136.72949999999997,50560,53626,A,A,primer-cosmos-west,primer-cosmos-west,True,5.1459,5.6552,0.5093,-4.83,-4.572,0.258,214,168,-2.279,-1.753,-0.527,8.162,5.024,0.4,2.7,-2.3,2.09,0.0348,True,False
1104,III_weak,136.582,66007,67270,A,A,primer-uds-north,primer-uds-north,True,4.5963,5.6651,1.0688,-4.557,-4.106,0.45,163,84,-2.733,-2.492,-0.241,12.397,9.928,0.7000000000000001,1.3,-0.6,1.55,0.0259,True,False
1105,I,136.41500000000002,11967,14086,A,A,primer-cosmos-east,primer-cosmos-east,True,5.4823,7.1273,1.645,-5.508,-4.704,0.803,286,192,-1.78,-2.633,0.853,5.15,11.302,3.1,1.9,1.2,1.17,0.0195,False,False
1106,I,136.319,29421,36985,A,A,ceers-full,ceers-full,True,4.7851,5.6537,0.8686,-4.558,-4.161,0.398,164,97,-1.572,-2.899,1.327,4.254,14.441,1.4,2.0,-0.6,1.15,0.0192,False,False
1107,III_weak,136.3025,21037,26495,A,A,primer-cosmos-west,primer-cosmos-west,True,4.4761,5.0196,0.5435,-4.619,-4.014,0.605,181,69,-3.064,-2.764,-0.3,16.813,12.75,0.7000000000000001,1.8,-1.1,3.07,0.0512,True,False
1108,I,136.217,29392,45383,A,A,primer-uds-south,primer-uds-south,True,7.471,4.8552,2.6158,-4.543,-5.144,0.601,156,253,-2.259,-1.58,-0.679,8.009,4.285,2.2,0.9,1.3,3.45,0.0575,False,False
1109,I_conflict,136.132,23636,23868,A,A,gds,gds,True,7.1328,8.9276,1.7948,-4.602,-5.234,0.632,176,261,-2.237,-2.742,0.505,7.851,12.498,3.6,2.6,1.0,4.96,0.0827,False,True
1110,I_conflict,136.0705,40799,50988,A,A,primer-cosmos-east,primer-cosmos-east,True,7.6812,4.5265,3.1547,-4.551,-4.046,0.505,160,73,-2.636,-2.465,-0.172,11.337,9.68,2.6,1.7000000000000002,0.9,3.38,0.0563,False,True
1111,I,136.018,30520,52581,A,A,primer-uds-south,primer-uds-south,True,5.3498,6.167,0.8172,-5.029,-4.052,0.977,237,74,-1.513,-2.502,0.989,4.028,10.017,0.9,1.3,-0.4,2.44,0.0406,False,False
1112,I,135.81400000000002,28931,59880,A,A,primer-uds-south,primer-uds-south,True,7.9047,5.6631,2.2416,-3.918,-5.281,1.363,57,270,-2.686,-2.36,-0.326,11.871,8.792,2.8000000000000003,3.2,-0.4,3.65,0.0608,False,False
1113,I,135.791,32237,32986,A,A,primer-uds-north,primer-uds-north,True,4.6122,4.1527,0.4594,-3.896,-5.021,1.125,55,236,-2.263,-1.26,-1.003,8.04,3.192,1.2000000000000002,0.0,1.2,0.51,0.0085,False,False
1114,I,135.76100000000002,8559,19416,A,A,primer-uds-north,primer-uds-north,True,7.9365,5.4332,2.5034,-4.517,-5.405,0.887,145,285,-1.912,-1.38,-0.532,5.818,3.565,3.9,1.9,2.0,1.2,0.0201,False,False
1115,I,135.545,23575,42014,A,A,primer-uds-north,primer-uds-north,True,5.6606,4.5516,1.109,-4.518,-5.575,1.057,146,291,-2.624,-1.78,-0.844,11.212,5.153,2.0,0.3,1.7,3.35,0.0559,False,False
1116,I_conflict,135.4145,32535,44446,A,A,primer-cosmos-west,primer-cosmos-west,True,5.7492,7.1315,1.3823,-4.325,-4.731,0.406,118,202,-1.188,-1.938,0.75,2.987,5.959,0.6000000000000001,2.8000000000000003,-2.2,4.31,0.0718,False,True
1117,III_weak,135.20049999999998,1939,11219,A,A,primer-uds-north,primer-uds-north,True,4.3621,5.4287,1.0667,-4.526,-3.83,0.695,148,49,-2.601,-2.534,-0.067,10.972,10.317,1.3,2.7,-1.4,4.2,0.07,True,False
1118,I_conflict,134.974,14258,45637,A,A,primer-uds-south,primer-uds-south,True,5.4719,4.5363,0.9356,-5.323,-4.45,0.873,277,130,-1.848,-1.252,-0.595,5.484,3.169,1.8,1.2000000000000002,0.6,3.82,0.0637,False,True
1119,I,134.964,13736,49360,A,A,ceers-full,ceers-full,True,5.357,4.7373,0.6196,-4.06,-4.549,0.489,77,159,-2.527,-1.207,-1.32,10.254,3.039,1.4,0.8,0.6,4.11,0.0685,False,False
1120,I,134.95100000000002,344,39711,A,A,primer-uds-south,primer-uds-south,True,7.1354,5.462,1.6734,-4.628,-5.308,0.68,183,275,-2.457,-1.568,-0.889,9.613,4.238,2.5,1.5,1.0,4.54,0.0757,False,False
1121,I,134.7875,12234,12544,A,A,ceers-full,ceers-full,True,6.1422,4.5497,1.5925,-4.0,-5.01,1.01,65,235,-2.028,-1.316,-0.712,6.475,3.36,1.7000000000000002,0.4,1.3,0.87,0.0145,False,False
1122,I,134.763,21943,31668,A,A,primer-cosmos-east,primer-cosmos-east,True,4.7155,5.6077,0.8922,-5.049,-3.833,1.216,239,51,-1.888,-2.687,0.798,5.692,11.876,0.8,1.6,-0.8,2.93,0.0489,False,False
1123,I,134.7285,11967,20187,A,A,primer-cosmos-east,primer-cosmos-east,True,5.4823,6.6082,1.1259,-5.508,-4.12,1.388,286,88,-1.78,-2.403,0.624,5.15,9.146,3.1,2.4000000000000004,0.7,3.26,0.0543,False,False
1124,I,134.64499999999998,3099,18537,A,A,gds,gds,True,5.4584,4.2773,1.181,-4.466,-4.812,0.346,134,210,-2.642,-1.41,-1.231,11.392,3.665,2.7,1.2000000000000002,1.5,3.36,0.0559,False,False
1125,I_conflict,134.55200000000002,32025,44053,A,A,primer-uds-north,primer-uds-north,True,4.0433,5.4381,1.3948,-4.381,-4.897,0.516,122,222,-2.02,-2.683,0.663,6.426,11.832,0.6000000000000001,2.5,-1.9,1.17,0.0195,False,True
1126,I,134.53449999999998,9227,20187,A,A,primer-cosmos-east,primer-cosmos-east,True,5.7139,6.6082,0.8943,-4.724,-4.12,0.604,200,88,-1.243,-2.403,1.16,3.141,9.146,0.0,2.4000000000000004,-2.4,4.81,0.0802,False,False
1127,I,134.4905,8118,21620,A,A,primer-cosmos-west,primer-cosmos-west,True,5.6424,8.0871,2.4447,-5.08,-4.626,0.454,248,182,-1.277,-2.061,0.784,3.242,6.675,3.9,3.7,0.2,4.35,0.0725,False,False
1128,I,134.4695,15257,52856,A,A,primer-uds-north,primer-uds-north,True,6.9201,6.3209,0.5993,-4.731,-5.287,0.556,201,272,-1.774,-0.498,-1.276,5.126,1.582,1.3,0.0,1.3,4.54,0.0757,False,False
1129,I_conflict,134.27300000000002,59626,71321,A,A,ceers-full,ceers-full,True,6.3671,7.1293,0.7622,-4.189,-4.476,0.288,100,139,-1.364,-2.347,0.984,3.511,8.687,0.9,1.9,-1.0,1.92,0.0321,False,True
1130,I,134.2515,42464,52084,A,A,primer-cosmos-east,primer-cosmos-east,True,5.3675,7.0756,1.7081,-4.089,-3.658,0.431,81,45,-1.971,-2.985,1.014,6.143,15.637,2.3000000000000003,1.6,0.7,3.07,0.0512,False,False
1131,I,134.135,9791,28931,A,A,primer-uds-south,primer-uds-south,True,5.0278,7.9047,2.877,-4.829,-3.918,0.911,213,57,-2.313,-2.686,0.373,8.422,11.871,1.2000000000000002,2.8000000000000003,-1.6,3.36,0.0561,False,False
1132,I_conflict,134.0855,37557,57494,A,A,primer-uds-south,primer-uds-south,True,5.6557,4.024,1.6317,-4.52,-4.008,0.512,147,67,-2.369,-1.784,-0.585,8.865,5.173,2.7,1.6,1.1,3.87,0.0646,False,True
1133,III_weak,134.042,59626,73890,A,A,ceers-full,ceers-full,True,6.3671,5.6603,0.7068,-4.189,-4.777,0.588,100,205,-1.364,-1.579,0.216,3.511,4.282,0.9,3.0,-2.1,4.72,0.0786,True,False
1134,III_weak,133.81650000000002,21037,22702,A,A,primer-cosmos-west,primer-cosmos-west,True,4.4761,5.4312,0.9551,-4.619,-3.806,0.813,181,48,-3.064,-3.062,-0.002,16.813,16.784,0.7000000000000001,2.2,-1.5,1.01,0.0168,True,False
1135,I,133.77749999999997,21108,54603,A,A,primer-uds-north,primer-uds-north,True,7.1364,5.6519,1.4845,-4.588,-5.075,0.487,171,244,-2.685,-1.647,-1.038,11.863,4.56,2.6,2.5,0.1,3.54,0.059,False,False
1136,III_weak,133.7395,60446,69772,A,A,primer-uds-south,primer-uds-south,True,4.3661,5.4294,1.0633,-4.53,-3.832,0.698,152,50,-2.575,-2.537,-0.037,10.713,10.35,1.2000000000000002,2.7,-1.5,4.2,0.07,True,False
1137,I_conflict,133.7295,1381,32025,A,A,primer-uds-north,primer-uds-north,True,5.6626,4.0433,1.6193,-5.288,-4.381,0.908,274,122,-2.364,-2.02,-0.344,8.826,6.426,3.1,0.6000000000000001,2.5,3.35,0.0558,False,True
1138,III_weak,133.472,30145,44446,A,A,primer-cosmos-west,primer-cosmos-west,True,5.6646,7.1315,1.4668,-5.1,-4.731,0.369,249,202,-2.046,-1.938,-0.108,6.58,5.959,2.0,2.8000000000000003,-0.8,4.76,0.0793,True,False
1139,I_conflict,133.36399999999998,40589,59626,A,A,ceers-full,ceers-full,True,8.0067,6.3671,1.6396,-4.478,-4.189,0.289,140,100,-2.066,-1.364,-0.702,6.703,3.511,3.3000000000000003,0.9,2.4,3.64,0.0607,False,True
1140,I_conflict,133.3305,42859,68006,A,A,primer-uds-north,primer-uds-north,True,6.5809,5.1603,1.4207,-4.421,-3.797,0.624,126,47,-3.653,-3.087,-0.566,28.92,17.174,1.2000000000000002,1.4,-0.2,2.86,0.0476,False,True
1141,I_conflict,133.29399999999998,23868,44531,A,A,gds,gds,True,8.9276,7.1241,1.8036,-5.234,-4.951,0.283,261,226,-2.742,-2.087,-0.655,12.498,6.839,2.6,1.5,1.1,3.5,0.0583,False,True
1142,III_weak,133.2635,42093,48983,A,A,ceers-full,ceers-full,True,6.4459,7.1368,0.6909,-3.857,-3.536,0.32,52,41,-3.058,-2.691,-0.366,16.711,11.927,1.7000000000000002,2.7,-1.0,1.34,0.0223,True,False
1143,I,133.221,53667,56783,A,A,primer-uds-north,primer-uds-north,True,4.5639,5.3134,0.7494,-4.837,-4.576,0.261,215,169,-1.947,-3.33,1.383,6.008,21.479,0.9,1.8,-0.9,3.02,0.0503,False,False
1144,III_weak,133.15449999999998,42014,54603,A,A,primer-uds-north,primer-uds-north,True,4.5516,5.6519,1.1003,-5.575,-5.075,0.5,291,244,-1.78,-1.647,-0.133,5.153,4.56,0.3,2.5,-2.2,1.73,0.0288,True,False
1145,I,133.11700000000002,45179,50325,A,A,primer-cosmos-east,primer-cosmos-east,True,7.1055,6.4277,0.6778,-4.157,-5.032,0.875,96,238,-2.113,-1.079,-1.034,7.004,2.702,1.9,0.1,1.8,1.58,0.0263,False,False
1146,I,133.062,24081,42014,A,A,primer-uds-north,primer-uds-north,True,5.6564,4.5516,1.1048,-4.252,-5.575,1.323,110,291,-2.416,-1.78,-0.636,9.254,5.153,1.8,0.3,1.5,1.95,0.0325,False,False
1147,I_conflict,133.0455,40209,51855,A,A,primer-cosmos-east,primer-cosmos-east,True,5.4609,4.6512,0.8097,-4.799,-4.198,0.6,206,101,-2.237,-1.48,-0.758,7.851,3.907,1.4,0.7000000000000001,0.7,3.66,0.061,False,True
1148,I,132.62349999999998,32025,68006,A,A,primer-uds-north,primer-uds-north,True,4.0433,5.1603,1.1169,-4.381,-3.797,0.584,122,47,-2.02,-3.087,1.067,6.426,17.174,0.6000000000000001,1.4,-0.8,3.72,0.062,False,False
1149,I_conflict,132.5275,14487,23571,A,A,primer-cosmos-east,primer-cosmos-east,True,7.1693,4.7607,2.4085,-5.535,-5.17,0.365,288,258,-1.641,-1.232,-0.409,4.531,3.11,2.0,0.2,1.8,2.84,0.0473,False,True
1150,I,132.47500000000002,26495,31661,A,A,primer-cosmos-west,primer-cosmos-west,True,5.0196,4.4626,0.557,-4.014,-4.603,0.589,69,177,-2.764,-1.535,-1.229,12.75,4.111,1.8,0.5,1.3,3.93,0.0656,False,False
1151,III_weak,132.4025,29303,32402,A,A,gds,gds,True,5.986,4.9424,1.0435,-5.076,-5.321,0.245,245,276,-1.415,-1.703,0.288,3.681,4.797,2.0,3.2,-1.2,1.78,0.0297,True,False
1152,I,132.36599999999999,29392,30191,A,A,primer-uds-south,primer-uds-south,True,7.471,4.0366,3.4344,-4.543,-5.243,0.7,156,265,-2.259,-1.962,-0.297,8.009,6.093,2.2,0.0,2.2,2.76,0.046,False,False
1153,I_conflict,132.0965,59626,72956,A,A,ceers-full,ceers-full,True,6.3671,8.9042,2.5371,-4.189,-4.596,0.408,100,175,-1.364,-1.699,0.336,3.511,4.784,0.9,2.1,-1.2,1.24,0.0206,False,True
1154,I_conflict,132.09550000000002,55902,62716,A,A,primer-uds-north,primer-uds-north,True,8.6704,5.3867,3.2837,-4.714,-4.396,0.318,195,125,-1.885,-1.719,-0.166,5.677,4.871,2.9000000000000004,1.2000000000000002,1.7,1.61,0.0269,False,True
1155,III_weak,132.0035,18892,24081,A,A,primer-uds-north,primer-uds-north,True,4.7295,5.6564,0.9269,-4.592,-4.252,0.34,172,110,-2.674,-2.416,-0.258,11.736,9.254,1.0,1.8,-0.8,4.65,0.0775,True,False
1156,I,131.8715,3992,22773,A,A,primer-uds-north,primer-uds-north,True,5.6593,4.4013,1.2581,-4.053,-4.533,0.48,75,153,-2.723,-1.65,-1.072,12.278,4.573,1.6,1.3,0.3,4.74,0.0789,False,False
1157,III_weak,131.8545,1939,24081,A,A,primer-uds-north,primer-uds-north,True,4.3621,5.6564,1.2943,-4.526,-4.252,0.273,148,110,-2.601,-2.416,-0.185,10.972,9.254,1.3,1.8,-0.5,4.16,0.0693,True,False
1158,I,131.775,13666,25633,A,A,primer-cosmos-west,primer-cosmos-west,True,5.2881,7.0511,1.763,-4.657,-4.166,0.491,185,98,-2.219,-3.131,0.912,7.718,17.88,1.4,3.2,-1.8,3.57,0.0595,False,False
1159,I,131.76999999999998,19462,31770,A,A,primer-cosmos-east,primer-cosmos-east,True,4.3651,5.7791,1.414,-4.94,-3.574,1.367,225,42,-2.119,-2.609,0.491,7.039,11.061,0.4,1.9,-1.5,4.94,0.0823,False,False
1160,I,131.70999999999998,14419,32986,A,A,primer-uds-north,primer-uds-north,True,4.8168,4.1527,0.664,-4.606,-5.021,0.415,178,236,-2.546,-1.26,-1.286,10.429,3.192,0.9,0.0,0.9,2.01,0.0335,False,False
1161,I,131.59900000000002,1072,31581,A,A,primer-uds-north,primer-uds-north,True,8.906,4.1634,4.7426,-4.592,-5.06,0.467,174,240,-2.385,-2.356,-0.029,8.992,8.757,2.7,0.0,2.7,3.3,0.0549,False,False
1162,I_conflict,131.473,23107,45637,A,A,primer-uds-south,primer-uds-south,True,4.9525,4.5363,0.4162,-5.525,-4.45,1.076,287,130,-1.812,-1.252,-0.559,5.304,3.169,0.3,1.2000000000000002,-0.9,3.88,0.0647,False,True
1163,I,131.37900000000002,33898,48982,A,A,primer-uds-south,primer-uds-south,True,4.5453,5.3879,0.8426,-5.24,-4.536,0.703,264,154,-1.111,-2.164,1.053,2.782,7.339,1.2000000000000002,2.0,-0.8,2.16,0.0359,False,False
1164,I_conflict,131.1895,11501,44435,A,A,primer-uds-south,primer-uds-south,True,4.68,5.1733,0.4933,-3.982,-4.854,0.873,63,217,-1.939,-2.591,0.652,5.965,10.873,2.0,1.1,0.9,4.59,0.0765,False,True
1165,I_conflict,131.061,9227,14487,A,A,primer-cosmos-east,primer-cosmos-east,True,5.7139,7.1693,1.4554,-4.724,-5.535,0.811,200,288,-1.243,-1.641,0.398,3.141,4.531,0.0,2.0,-2.0,2.42,0.0403,False,True
1166,I,131.014,344,30520,A,A,primer-uds-south,primer-uds-south,True,7.1354,5.3498,1.7856,-4.628,-5.029,0.401,183,237,-2.457,-1.513,-0.944,9.613,4.028,2.5,0.9,1.6,3.73,0.0622,False,False
1167,III_weak,130.7895,23107,30520,A,A,primer-uds-south,primer-uds-south,True,4.9525,5.3498,0.3973,-5.525,-5.029,0.496,287,237,-1.812,-1.513,-0.299,5.304,4.028,0.3,0.9,-0.6,0.76,0.0126,True,False
1168,I,130.711,22358,48982,A,A,primer-uds-south,primer-uds-south,True,4.6765,5.3879,0.7114,-5.19,-4.536,0.653,259,154,-1.055,-2.164,1.109,2.643,7.339,0.0,2.0,-2.0,3.15,0.0525,False,False
1169,I,130.5855,59162,72633,A,A,ceers-full,ceers-full,True,7.8411,5.4434,2.3977,-4.082,-4.376,0.294,80,121,-1.705,-0.889,-0.816,4.808,2.267,3.9,3.9,0.0,2.44,0.0406,False,False
1170,I,130.488,52141,52856,A,A,primer-uds-north,primer-uds-north,True,7.1301,6.3209,0.8092,-4.607,-5.287,0.68,179,272,-1.557,-0.498,-1.059,4.194,1.582,3.0,0.0,3.0,3.59,0.0598,False,False
1171,I,129.9495,33230,44446,A,A,primer-cosmos-west,primer-cosmos-west,True,4.7522,7.1315,2.3793,-5.169,-4.731,0.437,257,202,-1.215,-1.938,0.723,3.062,5.959,0.2,2.8000000000000003,-2.6,3.75,0.0624,False,False
1172,III_weak,129.89999999999998,30600,36886,A,A,ceers-full,ceers-full,True,4.0259,4.4499,0.424,-4.874,-4.236,0.638,220,105,-2.492,-2.303,-0.188,9.925,8.344,0.6000000000000001,1.3,-0.7,0.71,0.0118,True,False
1173,I_conflict,129.466,55902,57469,A,A,primer-uds-north,primer-uds-north,True,8.6704,5.668,3.0024,-4.714,-4.467,0.246,195,135,-1.885,-1.644,-0.241,5.677,4.547,2.9000000000000004,3.1,-0.2,3.46,0.0577,False,True
1174,I_conflict,129.3965,3099,32147,A,A,gds,gds,True,5.4584,4.6032,0.8551,-4.466,-4.148,0.319,134,93,-2.642,-1.802,-0.84,11.392,5.257,2.7,2.6,0.1,3.52,0.0587,False,True
1175,III_weak,129.0815,29372,31319,A,A,primer-cosmos-west,primer-cosmos-west,True,5.3858,6.3339,0.9481,-4.978,-4.541,0.437,230,155,-1.465,-1.33,-0.135,3.854,3.404,2.2,2.8000000000000003,-0.6,4.72,0.0786,True,False
1176,I_conflict,128.8205,1939,29110,A,A,primer-uds-north,primer-uds-north,True,4.3621,7.1288,2.7667,-4.526,-4.845,0.319,148,216,-2.601,-2.856,0.255,10.972,13.874,1.3,2.4000000000000004,-1.1,3.24,0.054,False,True
1177,I,128.74699999999999,14086,21943,A,A,primer-cosmos-east,primer-cosmos-east,True,7.1273,4.7155,2.4118,-4.704,-5.049,0.344,192,239,-2.633,-1.888,-0.745,11.302,5.692,1.9,0.8,1.1,2.66,0.0443,False,False
1178,I_conflict,128.42000000000002,32237,44053,A,A,primer-uds-north,primer-uds-north,True,4.6122,5.4381,0.826,-3.896,-4.897,1.001,55,222,-2.263,-2.683,0.42,8.04,11.832,1.2000000000000002,2.5,-1.3,1.98,0.033,False,True
1179,I,128.132,32237,43932,A,A,primer-uds-north,primer-uds-north,True,4.6122,4.2354,0.3768,-3.896,-4.802,0.906,55,207,-2.263,-1.257,-1.006,8.04,3.183,1.2000000000000002,0.5,0.7,2.26,0.0377,False,False
1180,I_conflict,127.9805,23575,46085,A,A,primer-uds-north,primer-uds-north,True,5.6606,4.7858,0.8747,-4.518,-3.966,0.552,146,61,-2.624,-1.958,-0.666,11.212,6.071,2.0,1.3,0.7,3.56,0.0593,False,True
1181,I,127.8485,10696,15850,A,A,primer-cosmos-east,primer-cosmos-east,True,5.6678,7.0456,1.3779,-4.703,-4.167,0.536,191,99,-2.216,-3.138,0.922,7.701,17.999,1.2000000000000002,3.3000000000000003,-2.1,2.53,0.0422,False,False
1182,I,127.62500000000001,15850,27765,A,A,primer-cosmos-east,primer-cosmos-east,True,7.0456,5.1726,1.873,-4.167,-4.457,0.291,99,133,-3.138,-2.222,-0.916,17.999,7.74,3.3000000000000003,2.2,1.1,3.99,0.0665,False,False
1183,I_conflict,127.566,1381,32237,A,A,primer-uds-north,primer-uds-north,True,5.6626,4.6122,1.0504,-5.288,-3.896,1.392,274,55,-2.364,-2.263,-0.101,8.826,8.04,3.1,1.2000000000000002,1.9,3.54,0.059,False,True
1184,I_conflict,127.54050000000001,29110,43738,A,A,primer-uds-north,primer-uds-north,True,7.1288,5.0901,2.0387,-4.845,-4.063,0.782,216,78,-2.856,-2.685,-0.17,13.874,11.862,2.4000000000000004,1.7000000000000002,0.7,1.36,0.0227,False,True
1185,III_weak,127.52999999999999,5434,32147,A,A,gds,gds,True,4.1073,4.6032,0.496,-4.431,-4.148,0.283,128,93,-2.133,-1.802,-0.332,7.135,5.257,1.3,2.6,-1.3,4.43,0.0739,True,False
1186,I,127.40299999999999,2480,4620,A,A,primer-uds-south,primer-uds-south,True,4.6841,5.7463,1.0622,-5.342,-4.133,1.209,279,92,-1.469,-2.073,0.604,3.87,6.748,0.5,1.3,-0.8,3.92,0.0654,False,False
1187,I,127.28299999999999,57051,71380,A,A,ceers-full,ceers-full,True,5.6681,7.1263,1.4582,-4.281,-3.934,0.347,113,58,-1.94,-2.94,1.0,5.971,14.996,2.3000000000000003,3.4000000000000004,-1.1,1.64,0.0273,False,False
1188,I,127.01050000000001,20187,21943,A,A,primer-cosmos-east,primer-cosmos-east,True,6.6082,4.7155,1.8927,-4.12,-5.049,0.929,88,239,-2.403,-1.888,-0.515,9.146,5.692,2.4000000000000004,0.8,1.6,0.52,0.0086,False,False
1189,I,126.92150000000001,2981,3099,A,A,gds,gds,True,4.8122,5.4584,0.6461,-5.367,-4.466,0.901,283,134,-1.738,-2.642,0.904,4.956,11.392,2.2,2.7,-0.5,1.25,0.0209,False,False
1190,I_conflict,126.876,24081,29110,A,A,primer-uds-north,primer-uds-north,True,5.6564,7.1288,1.4724,-4.252,-4.845,0.593,110,216,-2.416,-2.856,0.44,9.254,13.874,1.8,2.4000000000000004,-0.6,4.79,0.0799,False,True
1191,I_conflict,126.58599999999998,46914,55716,A,A,primer-cosmos-west,primer-cosmos-west,True,5.6548,4.4383,1.2164,-4.978,-4.12,0.858,231,89,-2.488,-2.136,-0.352,9.891,7.15,2.0,1.9,0.1,4.95,0.0825,False,True
1192,I,126.263,32147,35367,A,A,gds,gds,True,4.6032,5.4895,0.8862,-4.148,-3.899,0.249,93,56,-1.802,-3.012,1.21,5.257,16.019,2.6,2.3000000000000003,0.3,4.64,0.0773,False,False
1193,I,126.176,23636,32402,A,A,gds,gds,True,7.1328,4.9424,2.1904,-4.602,-5.321,0.719,176,276,-2.237,-1.703,-0.535,7.851,4.797,3.6,3.2,0.4,3.75,0.0625,False,False
1194,I_conflict,126.127,43932,71893,A,A,primer-uds-north,primer-uds-north,True,4.2354,6.4292,2.1938,-4.802,-5.236,0.434,207,262,-1.257,-1.562,0.304,3.183,4.213,0.5,1.7000000000000002,-1.2,3.61,0.0601,False,True
1195,I,125.99549999999999,12544,24464,A,A,ceers-full,ceers-full,True,4.5497,5.6554,1.1057,-5.01,-4.238,0.772,235,106,-1.316,-2.141,0.825,3.36,7.184,0.4,2.7,-2.3,0.86,0.0144,False,False
1196,I,125.8795,21620,29372,A,A,primer-cosmos-west,primer-cosmos-west,True,8.0871,5.3858,2.7013,-4.626,-4.978,0.352,182,230,-2.061,-1.465,-0.596,6.675,3.854,3.7,2.2,1.5,4.73,0.0789,False,False
1197,I_conflict,125.7875,23107,57494,A,A,primer-uds-south,primer-uds-south,True,4.9525,4.024,0.9285,-5.525,-4.008,1.517,287,67,-1.812,-1.784,-0.027,5.304,5.173,0.3,1.6,-1.3,3.96,0.066,False,True
1198,I,125.702,36886,48983,A,A,ceers-full,ceers-full,True,4.4499,7.1368,2.6868,-4.236,-3.536,0.7,105,41,-2.303,-2.691,0.388,8.344,11.927,1.3,2.7,-1.4,4.23,0.0705,False,False
1199,I,125.651,11219,22773,A,A,primer-uds-north,primer-uds-north,True,5.4287,4.4013,1.0274,-3.83,-4.533,0.703,49,153,-2.534,-1.65,-0.883,10.317,4.573,2.7,1.3,1.4,2.26,0.0377,False,False
1200,I,125.643,52124,55423,A,A,primer-cosmos-east,primer-cosmos-east,True,4.8338,5.408,0.5742,-4.691,-4.095,0.596,190,82,-1.893,-2.976,1.083,5.717,15.501,1.2000000000000002,1.4,-0.2,2.47,0.0411,False,False
1201,I,125.59299999999999,5434,35367,A,A,gds,gds,True,4.1073,5.4895,1.3822,-4.431,-3.899,0.532,128,56,-2.133,-3.012,0.878,7.135,16.019,1.3,2.3000000000000003,-1.0,3.92,0.0654,False,False
1202,I,125.45049999999999,7242,22483,A,A,primer-cosmos-west,primer-cosmos-west,True,5.6588,7.1355,1.4767,-5.357,-4.222,1.135,282,102,-1.376,-1.86,0.485,3.55,5.548,2.0,2.7,-0.7,4.71,0.0785,False,False
1203,I,125.325,32986,57944,A,A,primer-uds-north,primer-uds-north,True,4.1527,5.2898,1.137,-5.021,-4.472,0.549,236,137,-1.26,-2.197,0.936,3.192,7.561,0.0,1.7000000000000002,-1.7,4.25,0.0709,False,False
1204,I_conflict,125.29750000000001,40642,43445,A,A,primer-cosmos-east,primer-cosmos-east,True,4.6343,5.6969,1.0625,-4.888,-5.795,0.907,221,295,-1.114,-1.457,0.343,2.791,3.826,0.8,0.5,0.3,2.92,0.0487,False,True
1205,I_conflict,125.2915,57494,60446,A,A,primer-uds-south,primer-uds-south,True,4.024,4.3661,0.3421,-4.008,-4.53,0.522,67,152,-1.784,-2.575,0.79,5.173,10.713,1.6,1.2000000000000002,0.4,2.08,0.0347,False,True
1206,I,125.249,19462,31668,A,A,primer-cosmos-east,primer-cosmos-east,True,4.3651,5.6077,1.2426,-4.94,-3.833,1.107,225,51,-2.119,-2.687,0.568,7.039,11.876,0.4,1.6,-1.2,3.67,0.0611,False,False
1207,I_conflict,125.22,32880,57494,A,A,primer-uds-south,primer-uds-south,True,4.756,4.024,0.732,-4.821,-4.008,0.813,211,67,-2.281,-1.784,-0.497,8.176,5.173,0.9,1.6,-0.7,3.41,0.0568,False,True
1208,I,125.037,33332,57944,A,A,primer-uds-north,primer-uds-north,True,4.542,5.2898,0.7478,-5.076,-4.472,0.604,246,137,-1.182,-2.197,1.014,2.971,7.561,0.8,1.7000000000000002,-0.9,3.93,0.0654,False,False
1209,I_conflict,124.98349999999999,29392,55783,A,A,primer-uds-south,primer-uds-south,True,7.471,4.626,2.8449,-4.543,-4.261,0.282,156,112,-2.259,-2.082,-0.177,8.009,6.805,2.2,1.4,0.8,3.09,0.0515,False,True
1210,I,124.922,42859,44053,A,A,primer-uds-north,primer-uds-north,True,6.5809,5.4381,1.1428,-4.421,-4.897,0.476,126,222,-3.653,-2.683,-0.97,28.92,11.832,1.2000000000000002,2.5,-1.3,0.74,0.0124,False,False
1211,I,124.90700000000001,35367,46281,A,A,gds,gds,True,5.4895,4.7896,0.6998,-3.899,-4.676,0.777,56,188,-3.012,-2.09,-0.922,16.019,6.853,2.3000000000000003,-99.0,101.3,2.43,0.0405,False,False
1212,I,124.7605,35111,42014,A,A,primer-uds-north,primer-uds-north,True,5.6563,4.5516,1.1047,-4.472,-5.575,1.103,138,291,-2.382,-1.78,-0.602,8.971,5.153,1.9,0.3,1.6,3.92,0.0654,False,False
1213,I,124.7585,45179,54661,A,A,primer-cosmos-east,primer-cosmos-east,True,7.1055,5.6676,1.4379,-4.157,-4.975,0.818,96,229,-2.113,-1.441,-0.673,7.004,3.77,1.9,3.9,-2.0,3.09,0.0515,False,False
1214,III_weak,124.714,14419,24081,A,A,primer-uds-north,primer-uds-north,True,4.8168,5.6564,0.8396,-4.606,-4.252,0.354,178,110,-2.546,-2.416,-0.13,10.429,9.254,0.9,1.8,-0.9,3.31,0.0552,True,False
1215,I,124.7055,32880,50716,A,A,primer-uds-south,primer-uds-south,True,4.756,7.8636,3.1077,-4.821,-4.548,0.273,211,157,-2.281,-2.779,0.498,8.176,12.935,0.9,2.7,-1.8,2.2,0.0367,False,False
1216,I,124.5805,6756,14076,A,A,ceers-full,ceers-full,True,7.1361,5.6614,1.4747,-4.153,-4.855,0.702,95,218,-2.375,-1.647,-0.728,8.91,4.557,2.5,1.9,0.6,2.86,0.0477,False,False
1217,I,124.45750000000001,16563,21943,A,A,primer-cosmos-east,primer-cosmos-east,True,5.022,4.7155,0.3065,-4.017,-5.049,1.032,70,239,-2.766,-1.888,-0.878,12.775,5.692,1.8,0.8,1.0,3.08,0.0514,False,False
1218,I,124.41999999999999,21488,57494,A,A,primer-uds-south,primer-uds-south,True,5.414,4.024,1.39,-3.634,-4.008,0.374,44,67,-2.732,-1.784,-0.947,12.377,5.173,2.1,1.6,0.5,4.01,0.0668,False,False
1219,I_conflict,124.39200000000001,4620,36872,A,A,primer-uds-south,primer-uds-south,True,5.7463,7.1351,1.3888,-4.133,-4.47,0.337,92,136,-2.073,-2.842,0.769,6.748,13.703,1.3,2.4000000000000004,-1.1,5.0,0.0833,False,True
1220,I_conflict,124.28699999999999,35367,45202,A,A,gds,gds,True,5.4895,7.1313,1.6418,-3.899,-4.571,0.672,56,167,-3.012,-3.302,0.29,16.019,20.926,2.3000000000000003,2.8000000000000003,-0.5,1.92,0.032,False,True
1221,I,124.204,7830,33445,A,A,primer-uds-south,primer-uds-south,True,5.5454,4.3458,1.1996,-4.987,-5.25,0.262,232,266,-1.802,-0.735,-1.067,5.256,1.968,0.9,0.0,0.9,4.12,0.0687,False,False
1222,I_conflict,124.1915,31770,40799,A,A,primer-cosmos-east,primer-cosmos-east,True,5.7791,7.6812,1.9021,-3.574,-4.551,0.977,42,160,-2.609,-2.636,0.027,11.061,11.337,1.9,2.6,-0.7,2.69,0.0448,False,True
1223,I,124.04350000000001,40799,48540,A,A,primer-cosmos-east,primer-cosmos-east,True,7.6812,5.6562,2.0249,-4.551,-5.23,0.679,160,260,-2.636,-2.07,-0.566,11.337,6.732,2.6,0.4,2.2,3.48,0.058,False,False
1224,I,124.01,36886,42093,A,A,ceers-full,ceers-full,True,4.4499,6.4459,1.996,-4.236,-3.857,0.379,105,52,-2.303,-3.058,0.754,8.344,16.711,1.3,1.7000000000000002,-0.4,2.94,0.0491,False,False
1225,I,123.8995,44446,50300,A,A,primer-cosmos-west,primer-cosmos-west,True,7.1315,5.6961,1.4353,-4.731,-5.795,1.064,202,296,-1.938,-1.429,-0.509,5.959,3.728,2.8000000000000003,0.5,2.3,2.43,0.0404,False,False
1226,I,123.89049999999999,39509,66116,A,A,gds,gds,True,4.2877,6.8464,2.5587,-5.284,-4.577,0.707,271,170,-1.762,-2.148,0.386,5.066,7.23,0.8,-99.0,99.8,4.49,0.0748,False,False
1227,I_conflict,123.49,30145,31661,A,A,primer-cosmos-west,primer-cosmos-west,True,5.6646,4.4626,1.202,-5.1,-4.603,0.497,249,177,-2.046,-1.535,-0.511,6.58,4.111,2.0,0.5,1.5,1.26,0.021,False,True
1228,I,123.382,11219,31645,A,A,primer-uds-north,primer-uds-north,True,5.4287,4.7559,0.6728,-3.83,-4.758,0.928,49,203,-2.534,-1.725,-0.809,10.317,4.897,2.7,0.8,1.9,3.34,0.0556,False,False
1229,I,123.22399999999999,24100,71037,A,A,primer-uds-north,primer-uds-north,True,4.9919,6.8495,1.8576,-4.26,-4.008,0.252,111,68,-2.062,-2.919,0.856,6.681,14.703,1.3,1.4,-0.1,4.9,0.0816,False,False
1230,I,123.09549999999999,41913,68816,A,A,ceers-full,ceers-full,True,5.246,4.5323,0.7137,-3.38,-4.383,1.003,39,123,-3.476,-2.73,-0.746,24.568,12.354,2.3000000000000003,0.7000000000000001,1.6,2.77,0.0461,False,False
1231,I,122.7865,40642,42464,A,A,primer-cosmos-east,primer-cosmos-east,True,4.6343,5.3675,0.7331,-4.888,-4.089,0.798,221,81,-1.114,-1.971,0.857,2.791,6.143,0.8,2.3000000000000003,-1.5,0.67,0.0112,False,False
1232,I_conflict,122.7405,46085,61298,A,A,primer-uds-north,primer-uds-north,True,4.7858,5.2426,0.4567,-3.966,-4.394,0.428,61,124,-1.958,-2.719,0.761,6.071,12.237,1.3,1.6,-0.3,3.94,0.0656,False,True
1233,I_conflict,122.693,11501,25430,A,A,primer-uds-south,primer-uds-south,True,4.68,7.1282,2.4482,-3.982,-4.556,0.574,63,162,-1.939,-2.014,0.075,5.965,6.389,2.0,2.7,-0.7,2.47,0.0411,False,True
1234,I,122.602,39711,67076,A,A,primer-uds-south,primer-uds-south,True,5.462,7.9368,2.4748,-5.308,-4.528,0.781,275,149,-1.568,-1.909,0.341,4.238,5.804,1.5,3.9,-2.4,4.13,0.0689,False,False
1235,I,122.3545,44681,71037,A,A,primer-uds-north,primer-uds-north,True,4.5812,6.8495,2.2683,-4.45,-4.008,0.441,129,68,-2.317,-2.919,0.602,8.448,14.703,0.8,1.4,-0.6,3.37,0.0562,False,False
1236,I_conflict,122.35000000000001,14419,29110,A,A,primer-uds-north,primer-uds-north,True,4.8168,7.1288,2.312,-4.606,-4.845,0.239,178,216,-2.546,-2.856,0.31,10.429,13.874,0.9,2.4000000000000004,-1.5,2.2,0.0366,False,True
1237,I,122.318,48686,59880,A,A,primer-uds-south,primer-uds-south,True,4.8439,5.6631,0.8192,-5.657,-5.281,0.376,294,270,-1.285,-2.36,1.075,3.267,8.792,0.3,3.2,-2.9,3.54,0.059,False,False
1238,I,122.2865,8118,22483,A,A,primer-cosmos-west,primer-cosmos-west,True,5.6424,7.1355,1.4931,-5.08,-4.222,0.858,248,102,-1.277,-1.86,0.583,3.242,5.548,3.9,2.7,1.2,4.29,0.0715,False,False
1239,I_conflict,122.28049999999999,14086,27765,A,A,primer-cosmos-east,primer-cosmos-east,True,7.1273,5.1726,1.9547,-4.704,-4.457,0.247,192,133,-2.633,-2.222,-0.411,11.302,7.74,1.9,2.2,-0.3,4.09,0.0682,False,True
1240,I,122.0685,23571,27765,A,A,primer-cosmos-east,primer-cosmos-east,True,4.7607,5.1726,0.4119,-5.17,-4.457,0.713,258,133,-1.232,-2.222,0.99,3.11,7.74,0.2,2.2,-2.0,2.07,0.0345,False,False
1241,III_weak,122.0325,30073,30145,A,A,primer-cosmos-west,primer-cosmos-west,True,6.0041,5.6646,0.3395,-4.712,-5.1,0.388,194,249,-1.84,-2.046,0.206,5.445,6.58,1.0,2.0,-1.0,3.2,0.0534,True,False
1242,I,121.86500000000001,10696,23571,A,A,primer-cosmos-east,primer-cosmos-east,True,5.6678,4.7607,0.907,-4.703,-5.17,0.467,191,258,-2.216,-1.232,-0.985,7.701,3.11,1.2000000000000002,0.2,1.0,4.55,0.0758,False,False
1243,I_conflict,121.8545,24100,44053,A,A,primer-uds-north,primer-uds-north,True,4.9919,5.4381,0.4463,-4.26,-4.897,0.637,111,222,-2.062,-2.683,0.621,6.681,11.832,1.3,2.5,-1.2,1.96,0.0326,False,True
1244,III_weak,121.6875,32025,46085,A,A,primer-uds-north,primer-uds-north,True,4.0433,4.7858,0.7425,-4.381,-3.966,0.415,122,61,-2.02,-1.958,-0.062,6.426,6.071,0.6000000000000001,1.3,-0.7,1.33,0.0221,True,False
1245,I,121.643,16408,31770,A,A,primer-cosmos-east,primer-cosmos-east,True,4.5749,5.7791,1.2042,-4.505,-3.574,0.931,144,42,-1.996,-2.609,0.613,6.287,11.061,1.1,1.9,-0.8,4.52,0.0753,False,False
1246,III_weak,121.51700000000001,31581,44681,A,A,primer-uds-north,primer-uds-north,True,4.1634,4.5812,0.4178,-5.06,-4.45,0.61,240,129,-2.356,-2.317,-0.039,8.757,8.448,0.0,0.8,-0.8,3.13,0.0521,True,False
1247,I_conflict,121.4165,21488,36872,A,A,primer-uds-south,primer-uds-south,True,5.414,7.1351,1.7211,-3.634,-4.47,0.835,44,136,-2.732,-2.842,0.111,12.377,13.703,2.1,2.4000000000000004,-0.3,1.77,0.0294,False,True
1248,I,121.40599999999999,32986,44681,A,A,primer-uds-north,primer-uds-north,True,4.1527,4.5812,0.4284,-5.021,-4.45,0.571,236,129,-1.26,-2.317,1.057,3.192,8.448,0.0,0.8,-0.8,1.16,0.0193,False,False
1249,III_weak,121.3835,21037,28500,A,A,primer-cosmos-west,primer-cosmos-west,True,4.4761,5.429,0.9529,-4.619,-4.306,0.313,181,116,-3.064,-3.01,-0.054,16.813,15.999,0.7000000000000001,2.8000000000000003,-2.1,2.43,0.0405,True,False
1250,I,121.3245,27765,40642,A,A,primer-cosmos-east,primer-cosmos-east,True,5.1726,4.6343,0.5383,-4.457,-4.888,0.43,133,221,-2.222,-1.114,-1.107,7.74,2.791,2.2,0.8,1.4,3.66,0.0611,False,False
1251,III_weak,121.301,23107,39711,A,A,primer-uds-south,primer-uds-south,True,4.9525,5.462,0.5094,-5.525,-5.308,0.217,287,275,-1.812,-1.568,-0.243,5.304,4.238,0.3,1.5,-1.2,2.14,0.0357,True,False
1252,I,121.2445,49360,63106,A,A,ceers-full,ceers-full,True,4.7373,5.6557,0.9183,-4.549,-3.95,0.599,159,60,-1.207,-2.097,0.89,3.039,6.896,0.8,2.2,-1.4,1.44,0.024,False,False
1253,I,121.18199999999999,22773,43738,A,A,primer-uds-north,primer-uds-north,True,4.4013,5.0901,0.6888,-4.533,-4.063,0.47,153,78,-1.65,-2.685,1.035,4.573,11.862,1.3,1.7000000000000002,-0.4,2.22,0.0371,False,False
1254,III_weak,121.1445,43505,47165,A,A,primer-cosmos-west,primer-cosmos-west,True,4.6755,5.2338,0.5583,-4.762,-4.313,0.449,204,117,-2.043,-1.957,-0.086,6.564,6.063,0.8,2.3000000000000003,-1.5,1.31,0.0218,True,False
1255,I,121.0465,32986,46085,A,A,primer-uds-north,primer-uds-north,True,4.1527,4.7858,0.6331,-5.021,-3.966,1.055,236,61,-1.26,-1.958,0.698,3.192,6.071,0.0,1.3,-1.3,2.87,0.0479,False,False
1256,I,121.0315,9227,18893,A,A,primer-cosmos-east,primer-cosmos-east,True,5.7139,4.8477,0.8661,-4.724,-5.582,0.858,200,292,-1.243,-0.496,-0.746,3.141,1.58,0.0,0.1,-0.1,4.98,0.0831,False,False
1257,I_conflict,121.0005,1381,24100,A,A,primer-uds-north,primer-uds-north,True,5.6626,4.9919,0.6707,-5.288,-4.26,1.028,274,111,-2.364,-2.062,-0.302,8.826,6.681,3.1,1.3,1.8,2.47,0.0412,False,True
1258,I,120.931,29110,31581,A,A,primer-uds-north,primer-uds-north,True,7.1288,4.1634,2.9654,-4.845,-5.06,0.215,216,240,-2.856,-2.356,-0.5,13.874,8.757,2.4000000000000004,0.0,2.4,3.37,0.0562,False,False
1259,I,120.9265,50988,52084,A,A,primer-cosmos-east,primer-cosmos-east,True,4.5265,7.0756,2.5491,-4.046,-3.658,0.388,73,45,-2.465,-2.985,0.521,9.68,15.637,1.7000000000000002,1.6,0.1,0.85,0.0142,False,False
1260,I,120.881,15257,32986,A,A,primer-uds-north,primer-uds-north,True,6.9201,4.1527,2.7674,-4.731,-5.021,0.289,201,236,-1.774,-1.26,-0.514,5.126,3.192,1.3,0.0,1.3,2.16,0.036,False,False
1261,I,120.81700000000001,17986,45637,A,A,primer-uds-south,primer-uds-south,True,4.9401,4.5363,0.4038,-3.587,-4.45,0.862,43,130,-2.13,-1.252,-0.878,7.113,3.169,0.9,1.2000000000000002,-0.3,3.19,0.0531,False,False
1262,I,120.62299999999999,15257,33332,A,A,primer-uds-north,primer-uds-north,True,6.9201,4.542,2.3782,-4.731,-5.076,0.345,201,246,-1.774,-1.182,-0.592,5.126,2.971,1.3,0.8,0.5,2.42,0.0403,False,False
1263,I,120.57900000000001,9104,22358,A,A,primer-uds-south,primer-uds-south,True,6.0931,4.6765,1.4166,-4.804,-5.19,0.386,208,259,-1.91,-1.055,-0.855,5.807,2.643,0.7000000000000001,0.0,0.7,2.57,0.0428,False,False
1264,I,120.559,28500,29568,A,A,primer-cosmos-west,primer-cosmos-west,True,5.429,4.3603,1.0686,-4.306,-4.937,0.631,116,224,-3.01,-2.198,-0.812,15.999,7.57,2.8000000000000003,0.4,2.4,1.97,0.0328,False,False
1265,I,120.4865,24100,32986,A,A,primer-uds-north,primer-uds-north,True,4.9919,4.1527,0.8391,-4.26,-5.021,0.76,111,236,-2.062,-1.26,-0.802,6.681,3.192,1.3,0.0,1.3,2.09,0.0348,False,False
1266,I_conflict,120.4555,39711,45637,A,A,primer-uds-south,primer-uds-south,True,5.462,4.5363,0.9257,-5.308,-4.45,0.859,275,130,-1.568,-1.252,-0.316,4.238,3.169,1.5,1.2000000000000002,0.3,4.57,0.0762,False,True
1267,I,120.36500000000001,25430,37878,A,A,primer-uds-south,primer-uds-south,True,7.1282,4.7732,2.355,-4.556,-5.154,0.598,162,255,-2.014,-1.572,-0.442,6.389,4.253,2.7,0.8,1.9,3.32,0.0553,False,False
1268,I,120.3155,29421,70681,A,A,ceers-full,ceers-full,True,4.7851,7.9008,3.1157,-4.558,-4.347,0.211,164,120,-1.572,-2.016,0.445,4.254,6.406,1.4,3.8,-2.4,3.93,0.0655,False,False
1269,I_conflict,120.2985,48982,57494,A,A,primer-uds-south,primer-uds-south,True,5.3879,4.024,1.3639,-4.536,-4.008,0.528,154,67,-2.164,-1.784,-0.38,7.339,5.173,2.0,1.6,0.4,2.43,0.0405,False,True
1270,I,120.2635,9791,30157,A,A,primer-uds-south,primer-uds-south,True,5.0278,4.7269,0.3009,-4.829,-5.539,0.71,213,289,-2.313,-1.325,-0.989,8.422,3.387,1.2000000000000002,0.2,1.0,4.01,0.0668,False,False
1271,I_conflict,120.25649999999999,17986,62395,A,A,primer-uds-south,primer-uds-south,True,4.9401,5.6592,0.7191,-3.587,-4.057,0.469,43,76,-2.13,-2.738,0.608,7.113,12.456,0.9,1.6,-0.7,4.8,0.08,False,True
1272,I,120.255,21108,31581,A,A,primer-uds-north,primer-uds-north,True,7.1364,4.1634,2.973,-4.588,-5.06,0.472,171,240,-2.685,-2.356,-0.33,11.863,8.757,2.6,0.0,2.6,1.15,0.0192,False,False
1273,I,120.2285,24100,33332,A,A,primer-uds-north,primer-uds-north,True,4.9919,4.542,0.4499,-4.26,-5.076,0.816,111,246,-2.062,-1.182,-0.88,6.681,2.971,1.3,0.8,0.5,2.45,0.0408,False,False
1274,I_conflict,120.07650000000001,45637,47509,A,A,primer-uds-south,primer-uds-south,True,4.5363,5.6594,1.1231,-4.45,-4.995,0.546,130,233,-1.252,-1.689,0.437,3.169,4.74,1.2000000000000002,1.8,-0.6,4.75,0.0792,False,True
1275,I,120.024,33445,47509,A,A,primer-uds-south,primer-uds-south,True,4.3458,5.6594,1.3136,-5.25,-4.995,0.254,266,233,-0.735,-1.689,0.954,1.968,4.74,0.0,1.8,-1.8,2.46,0.041,False,False
1276,I_conflict,119.9165,344,4620,A,A,primer-uds-south,primer-uds-south,True,7.1354,5.7463,1.3891,-4.628,-4.133,0.496,183,92,-2.457,-2.073,-0.384,9.613,6.748,2.5,1.3,1.2,3.48,0.0579,False,True
1277,I_conflict,119.7065,14381,18537,A,A,gds,gds,True,5.4444,4.2773,1.1671,-5.162,-4.812,0.35,256,210,-1.944,-1.41,-0.534,5.992,3.665,3.0,1.2000000000000002,1.8,3.02,0.0504,False,True
1278,I_conflict,119.633,18540,22483,A,A,primer-cosmos-west,primer-cosmos-west,True,8.9337,7.1355,1.7982,-4.869,-4.222,0.647,219,102,-2.025,-1.86,-0.165,6.458,5.548,1.7000000000000002,2.7,-1.0,3.14,0.0523,False,True
1279,I_conflict,119.6095,30520,59880,A,A,primer-uds-south,primer-uds-south,True,5.3498,5.6631,0.3133,-5.029,-5.281,0.252,237,270,-1.513,-2.36,0.847,4.028,8.792,0.9,3.2,-2.3,4.28,0.0714,False,True
1280,I,119.3555,23636,52017,A,A,gds,gds,True,7.1328,6.3311,0.8017,-4.602,-5.333,0.731,176,278,-2.237,-1.429,-0.808,7.851,3.729,3.6,-99.0,102.6,4.71,0.0785,False,False
1281,I,119.298,32880,36872,A,A,primer-uds-south,primer-uds-south,True,4.756,7.1351,2.3792,-4.821,-4.47,0.352,211,136,-2.281,-2.842,0.561,8.176,13.703,0.9,2.4000000000000004,-1.5,4.48,0.0746,False,False
1282,I,119.28150000000001,10404,24100,A,A,primer-uds-north,primer-uds-north,True,5.656,4.9919,0.6641,-3.982,-4.26,0.279,64,111,-3.181,-2.062,-1.119,18.724,6.681,2.2,1.3,0.9,1.86,0.031,False,False
1283,I,119.2145,14086,19462,A,A,primer-cosmos-east,primer-cosmos-east,True,7.1273,4.3651,2.7623,-4.704,-4.94,0.236,192,225,-2.633,-2.119,-0.514,11.302,7.039,1.9,0.4,1.5,2.74,0.0457,False,False
1284,I_conflict,119.2115,32928,48540,A,A,primer-cosmos-east,primer-cosmos-east,True,4.4581,5.6562,1.1981,-4.027,-5.23,1.203,71,260,-2.067,-2.07,0.003,6.712,6.732,1.7000000000000002,0.4,1.3,4.85,0.0808,False,True
1285,I_conflict,119.1385,15850,31668,A,A,primer-cosmos-east,primer-cosmos-east,True,7.0456,5.6077,1.4379,-4.167,-3.833,0.334,99,51,-3.138,-2.687,-0.451,17.999,11.876,3.3000000000000003,1.6,1.7,4.64,0.0773,False,True
1286,I,119.1305,1544,15257,A,A,primer-uds-north,primer-uds-north,True,5.4635,6.9201,1.4567,-5.142,-4.731,0.411,252,201,-0.976,-1.774,0.799,2.456,5.126,1.0,1.3,-0.3,3.61,0.0602,False,False
1287,I_conflict,119.113,42014,43932,A,A,primer-uds-north,primer-uds-north,True,4.5516,4.2354,0.3162,-5.575,-4.802,0.774,291,207,-1.78,-1.257,-0.523,5.153,3.183,0.3,0.5,-0.2,1.56,0.0261,False,True
1288,I_conflict,119.099,17813,32928,A,A,primer-cosmos-east,primer-cosmos-east,True,5.2267,4.4581,0.7686,-5.11,-4.027,1.084,250,71,-2.268,-2.067,-0.201,8.076,6.712,1.8,1.7000000000000002,0.1,4.3,0.0717,False,True
1289,III_weak,119.0275,16152,29372,A,A,primer-cosmos-west,primer-cosmos-west,True,5.7144,5.3858,0.3285,-4.723,-4.978,0.255,199,230,-1.236,-1.465,0.229,3.122,3.854,0.0,2.2,-2.2,4.08,0.068,True,False
1290,I,119.004,32880,59568,A,A,primer-uds-south,primer-uds-south,True,4.756,8.9016,4.1456,-4.821,-4.592,0.229,211,173,-2.281,-2.381,0.099,8.176,8.958,0.9,2.7,-1.8,3.74,0.0623,False,False
1291,I,118.93650000000001,14258,29392,A,A,primer-uds-south,primer-uds-south,True,5.4719,7.471,1.9991,-5.323,-4.543,0.78,277,156,-1.848,-2.259,0.411,5.484,8.009,1.8,2.2,-0.4,1.95,0.0326,False,False
1292,III_weak,118.8785,32880,48982,A,A,primer-uds-south,primer-uds-south,True,4.756,5.3879,0.6319,-4.821,-4.536,0.285,211,154,-2.281,-2.164,-0.117,8.176,7.339,0.9,2.0,-1.1,1.7,0.0283,True,False
1293,I,118.59599999999999,39509,65646,A,A,gds,gds,True,4.2877,5.6581,1.3704,-5.284,-4.686,0.598,271,189,-1.762,-2.464,0.702,5.066,9.674,0.8,-99.0,99.8,4.32,0.072,False,False
1294,I,118.53299999999999,30157,59880,A,A,primer-uds-south,primer-uds-south,True,4.7269,5.6631,0.9362,-5.539,-5.281,0.258,289,270,-1.325,-2.36,1.035,3.387,8.792,0.2,3.2,-3.0,3.3,0.055,False,False
1295,I,118.36200000000001,10404,44681,A,A,primer-uds-north,primer-uds-north,True,5.656,4.5812,1.0748,-3.982,-4.45,0.468,64,129,-3.181,-2.317,-0.864,18.724,8.448,2.2,0.8,1.4,4.36,0.0726,False,False
1296,I,118.33250000000001,28500,43505,A,A,primer-cosmos-west,primer-cosmos-west,True,5.429,4.6755,0.7535,-4.306,-4.762,0.456,116,204,-3.01,-2.043,-0.967,15.999,6.564,2.8000000000000003,0.8,2.0,4.78,0.0797,False,False
1297,I,118.238,16083,31770,A,A,primer-cosmos-east,primer-cosmos-east,True,4.5779,5.7791,1.2012,-4.498,-3.574,0.924,142,42,-2.059,-2.609,0.55,6.663,11.061,1.0,1.9,-0.9,4.73,0.0788,False,False
1298,I_conflict,118.2375,40589,41179,A,A,ceers-full,ceers-full,True,8.0067,7.2423,0.7645,-4.478,-4.229,0.249,140,104,-2.066,-1.38,-0.686,6.703,3.564,3.3000000000000003,2.1,1.2,3.0,0.05,False,True
1299,I,118.13,32402,66116,A,A,gds,gds,True,4.9424,6.8464,1.904,-5.321,-4.577,0.744,276,170,-1.703,-2.148,0.445,4.797,7.23,3.2,-99.0,102.2,4.45,0.0741,False,False
1300,I_conflict,118.06,47021,59626,A,A,ceers-full,ceers-full,True,8.0231,6.3671,1.656,-5.003,-4.189,0.814,234,100,-1.44,-1.364,-0.076,3.767,3.511,0.9,0.9,0.0,1.33,0.0222,False,True
1301,I_conflict,117.9695,18804,23575,A,A,primer-uds-north,primer-uds-north,True,4.3173,5.6606,1.3433,-4.229,-4.518,0.289,103,146,-2.141,-2.624,0.483,7.184,11.212,1.5,2.0,-0.5,2.7,0.045,False,True
1302,I_conflict,117.815,46914,47165,A,A,primer-cosmos-west,primer-cosmos-west,True,5.6548,5.2338,0.421,-4.978,-4.313,0.665,231,117,-2.488,-1.957,-0.531,9.891,6.063,2.0,2.3000000000000003,-0.3,0.26,0.0043,False,True
1303,I,117.80499999999999,53667,69921,A,A,primer-uds-north,primer-uds-north,True,4.5639,5.6549,1.091,-4.837,-4.553,0.283,215,161,-1.947,-2.906,0.959,6.008,14.531,0.9,2.8000000000000003,-1.9,1.87,0.0312,False,False
1304,I,117.666,43932,57944,A,A,primer-uds-north,primer-uds-north,True,4.2354,5.2898,1.0544,-4.802,-4.472,0.33,207,137,-1.257,-2.197,0.939,3.183,7.561,0.5,1.7000000000000002,-1.2,2.46,0.041,False,False
1305,I,117.4765,19462,20187,A,A,primer-cosmos-east,primer-cosmos-east,True,4.3651,6.6082,2.2431,-4.94,-4.12,0.821,225,88,-2.119,-2.403,0.284,7.039,9.146,0.4,2.4000000000000004,-2.0,2.71,0.0451,False,False
1306,I_conflict,117.45100000000001,3992,29110,A,A,primer-uds-north,primer-uds-north,True,5.6593,7.1288,1.4694,-4.053,-4.845,0.792,75,216,-2.723,-2.856,0.133,12.278,13.874,1.6,2.4000000000000004,-0.8,4.42,0.0737,False,True
1307,I_conflict,117.43599999999999,23575,32237,A,A,primer-uds-north,primer-uds-north,True,5.6606,4.6122,1.0484,-4.518,-3.896,0.622,146,55,-2.624,-2.263,-0.361,11.212,8.04,2.0,1.2000000000000002,0.8,1.14,0.019,False,True
1308,I_conflict,117.3055,11501,37557,A,A,primer-uds-south,primer-uds-south,True,4.68,5.6557,0.9757,-3.982,-4.52,0.539,63,147,-1.939,-2.369,0.43,5.965,8.865,2.0,2.7,-0.7,2.73,0.0455,False,True
1309,I,117.1075,37557,37878,A,A,primer-uds-south,primer-uds-south,True,5.6557,4.7732,0.8825,-4.52,-5.154,0.634,147,255,-2.369,-1.572,-0.797,8.865,4.253,2.7,0.8,1.9,1.22,0.0204,False,False
1310,I_conflict,116.9685,41179,72956,A,A,ceers-full,ceers-full,True,7.2423,8.9042,1.6619,-4.229,-4.596,0.368,104,175,-1.38,-1.699,0.32,3.564,4.784,2.1,2.1,0.0,2.91,0.0484,False,True
1311,I,116.8795,32986,52141,A,A,primer-uds-north,primer-uds-north,True,4.1527,7.1301,2.9773,-5.021,-4.607,0.414,236,179,-1.26,-1.557,0.296,3.192,4.194,0.0,3.0,-3.0,2.8,0.0466,False,False
1312,I,116.8355,23107,25430,A,A,primer-uds-south,primer-uds-south,True,4.9525,7.1282,2.1757,-5.525,-4.556,0.97,287,162,-1.812,-2.014,0.202,5.304,6.389,0.3,2.7,-2.4,3.4,0.0567,False,False
1313,I,116.692,28491,29568,A,A,primer-cosmos-west,primer-cosmos-west,True,5.5851,4.3603,1.2248,-4.123,-4.937,0.814,90,224,-2.776,-2.198,-0.578,12.896,7.57,2.0,0.4,1.6,2.25,0.0376,False,False
1314,I,116.63,51983,64049,A,A,gds,gds,True,7.1353,5.2713,1.864,-4.665,-5.079,0.414,187,247,-2.719,-2.095,-0.625,12.24,6.884,-99.0,-99.0,0.0,1.97,0.0328,False,False
1315,I,116.5915,33332,52141,A,A,primer-uds-north,primer-uds-north,True,4.542,7.1301,2.5881,-5.076,-4.607,0.469,246,179,-1.182,-1.557,0.374,2.971,4.194,0.8,3.0,-2.2,3.08,0.0514,False,False
1316,I_conflict,116.591,61323,63106,A,A,ceers-full,ceers-full,True,7.127,5.6557,1.4714,-4.499,-3.95,0.549,143,60,-2.358,-2.097,-0.261,8.772,6.896,1.7000000000000002,2.2,-0.5,2.36,0.0393,False,True
1317,I,116.4625,49360,60774,A,A,ceers-full,ceers-full,True,4.7373,5.2848,0.5475,-4.549,-4.075,0.475,159,79,-1.207,-2.187,0.98,3.039,7.495,0.8,2.2,-1.4,1.02,0.017,False,False
1318,III_weak,116.4565,10696,17813,A,A,primer-cosmos-east,primer-cosmos-east,True,5.6678,5.2267,0.4411,-4.703,-5.11,0.408,191,250,-2.216,-2.268,0.052,7.701,8.076,1.2000000000000002,1.8,-0.6,2.68,0.0447,True,False
1319,I,116.446,17813,31770,A,A,primer-cosmos-east,primer-cosmos-east,True,5.2267,5.7791,0.5524,-5.11,-3.574,1.537,250,42,-2.268,-2.609,0.341,8.076,11.061,1.8,1.9,-0.1,4.17,0.0695,False,False
1320,I,115.99849999999999,3992,31581,A,A,primer-uds-north,primer-uds-north,True,5.6593,4.1634,1.4959,-4.053,-5.06,1.007,75,240,-2.723,-2.356,-0.367,12.278,8.757,1.6,0.0,1.6,2.95,0.0491,False,False
1321,I_conflict,115.94449999999999,13074,25633,A,A,primer-cosmos-west,primer-cosmos-west,True,5.2148,7.0511,1.8363,-3.796,-4.166,0.37,46,98,-2.885,-3.131,0.246,14.255,17.88,2.5,3.2,-0.7,4.91,0.0819,False,True
1322,I_conflict,115.922,17986,52581,A,A,primer-uds-south,primer-uds-south,True,4.9401,6.167,1.2268,-3.587,-4.052,0.464,43,74,-2.13,-2.502,0.372,7.113,10.017,0.9,1.3,-0.4,4.31,0.0718,False,True
1323,I,115.781,24464,48983,A,A,ceers-full,ceers-full,True,5.6554,7.1368,1.4814,-4.238,-3.536,0.702,106,41,-2.141,-2.691,0.55,7.184,11.927,2.7,2.7,0.0,4.32,0.072,False,False
1324,I_conflict,115.67750000000001,64273,67270,A,A,primer-uds-north,primer-uds-north,True,7.1316,5.6651,1.4665,-4.962,-4.106,0.856,227,84,-2.553,-2.492,-0.06,10.497,9.928,2.0,1.3,0.7,1.61,0.0268,False,True
1325,I_conflict,115.674,17986,37557,A,A,primer-uds-south,primer-uds-south,True,4.9401,5.6557,0.7156,-3.587,-4.52,0.933,43,147,-2.13,-2.369,0.239,7.113,8.865,0.9,2.7,-1.8,3.87,0.0645,False,True
1326,I_conflict,115.64349999999999,10404,42859,A,A,primer-uds-north,primer-uds-north,True,5.656,6.5809,0.9249,-3.982,-4.421,0.439,64,126,-3.181,-3.653,0.472,18.724,28.92,2.2,1.2000000000000002,1.0,3.26,0.0543,False,True
1327,I_conflict,115.629,9246,61323,A,A,ceers-full,ceers-full,True,4.6044,7.127,2.5226,-4.241,-4.499,0.258,107,143,-2.256,-2.358,0.101,7.989,8.772,1.0,1.7000000000000002,-0.7,4.48,0.0746,False,True
1328,I,115.53999999999999,36872,59880,A,A,primer-uds-south,primer-uds-south,True,7.1351,5.6631,1.472,-4.47,-5.281,0.812,136,270,-2.842,-2.36,-0.482,13.703,8.792,2.4000000000000004,3.2,-0.8,3.25,0.0541,False,False
1329,I,115.53099999999999,1072,1381,A,A,primer-uds-north,primer-uds-north,True,8.906,5.6626,3.2434,-4.592,-5.288,0.696,174,274,-2.385,-2.364,-0.02,8.992,8.826,2.7,3.1,-0.4,4.11,0.0685,False,False
1330,I_conflict,115.4715,46221,64049,A,A,gds,gds,True,4.0452,5.2713,1.2261,-4.548,-5.079,0.531,158,247,-1.771,-2.095,0.323,5.111,6.884,-99.0,-99.0,0.0,3.43,0.0572,False,True
1331,I,115.2475,59568,59880,A,A,primer-uds-south,primer-uds-south,True,8.9016,5.6631,3.2385,-4.592,-5.281,0.689,173,270,-2.381,-2.36,-0.02,8.958,8.792,2.7,3.2,-0.5,4.11,0.0685,False,False
1332,I,115.202,16408,31668,A,A,primer-cosmos-east,primer-cosmos-east,True,4.5749,5.6077,1.0328,-4.505,-3.833,0.672,144,51,-1.996,-2.687,0.691,6.287,11.876,1.1,1.6,-0.5,4.43,0.0739,False,False
1333,I,115.149,37557,45383,A,A,primer-uds-south,primer-uds-south,True,5.6557,4.8552,0.8006,-4.52,-5.144,0.623,147,253,-2.369,-1.58,-0.789,8.865,4.285,2.7,0.9,1.8,4.76,0.0793,False,False
1334,I_conflict,115.138,14381,32147,A,A,gds,gds,True,5.4444,4.6032,0.8412,-5.162,-4.148,1.014,256,93,-1.944,-1.802,-0.142,5.992,5.257,3.0,2.6,0.4,2.2,0.0366,False,True
1335,III_weak,115.092,12234,24464,A,A,ceers-full,ceers-full,True,6.1422,5.6554,0.4868,-4.0,-4.238,0.238,65,106,-2.028,-2.141,0.113,6.475,7.184,1.7000000000000002,2.7,-1.0,1.31,0.0218,True,False
1336,I,114.995,15233,25633,A,A,primer-cosmos-west,primer-cosmos-west,True,4.986,7.0511,2.065,-4.455,-4.166,0.289,131,98,-2.324,-3.131,0.807,8.501,17.88,0.8,3.2,-2.4,5.0,0.0833,False,False
1337,I,114.8935,16563,19462,A,A,primer-cosmos-east,primer-cosmos-east,True,5.022,4.3651,0.6569,-4.017,-4.94,0.923,70,225,-2.766,-2.119,-0.647,12.775,7.039,1.8,0.4,1.4,1.0,0.0166,False,False
1338,I,114.883,25430,39711,A,A,primer-uds-south,primer-uds-south,True,7.1282,5.462,1.6662,-4.556,-5.308,0.753,162,275,-2.014,-1.568,-0.446,6.389,4.238,2.7,1.5,1.2,2.46,0.041,False,False
1339,I_conflict,114.876,50716,62395,A,A,primer-uds-south,primer-uds-south,True,7.8636,5.6592,2.2044,-4.548,-4.057,0.492,157,76,-2.779,-2.738,-0.041,12.935,12.456,2.7,1.6,1.1,3.51,0.0585,False,True
1340,I_conflict,114.688,23107,33898,A,A,primer-uds-south,primer-uds-south,True,4.9525,4.5453,0.4072,-5.525,-5.24,0.286,287,264,-1.812,-1.111,-0.7,5.304,2.782,0.3,1.2000000000000002,-0.9,2.67,0.0445,False,True
1341,I_conflict,114.591,36886,71321,A,A,ceers-full,ceers-full,True,4.4499,7.1293,2.6794,-4.236,-4.476,0.24,105,139,-2.303,-2.347,0.044,8.344,8.687,1.3,1.9,-0.6,3.7,0.0617,False,True
1342,I,114.476,4620,28931,A,A,primer-uds-south,primer-uds-south,True,5.7463,7.9047,2.1584,-4.133,-3.918,0.215,92,57,-2.073,-2.686,0.613,6.748,11.871,1.3,2.8000000000000003,-1.5,2.73,0.0455,False,False
1343,I,114.46549999999999,28491,43505,A,A,primer-cosmos-west,primer-cosmos-west,True,5.5851,4.6755,0.9097,-4.123,-4.762,0.639,90,204,-2.776,-2.043,-0.733,12.896,6.564,2.0,0.8,1.2,4.72,0.0787,False,False
1344,I_conflict,114.29350000000001,57051,61323,A,A,ceers-full,ceers-full,True,5.6681,7.127,1.4589,-4.281,-4.499,0.217,113,143,-1.94,-2.358,0.418,5.971,8.772,2.3000000000000003,1.7000000000000002,0.6,1.61,0.0268,False,True
1345,I,114.29050000000001,61323,73890,A,A,ceers-full,ceers-full,True,7.127,5.6603,1.4667,-4.499,-4.777,0.278,143,205,-2.358,-1.579,-0.779,8.772,4.282,1.7000000000000002,3.0,-1.3,2.3,0.0383,False,False
1346,I,114.264,29392,47509,A,A,primer-uds-south,primer-uds-south,True,7.471,5.6594,1.8116,-4.543,-4.995,0.453,156,233,-2.259,-1.689,-0.57,8.009,4.74,2.2,1.8,0.4,2.54,0.0424,False,False
1347,I,114.1675,24464,42093,A,A,ceers-full,ceers-full,True,5.6554,6.4459,0.7905,-4.238,-3.857,0.382,106,52,-2.141,-3.058,0.917,7.184,16.711,2.7,1.7000000000000002,1.0,2.98,0.0497,False,False
1348,I,114.12,48983,60774,A,A,ceers-full,ceers-full,True,7.1368,5.2848,1.852,-3.536,-4.075,0.538,41,79,-2.691,-2.187,-0.504,11.927,7.495,2.7,2.2,0.5,3.1,0.0517,False,False
1349,I_conflict,114.0855,36327,69936,A,A,primer-uds-north,primer-uds-north,True,7.8617,7.034,0.8277,-5.129,-4.529,0.599,251,151,-1.766,-1.392,-0.374,5.086,3.605,0.7000000000000001,2.1,-1.4,3.66,0.061,False,True
1350,I_conflict,113.9675,43932,54603,A,A,primer-uds-north,primer-uds-north,True,4.2354,5.6519,1.4165,-4.802,-5.075,0.274,207,244,-1.257,-1.647,0.39,3.183,4.56,0.5,2.5,-2.0,2.97,0.0494,False,True
1351,I_conflict,113.9045,60774,61323,A,A,ceers-full,ceers-full,True,5.2848,7.127,1.8423,-4.075,-4.499,0.424,79,143,-2.187,-2.358,0.171,7.495,8.772,2.2,1.7000000000000002,0.5,2.82,0.0471,False,True
1352,I,113.866,39509,44531,A,A,gds,gds,True,4.2877,7.1241,2.8364,-5.284,-4.951,0.334,271,226,-1.762,-2.087,0.326,5.066,6.839,0.8,1.5,-0.7,1.46,0.0244,False,False
1353,I,113.747,43932,44681,A,A,primer-uds-north,primer-uds-north,True,4.2354,4.5812,0.3458,-4.802,-4.45,0.352,207,129,-1.257,-2.317,1.06,3.183,8.448,0.5,0.8,-0.3,1.86,0.031,False,False
1354,I,113.72550000000001,22483,29372,A,A,primer-cosmos-west,primer-cosmos-west,True,7.1355,5.3858,1.7497,-4.222,-4.978,0.756,102,230,-1.86,-1.465,-0.396,5.548,3.854,2.7,2.2,0.5,2.58,0.0431,False,False
1355,I_conflict,113.632,32986,42014,A,A,primer-uds-north,primer-uds-north,True,4.1527,4.5516,0.3988,-5.021,-5.575,0.555,236,291,-1.26,-1.78,0.52,3.192,5.153,0.0,0.3,-0.3,3.14,0.0524,False,True
1356,I_conflict,113.623,29110,61298,A,A,primer-uds-north,primer-uds-north,True,7.1288,5.2426,1.8862,-4.845,-4.394,0.451,216,124,-2.856,-2.719,-0.136,13.874,12.237,2.4000000000000004,1.6,0.8,3.67,0.0611,False,True
1357,I,113.598,23107,37557,A,A,primer-uds-south,primer-uds-south,True,4.9525,5.6557,0.7032,-5.525,-4.52,1.005,287,147,-1.812,-2.369,0.558,5.304,8.865,0.3,2.7,-2.4,2.09,0.0348,False,False
1358,I,113.38749999999999,43932,46085,A,A,primer-uds-north,primer-uds-north,True,4.2354,4.7858,0.5505,-4.802,-3.966,0.836,207,61,-1.257,-1.958,0.701,3.183,6.071,0.5,1.3,-0.8,4.08,0.068,False,False
1359,I_conflict,113.364,11967,23571,A,A,primer-cosmos-east,primer-cosmos-east,True,5.4823,4.7607,0.7216,-5.508,-5.17,0.338,286,258,-1.78,-1.232,-0.548,5.15,3.11,3.1,0.2,2.9,3.88,0.0646,False,True
1360,I,113.3575,70681,73890,A,A,ceers-full,ceers-full,True,7.9008,5.6603,2.2405,-4.347,-4.777,0.43,120,205,-2.016,-1.579,-0.437,6.406,4.282,3.8,3.0,0.8,2.14,0.0357,False,False
1361,I,113.0075,54603,55902,A,A,primer-uds-north,primer-uds-north,True,5.6519,8.6704,3.0185,-5.075,-4.714,0.361,244,195,-1.647,-1.885,0.238,4.56,5.677,2.5,2.9000000000000004,-0.4,1.93,0.0321,False,False
1362,I,112.98,21488,32880,A,A,primer-uds-south,primer-uds-south,True,5.414,4.756,0.658,-3.634,-4.821,1.187,44,211,-2.732,-2.281,-0.45,12.377,8.176,2.1,0.9,1.2,3.73,0.0622,False,False
1363,I,112.834,32402,65646,A,A,gds,gds,True,4.9424,5.6581,0.7156,-5.321,-4.686,0.635,276,189,-1.703,-2.464,0.761,4.797,9.674,3.2,-99.0,102.2,4.36,0.0726,False,False
1364,I,112.8275,24100,43932,A,A,primer-uds-north,primer-uds-north,True,4.9919,4.2354,0.7565,-4.26,-4.802,0.541,111,207,-2.062,-1.257,-0.805,6.681,3.183,1.3,0.5,0.8,3.87,0.0645,False,False
1365,I,112.77199999999999,22483,31661,A,A,primer-cosmos-west,primer-cosmos-west,True,7.1355,4.4626,2.6728,-4.222,-4.603,0.381,102,177,-1.86,-1.535,-0.325,5.548,4.111,2.7,0.5,2.2,4.23,0.0704,False,False
1366,I,112.675,28931,37557,A,A,primer-uds-south,primer-uds-south,True,7.9047,5.6557,2.249,-3.918,-4.52,0.603,57,147,-2.686,-2.369,-0.317,11.871,8.865,2.8000000000000003,2.7,0.1,2.75,0.0458,False,False
1367,I,112.5465,16152,22483,A,A,primer-cosmos-west,primer-cosmos-west,True,5.7144,7.1355,1.4211,-4.723,-4.222,0.501,199,102,-1.236,-1.86,0.624,3.122,5.548,0.0,2.7,-2.7,2.02,0.0337,False,False
1368,I,112.52300000000001,22379,25633,A,A,primer-cosmos-west,primer-cosmos-west,True,5.7349,7.0511,1.3162,-4.828,-4.166,0.661,212,98,-2.572,-3.131,0.559,10.687,17.88,0.9,3.2,-2.3,3.16,0.0527,False,False
1369,I,112.5065,42093,60774,A,A,ceers-full,ceers-full,True,6.4459,5.2848,1.1611,-3.857,-4.075,0.218,52,79,-3.058,-2.187,-0.871,16.711,7.495,1.7000000000000002,2.2,-0.5,4.42,0.0736,False,False
1370,I,112.4395,14076,40589,A,A,ceers-full,ceers-full,True,5.6614,8.0067,2.3453,-4.855,-4.478,0.377,218,140,-1.647,-2.066,0.419,4.557,6.703,1.9,3.3000000000000003,-1.4,3.49,0.0582,False,False
1371,I,112.43900000000001,15257,54143,A,A,primer-uds-north,primer-uds-north,True,6.9201,4.7315,2.1886,-4.731,-5.073,0.342,201,243,-1.774,-1.287,-0.487,5.126,3.272,1.3,0.9,0.4,4.35,0.0725,False,False
1372,I_conflict,112.387,18537,52017,A,A,gds,gds,True,4.2773,6.3311,2.0538,-4.812,-5.333,0.521,210,278,-1.41,-1.429,0.019,3.665,3.729,1.2000000000000002,-99.0,100.2,4.84,0.0806,False,True
1373,I_conflict,112.196,32237,61298,A,A,primer-uds-north,primer-uds-north,True,4.6122,5.2426,0.6304,-3.896,-4.394,0.498,55,124,-2.263,-2.719,0.456,8.04,12.237,1.2000000000000002,1.6,-0.4,3.23,0.0538,False,True
1374,I,112.019,12544,41179,A,A,ceers-full,ceers-full,True,4.5497,7.2423,2.6926,-5.01,-4.229,0.781,235,104,-1.316,-1.38,0.064,3.36,3.564,0.4,2.1,-1.7,3.52,0.0587,False,False
1375,I,111.797,16083,31668,A,A,primer-cosmos-east,primer-cosmos-east,True,4.5779,5.6077,1.0298,-4.498,-3.833,0.665,142,51,-2.059,-2.687,0.628,6.663,11.876,1.0,1.6,-0.6,4.49,0.0749,False,False
1376,I,111.747,4620,23107,A,A,primer-uds-south,primer-uds-south,True,5.7463,4.9525,0.7938,-4.133,-5.525,1.393,92,287,-2.073,-1.812,-0.261,6.748,5.304,1.3,0.3,1.0,4.71,0.0785,False,False
1377,I,111.7465,44681,68006,A,A,primer-uds-north,primer-uds-north,True,4.5812,5.1603,0.5791,-4.45,-3.797,0.652,129,47,-2.317,-3.087,0.77,8.448,17.174,0.8,1.4,-0.6,2.85,0.0476,False,False
1378,I_conflict,111.702,32928,40209,A,A,primer-cosmos-east,primer-cosmos-east,True,4.4581,5.4609,1.0028,-4.027,-4.799,0.772,71,206,-2.067,-2.237,0.17,6.712,7.851,1.7000000000000002,1.4,0.3,2.71,0.0451,False,True
1379,I_conflict,111.6055,40799,45179,A,A,primer-cosmos-east,primer-cosmos-east,True,7.6812,7.1055,0.5757,-4.551,-4.157,0.394,160,96,-2.636,-2.113,-0.523,11.337,7.004,2.6,1.9,0.7,1.42,0.0237,False,True
1380,I_conflict,111.4445,21108,43738,A,A,primer-uds-north,primer-uds-north,True,7.1364,5.0901,2.0463,-4.588,-4.063,0.525,171,78,-2.685,-2.685,-0.0,11.863,11.862,2.6,1.7000000000000002,0.9,4.28,0.0713,False,True
1381,I,111.3595,52017,66116,A,A,gds,gds,True,6.3311,6.8464,0.5153,-5.333,-4.577,0.756,278,170,-1.429,-2.148,0.719,3.729,7.23,-99.0,-99.0,0.0,2.08,0.0346,False,False
1382,I,110.9515,37878,44435,A,A,primer-uds-south,primer-uds-south,True,4.7732,5.1733,0.4001,-5.154,-4.854,0.3,255,217,-1.572,-2.591,1.019,4.253,10.873,0.8,1.1,-0.3,2.01,0.0334,False,False
1383,I,110.916,25430,30520,A,A,primer-uds-south,primer-uds-south,True,7.1282,5.3498,1.7784,-4.556,-5.029,0.473,162,237,-2.014,-1.513,-0.501,6.389,4.028,2.7,0.9,1.8,3.65,0.0609,False,False
1384,I,110.8795,26495,29568,A,A,primer-cosmos-west,primer-cosmos-west,True,5.0196,4.3603,0.6593,-4.014,-4.937,0.923,69,224,-2.764,-2.198,-0.566,12.75,7.57,1.8,0.4,1.4,1.0,0.0166,False,False
1385,I_conflict,110.87049999999999,23575,24100,A,A,primer-uds-north,primer-uds-north,True,5.6606,4.9919,0.6687,-4.518,-4.26,0.258,146,111,-2.624,-2.062,-0.562,11.212,6.681,2.0,1.3,0.7,2.08,0.0347,False,True
1386,I_conflict,110.78,21108,24081,A,A,primer-uds-north,primer-uds-north,True,7.1364,5.6564,1.48,-4.588,-4.252,0.336,171,110,-2.685,-2.416,-0.27,11.863,9.254,2.6,1.8,0.8,1.05,0.0174,False,True
1387,I,110.668,53667,67270,A,A,primer-uds-north,primer-uds-north,True,4.5639,5.6651,1.1012,-4.837,-4.106,0.73,215,84,-1.947,-2.492,0.545,6.008,9.928,0.9,1.3,-0.4,4.14,0.0691,False,False
1388,I,110.478,55902,71893,A,A,primer-uds-north,primer-uds-north,True,8.6704,6.4292,2.2412,-4.714,-5.236,0.522,195,262,-1.885,-1.562,-0.324,5.677,4.213,2.9000000000000004,1.7000000000000002,1.2,2.13,0.0356,False,False
1389,I_conflict,110.328,35111,64273,A,A,primer-uds-north,primer-uds-north,True,5.6563,7.1316,1.4752,-4.472,-4.962,0.49,138,227,-2.382,-2.553,0.17,8.971,10.497,1.9,2.0,-0.1,4.97,0.0828,False,True
1390,I,110.084,7830,29392,A,A,primer-uds-south,primer-uds-south,True,5.5454,7.471,1.9256,-4.987,-4.543,0.445,232,156,-1.802,-2.259,0.457,5.256,8.009,0.9,2.2,-1.3,3.65,0.0609,False,False
1391,I_conflict,110.0415,14076,49360,A,A,ceers-full,ceers-full,True,5.6614,4.7373,0.9241,-4.855,-4.549,0.306,218,159,-1.647,-1.207,-0.44,4.557,3.039,1.9,0.8,1.1,4.88,0.0813,False,True
1392,I,110.005,17813,31668,A,A,primer-cosmos-east,primer-cosmos-east,True,5.2267,5.6077,0.381,-5.11,-3.833,1.278,250,51,-2.268,-2.687,0.419,8.076,11.876,1.8,1.6,0.2,3.97,0.0662,False,False
1393,I,109.963,42014,57944,A,A,primer-uds-north,primer-uds-north,True,4.5516,5.2898,0.7382,-5.575,-4.472,1.103,291,137,-1.78,-2.197,0.416,5.153,7.561,0.3,1.7000000000000002,-1.4,1.67,0.0278,False,False
1394,I,109.8895,55490,57051,A,A,ceers-full,ceers-full,True,7.1493,5.6681,1.4813,-3.522,-4.281,0.759,40,113,-2.338,-1.94,-0.398,8.618,5.971,2.7,2.3000000000000003,0.4,1.61,0.0268,False,False
1395,I,109.7285,1939,10404,A,A,primer-uds-north,primer-uds-north,True,4.3621,5.656,1.2939,-4.526,-3.982,0.544,148,64,-2.601,-3.181,0.58,10.972,18.724,1.3,2.2,-0.9,3.7,0.0617,False,False
1396,I,109.718,20632,30600,A,A,ceers-full,ceers-full,True,5.6531,4.0259,1.6272,-4.107,-4.874,0.767,85,220,-2.838,-2.492,-0.346,13.655,9.925,2.0,0.6000000000000001,1.4,1.77,0.0295,False,False
1397,I,109.673,42464,48498,A,A,primer-cosmos-east,primer-cosmos-east,True,5.3675,4.4533,0.9142,-4.089,-5.641,1.552,81,293,-1.971,-1.883,-0.088,6.143,5.663,2.3000000000000003,0.9,1.4,1.92,0.0321,False,False
1398,I_conflict,109.6525,14419,32025,A,A,primer-uds-north,primer-uds-north,True,4.8168,4.0433,0.7735,-4.606,-4.381,0.225,178,122,-2.546,-2.02,-0.526,10.429,6.426,0.9,0.6000000000000001,0.3,3.65,0.0608,False,True
1399,I_conflict,109.565,44053,44681,A,A,primer-uds-north,primer-uds-north,True,5.4381,4.5812,0.857,-4.897,-4.45,0.447,222,129,-2.683,-2.317,-0.366,11.832,8.448,2.5,0.8,1.7,1.77,0.0294,False,True
1400,I,109.4375,25430,28931,A,A,primer-uds-south,primer-uds-south,True,7.1282,7.9047,0.7765,-4.556,-3.918,0.638,162,57,-2.014,-2.686,0.673,6.389,11.871,2.7,2.8000000000000003,-0.1,0.84,0.014,False,False
1401,I,109.3865,48983,63106,A,A,ceers-full,ceers-full,True,7.1368,5.6557,1.4811,-3.536,-3.95,0.414,41,60,-2.691,-2.097,-0.595,11.927,6.896,2.7,2.2,0.5,3.62,0.0603,False,False
1402,I,109.3715,29106,32986,A,A,primer-uds-north,primer-uds-north,True,5.2048,4.1527,1.0521,-4.528,-5.021,0.493,150,236,-1.936,-1.26,-0.676,5.948,3.192,1.1,0.0,1.1,4.78,0.0797,False,False
1403,I,109.31450000000001,20632,58630,A,A,ceers-full,ceers-full,True,5.6531,4.5468,1.1063,-4.107,-4.326,0.219,85,119,-2.838,-2.016,-0.823,13.655,6.401,2.0,0.9,1.1,3.52,0.0586,False,False
1404,I,109.289,8559,31645,A,A,primer-uds-north,primer-uds-north,True,7.9365,4.7559,3.1806,-4.517,-4.758,0.241,145,203,-1.912,-1.725,-0.187,5.818,4.897,3.9,0.8,3.1,3.79,0.0631,False,False
1405,I,109.2085,60446,68947,A,A,primer-uds-south,primer-uds-south,True,4.3661,5.656,1.2899,-4.53,-3.973,0.557,152,62,-2.575,-3.138,0.563,10.713,17.991,1.2000000000000002,2.2,-1.0,3.7,0.0617,False,False
1406,I_conflict,109.2075,12234,40589,A,A,ceers-full,ceers-full,True,6.1422,8.0067,1.8645,-4.0,-4.478,0.478,65,140,-2.028,-2.066,0.038,6.475,6.703,1.7000000000000002,3.3000000000000003,-1.6,2.64,0.044,False,True
1407,I,109.0835,29106,33332,A,A,primer-uds-north,primer-uds-north,True,5.2048,4.542,0.6629,-4.528,-5.076,0.548,150,246,-1.936,-1.182,-0.754,5.948,2.971,1.1,0.8,0.3,4.4,0.0733,False,False
1408,I_conflict,109.06299999999999,36872,52581,A,A,primer-uds-south,primer-uds-south,True,7.1351,6.167,0.9682,-4.47,-4.052,0.418,136,74,-2.842,-2.502,-0.34,13.703,10.017,2.4000000000000004,1.3,1.1,1.69,0.0282,False,True
1409,I,108.9915,44435,45383,A,A,primer-uds-south,primer-uds-south,True,5.1733,4.8552,0.3181,-4.854,-5.144,0.289,217,253,-2.591,-1.58,-1.011,10.873,4.285,1.1,0.9,0.2,1.58,0.0263,False,False
1410,I,108.90549999999999,19946,23571,A,A,primer-cosmos-east,primer-cosmos-east,True,5.9744,4.7607,1.2137,-4.715,-5.17,0.455,196,258,-1.873,-1.232,-0.641,5.613,3.11,1.0,0.2,0.8,1.0,0.0167,False,False
1411,I,108.8435,9246,55490,A,A,ceers-full,ceers-full,True,4.6044,7.1493,2.5449,-4.241,-3.522,0.719,107,40,-2.256,-2.338,0.082,7.989,8.618,1.0,2.7,-1.7,3.95,0.0659,False,False
1412,I_conflict,108.741,1381,44681,A,A,primer-uds-north,primer-uds-north,True,5.6626,4.5812,1.0814,-5.288,-4.45,0.839,274,129,-2.364,-2.317,-0.047,8.826,8.448,3.1,0.8,2.3,4.68,0.078,False,True
1413,I,108.74000000000001,30073,33230,A,A,primer-cosmos-west,primer-cosmos-west,True,6.0041,4.7522,1.252,-4.712,-5.169,0.457,194,257,-1.84,-1.215,-0.625,5.445,3.062,1.0,0.2,0.8,1.0,0.0167,False,False
1414,I_conflict,108.4195,43505,46914,A,A,primer-cosmos-west,primer-cosmos-west,True,4.6755,5.6548,0.9793,-4.762,-4.978,0.216,204,231,-2.043,-2.488,0.445,6.564,9.891,0.8,2.0,-1.2,1.39,0.0232,False,True
1415,I,108.409,52141,54143,A,A,primer-uds-north,primer-uds-north,True,7.1301,4.7315,2.3986,-4.607,-5.073,0.466,179,243,-1.557,-1.287,-0.269,4.194,3.272,3.0,0.9,2.1,1.21,0.0201,False,False
1416,I_conflict,108.38300000000001,23575,29110,A,A,primer-uds-north,primer-uds-north,True,5.6606,7.1288,1.4682,-4.518,-4.845,0.327,146,216,-2.624,-2.856,0.231,11.212,13.874,2.0,2.4000000000000004,-0.4,1.23,0.0204,False,True
1417,I,108.098,15233,22702,A,A,primer-cosmos-west,primer-cosmos-west,True,4.986,5.4312,0.4452,-4.455,-3.806,0.649,131,48,-2.324,-3.062,0.739,8.501,16.784,0.8,2.2,-1.4,2.19,0.0365,False,False
1418,I,108.074,32402,44531,A,A,gds,gds,True,4.9424,7.1241,2.1816,-5.321,-4.951,0.37,276,226,-1.703,-2.087,0.385,4.797,6.839,3.2,1.5,1.7,4.12,0.0687,False,False
1419,I,108.05799999999999,10404,14419,A,A,primer-uds-north,primer-uds-north,True,5.656,4.8168,0.8392,-3.982,-4.606,0.624,64,178,-3.181,-2.546,-0.635,18.724,10.429,2.2,0.9,1.3,3.83,0.0639,False,False
1420,I,108.011,11219,32025,A,A,primer-uds-north,primer-uds-north,True,5.4287,4.0433,1.3854,-3.83,-4.381,0.551,49,122,-2.534,-2.02,-0.514,10.317,6.426,2.7,0.6000000000000001,2.1,2.42,0.0403,False,False
1421,I,107.74549999999999,2480,9791,A,A,primer-uds-south,primer-uds-south,True,4.6841,5.0278,0.3437,-5.342,-4.829,0.513,279,213,-1.469,-2.313,0.844,3.87,8.422,0.5,1.2000000000000002,-0.7,1.6,0.0267,False,False
1422,I,107.7085,30520,37557,A,A,primer-uds-south,primer-uds-south,True,5.3498,5.6557,0.3059,-5.029,-4.52,0.509,237,147,-1.513,-2.369,0.857,4.028,8.865,0.9,2.7,-1.8,1.89,0.0316,False,False
1423,I_conflict,107.5805,15393,23571,A,A,primer-cosmos-east,primer-cosmos-east,True,5.6895,4.7607,0.9287,-5.55,-5.17,0.38,290,258,-1.577,-1.232,-0.345,4.274,3.11,1.4,0.2,1.2,3.13,0.0522,False,True
1424,I_conflict,107.57249999999999,30520,45637,A,A,primer-uds-south,primer-uds-south,True,5.3498,4.5363,0.8135,-5.029,-4.45,0.579,237,130,-1.513,-1.252,-0.26,4.028,3.169,0.9,1.2000000000000002,-0.3,3.31,0.0551,False,True
1425,I_conflict,107.477,32535,36162,A,A,primer-cosmos-west,primer-cosmos-west,True,5.7492,6.411,0.6618,-4.325,-4.715,0.39,118,197,-1.188,-1.605,0.417,2.987,4.385,0.6000000000000001,0.5,0.1,3.6,0.0601,False,True
1426,I,107.3995,16408,20187,A,A,primer-cosmos-east,primer-cosmos-east,True,4.5749,6.6082,2.0333,-4.505,-4.12,0.385,144,88,-1.996,-2.403,0.407,6.287,9.146,1.1,2.4000000000000004,-1.3,1.25,0.0209,False,False
1427,I,107.195,15257,19416,A,A,primer-uds-north,primer-uds-north,True,6.9201,5.4332,1.487,-4.731,-5.405,0.673,201,285,-1.774,-1.38,-0.394,5.126,3.565,1.3,1.9,-0.6,1.78,0.0296,False,False
1428,I,106.9575,12234,48983,A,A,ceers-full,ceers-full,True,6.1422,7.1368,0.9945,-4.0,-3.536,0.463,65,41,-2.028,-2.691,0.663,6.475,11.927,1.7000000000000002,2.7,-1.0,4.16,0.0694,False,False
1429,I_conflict,106.95349999999999,45383,45637,A,A,primer-uds-south,primer-uds-south,True,4.8552,4.5363,0.3189,-5.144,-4.45,0.694,253,130,-1.58,-1.252,-0.327,4.285,3.169,0.9,1.2000000000000002,-0.3,0.03,0.0005,False,True
1430,I_conflict,106.557,16408,17813,A,A,primer-cosmos-east,primer-cosmos-east,True,4.5749,5.2267,0.6518,-4.505,-5.11,0.606,144,250,-1.996,-2.268,0.272,6.287,8.076,1.1,1.8,-0.7,0.47,0.0079,False,True
1431,I,106.0955,45179,52124,A,A,primer-cosmos-east,primer-cosmos-east,True,7.1055,4.8338,2.2717,-4.157,-4.691,0.534,96,190,-2.113,-1.893,-0.22,7.004,5.717,1.9,1.2000000000000002,0.7,3.5,0.0584,False,False
1432,I_conflict,106.07350000000001,2981,18537,A,A,gds,gds,True,4.8122,4.2773,0.5349,-5.367,-4.812,0.555,283,210,-1.738,-1.41,-0.328,4.956,3.665,2.2,1.2000000000000002,1.0,2.43,0.0406,False,True
1433,I,106.07,11501,21488,A,A,primer-uds-south,primer-uds-south,True,4.68,5.414,0.734,-3.982,-3.634,0.347,63,44,-1.939,-2.732,0.793,5.965,12.377,2.0,2.1,-0.1,2.08,0.0347,False,False
1434,I,105.884,42093,68816,A,A,ceers-full,ceers-full,True,6.4459,4.5323,1.9136,-3.857,-4.383,0.526,52,123,-3.058,-2.73,-0.328,16.711,12.354,1.7000000000000002,0.7000000000000001,1.0,4.59,0.0764,False,False
1435,I,105.69300000000001,40209,40799,A,A,primer-cosmos-east,primer-cosmos-east,True,5.4609,7.6812,2.2202,-4.799,-4.551,0.248,206,160,-2.237,-2.636,0.399,7.851,11.337,1.4,2.6,-1.2,1.15,0.0192,False,False
1436,I_conflict,105.613,40209,51514,A,A,primer-cosmos-east,primer-cosmos-east,True,5.4609,4.4367,1.0242,-4.799,-4.118,0.68,206,87,-2.237,-2.14,-0.097,7.851,7.18,1.4,1.9,-0.5,4.42,0.0736,False,True
1437,I,105.505,31770,32928,A,A,primer-cosmos-east,primer-cosmos-east,True,5.7791,4.4581,1.321,-3.574,-4.027,0.453,42,71,-2.609,-2.067,-0.542,11.061,6.712,1.9,1.7000000000000002,0.2,1.91,0.0318,False,False
1438,I,105.4175,3992,29106,A,A,primer-uds-north,primer-uds-north,True,5.6593,5.2048,0.4545,-4.053,-4.528,0.475,75,150,-2.723,-1.936,-0.787,12.278,5.948,1.6,1.1,0.5,3.44,0.0573,False,False
1439,I_conflict,105.392,28748,36985,A,A,ceers-full,ceers-full,True,4.753,5.6537,0.9008,-3.889,-4.161,0.271,54,97,-2.524,-2.899,0.375,10.224,14.441,1.3,2.0,-0.7,4.72,0.0786,False,True
1440,I,105.2605,31581,43738,A,A,primer-uds-north,primer-uds-north,True,4.1634,5.0901,0.9267,-5.06,-4.063,0.997,240,78,-2.356,-2.685,0.329,8.757,11.862,0.0,1.7000000000000002,-1.7,3.45,0.0575,False,False
1441,I,105.17999999999999,32986,62716,A,A,primer-uds-north,primer-uds-north,True,4.1527,5.3867,1.234,-5.021,-4.396,0.624,236,125,-1.26,-1.719,0.459,3.192,4.871,0.0,1.2000000000000002,-1.2,3.05,0.0508,False,False
1442,I,105.123,31770,40209,A,A,primer-cosmos-east,primer-cosmos-east,True,5.7791,5.4609,0.3182,-3.574,-4.799,1.225,42,206,-2.609,-2.237,-0.372,11.061,7.851,1.9,1.4,0.5,2.28,0.038,False,False
1443,I,104.92200000000001,33332,62716,A,A,primer-uds-north,primer-uds-north,True,4.542,5.3867,0.8448,-5.076,-4.396,0.68,246,125,-1.182,-1.719,0.537,2.971,4.871,0.8,1.2000000000000002,-0.4,2.93,0.0489,False,False
1444,I_conflict,104.8465,18537,32402,A,A,gds,gds,True,4.2773,4.9424,0.6651,-4.812,-5.321,0.509,210,276,-1.41,-1.703,0.292,3.665,4.797,1.2000000000000002,3.2,-2.0,2.82,0.047,False,True
1445,I,104.833,1381,29110,A,A,primer-uds-north,primer-uds-north,True,5.6626,7.1288,1.4662,-5.288,-4.845,0.443,274,216,-2.364,-2.856,0.491,8.826,13.874,3.1,2.4000000000000004,0.7,3.14,0.0524,False,False
1446,I,104.81649999999999,16408,16563,A,A,primer-cosmos-east,primer-cosmos-east,True,4.5749,5.022,0.4471,-4.505,-4.017,0.487,144,70,-1.996,-2.766,0.77,6.287,12.775,1.1,1.8,-0.7,2.19,0.0364,False,False
1447,I_conflict,104.7895,48927,69936,A,A,primer-uds-north,primer-uds-north,True,7.9073,7.034,0.8733,-5.073,-4.529,0.543,242,151,-1.601,-1.392,-0.208,4.368,3.605,2.8000000000000003,2.1,0.7,2.52,0.042,False,True
1448,I_conflict,104.7285,36872,62395,A,A,primer-uds-south,primer-uds-south,True,7.1351,5.6592,1.4759,-4.47,-4.057,0.413,136,76,-2.842,-2.738,-0.104,13.703,12.456,2.4000000000000004,1.6,0.8,3.71,0.0618,False,True
1449,I,104.6095,44053,71037,A,A,primer-uds-north,primer-uds-north,True,5.4381,6.8495,1.4113,-4.897,-4.008,0.888,222,68,-2.683,-2.919,0.236,11.832,14.703,2.5,1.4,1.1,2.95,0.0492,False,False
1450,I_conflict,104.54849999999999,24464,71321,A,A,ceers-full,ceers-full,True,5.6554,7.1293,1.4739,-4.238,-4.476,0.238,106,139,-2.141,-2.347,0.206,7.184,8.687,2.7,1.9,0.8,4.46,0.0743,False,True
1451,I_conflict,104.425,18804,35111,A,A,primer-uds-north,primer-uds-north,True,4.3173,5.6563,1.339,-4.229,-4.472,0.243,103,138,-2.141,-2.382,0.241,7.184,8.971,1.5,1.9,-0.4,4.35,0.0725,False,True
1452,I,104.348,32880,62395,A,A,primer-uds-south,primer-uds-south,True,4.756,5.6592,0.9032,-4.821,-4.057,0.765,211,76,-2.281,-2.738,0.457,8.176,12.456,0.9,1.6,-0.7,3.85,0.0641,False,False
1453,I,104.291,9791,37751,A,A,primer-uds-south,primer-uds-south,True,5.0278,5.3592,0.3314,-4.829,-3.945,0.884,213,59,-2.313,-2.87,0.556,8.422,14.058,1.2000000000000002,2.1,-0.9,2.95,0.0492,False,False
1454,I_conflict,104.285,49360,73890,A,A,ceers-full,ceers-full,True,4.7373,5.6603,0.923,-4.549,-4.777,0.228,159,205,-1.207,-1.579,0.372,3.039,4.282,0.8,3.0,-2.2,2.49,0.0415,False,True
1455,I_conflict,104.114,50560,55716,A,A,primer-cosmos-west,primer-cosmos-west,True,5.1459,4.4383,0.7076,-4.83,-4.12,0.71,214,89,-2.279,-2.136,-0.144,8.162,7.15,0.4,1.9,-1.5,3.04,0.0507,False,True
1456,I_conflict,104.1045,47824,51855,A,A,primer-cosmos-east,primer-cosmos-east,True,5.6555,4.6512,1.0043,-4.561,-4.198,0.363,166,101,-1.742,-1.48,-0.263,4.977,3.907,2.7,0.7000000000000001,2.0,2.96,0.0494,False,True
1457,I_conflict,104.05250000000001,14419,18804,A,A,primer-uds-north,primer-uds-north,True,4.8168,4.3173,0.4995,-4.606,-4.229,0.377,178,103,-2.546,-2.141,-0.405,10.429,7.184,0.9,1.5,-0.6,2.18,0.0363,False,True
1458,I,103.9945,16083,20187,A,A,primer-cosmos-east,primer-cosmos-east,True,4.5779,6.6082,2.0303,-4.498,-4.12,0.378,142,88,-2.059,-2.403,0.344,6.663,9.146,1.0,2.4000000000000004,-1.4,1.46,0.0244,False,False
1459,I,103.98599999999999,44435,50716,A,A,primer-uds-south,primer-uds-south,True,5.1733,7.8636,2.6904,-4.854,-4.548,0.306,217,157,-2.591,-2.779,0.189,10.873,12.935,1.1,2.7,-1.6,3.49,0.0581,False,False
1460,I,103.939,14086,17813,A,A,primer-cosmos-east,primer-cosmos-east,True,7.1273,5.2267,1.9006,-4.704,-5.11,0.406,192,250,-2.633,-2.268,-0.365,11.302,8.076,1.9,1.8,0.1,1.25,0.0209,False,False
1461,I,103.7855,14076,59162,A,A,ceers-full,ceers-full,True,5.6614,7.8411,2.1797,-4.855,-4.082,0.773,218,80,-1.647,-1.705,0.058,4.557,4.808,1.9,3.9,-2.0,4.68,0.078,False,False
1462,I,103.65199999999999,49360,57051,A,A,ceers-full,ceers-full,True,4.7373,5.6681,0.9308,-4.549,-4.281,0.268,159,113,-1.207,-1.94,0.733,3.039,5.971,0.8,2.3000000000000003,-1.5,4.8,0.0799,False,False
1463,I_conflict,103.572,16083,17813,A,A,primer-cosmos-east,primer-cosmos-east,True,4.5779,5.2267,0.6488,-4.498,-5.11,0.613,142,250,-2.059,-2.268,0.209,6.663,8.076,1.0,1.8,-0.8,0.56,0.0093,False,True
1464,I_conflict,103.54849999999999,22702,25633,A,A,primer-cosmos-west,primer-cosmos-west,True,5.4312,7.0511,1.6199,-3.806,-4.166,0.36,48,98,-3.062,-3.131,0.069,16.784,17.88,2.2,3.2,-1.0,3.78,0.063,False,True
1465,I,103.518,32986,57469,A,A,primer-uds-north,primer-uds-north,True,4.1527,5.668,1.5152,-5.021,-4.467,0.553,236,135,-1.26,-1.644,0.384,3.192,4.547,0.0,3.1,-3.1,2.64,0.0441,False,False
1466,I,103.4905,32025,43738,A,A,primer-uds-north,primer-uds-north,True,4.0433,5.0901,1.0467,-4.381,-4.063,0.318,122,78,-2.02,-2.685,0.665,6.426,11.862,0.6000000000000001,1.7000000000000002,-1.1,2.01,0.0335,False,False
1467,I,103.25999999999999,33332,57469,A,A,primer-uds-north,primer-uds-north,True,4.542,5.668,1.126,-5.076,-4.467,0.609,246,135,-1.182,-1.644,0.462,2.971,4.547,0.8,3.1,-2.3,2.8,0.0467,False,False
1468,I_conflict,103.199,14487,26971,A,A,primer-cosmos-east,primer-cosmos-east,True,7.1693,6.4067,0.7626,-5.535,-4.718,0.817,288,198,-1.641,-1.596,-0.045,4.531,4.347,2.0,0.5,1.5,3.67,0.0612,False,True
1469,I,103.1935,19416,52141,A,A,primer-uds-north,primer-uds-north,True,5.4332,7.1301,1.6969,-5.405,-4.607,0.798,285,179,-1.38,-1.557,0.176,3.565,4.194,1.9,3.0,-1.1,3.27,0.0545,False,False
1470,I,103.124,40209,48498,A,A,primer-cosmos-east,primer-cosmos-east,True,5.4609,4.4533,1.0076,-4.799,-5.641,0.842,206,293,-2.237,-1.883,-0.355,7.851,5.663,1.4,0.9,0.5,2.57,0.0428,False,False
1471,I,103.00200000000001,33230,36162,A,A,primer-cosmos-west,primer-cosmos-west,True,4.7522,6.411,1.6588,-5.169,-4.715,0.454,257,197,-1.215,-1.605,0.39,3.062,4.385,0.2,0.5,-0.3,0.84,0.0141,False,False
1472,I_conflict,103.0005,47165,54067,A,A,primer-cosmos-west,primer-cosmos-west,True,5.2338,5.6564,0.4227,-4.313,-5.239,0.927,117,263,-1.957,-2.033,0.077,6.063,6.506,2.3000000000000003,0.5,1.8,3.68,0.0613,False,True
1473,I_conflict,102.932,41179,47021,A,A,ceers-full,ceers-full,True,7.2423,8.0231,0.7808,-4.229,-5.003,0.774,104,234,-1.38,-1.44,0.06,3.564,3.767,2.1,0.9,1.2,1.15,0.0191,False,True
1474,I,102.54899999999999,29421,63106,A,A,ceers-full,ceers-full,True,4.7851,5.6557,0.8706,-4.558,-3.95,0.608,164,60,-1.572,-2.097,0.525,4.254,6.896,1.4,2.2,-0.8,3.52,0.0587,False,False
1475,I,102.3605,37878,48982,A,A,primer-uds-south,primer-uds-south,True,4.7732,5.3879,0.6147,-5.154,-4.536,0.618,255,154,-1.572,-2.164,0.592,4.253,7.339,0.8,2.0,-1.2,4.39,0.0732,False,False
1476,I,102.214,29372,44446,A,A,primer-cosmos-west,primer-cosmos-west,True,5.3858,7.1315,1.7456,-4.978,-4.731,0.246,230,202,-1.465,-1.938,0.473,3.854,5.959,2.2,2.8000000000000003,-0.6,4.94,0.0824,False,False
1477,I,102.2025,17813,20187,A,A,primer-cosmos-east,primer-cosmos-east,True,5.2267,6.6082,1.3815,-5.11,-4.12,0.991,250,88,-2.268,-2.403,0.135,8.076,9.146,1.8,2.4000000000000004,-0.6,0.92,0.0153,False,False
1478,I_conflict,101.8855,17986,48982,A,A,primer-uds-south,primer-uds-south,True,4.9401,5.3879,0.4477,-3.587,-4.536,0.949,43,154,-2.13,-2.164,0.034,7.113,7.339,0.9,2.0,-1.1,3.89,0.0649,False,True
1479,I_conflict,101.838,14086,20187,A,A,primer-cosmos-east,primer-cosmos-east,True,7.1273,6.6082,0.5192,-4.704,-4.12,0.585,192,88,-2.633,-2.403,-0.23,11.302,9.146,1.9,2.4000000000000004,-0.5,2.14,0.0357,False,True
1480,I_conflict,101.726,19416,32986,A,A,primer-uds-north,primer-uds-north,True,5.4332,4.1527,1.2804,-5.405,-5.021,0.384,285,236,-1.38,-1.26,-0.12,3.565,3.192,1.9,0.0,1.9,3.25,0.0542,False,True
1481,I,101.7125,29106,43932,A,A,primer-uds-north,primer-uds-north,True,5.2048,4.2354,0.9695,-4.528,-4.802,0.274,150,207,-1.936,-1.257,-0.679,5.948,3.183,1.1,0.5,0.6,3.57,0.0595,False,False
1482,I,101.528,40642,47824,A,A,primer-cosmos-east,primer-cosmos-east,True,4.6343,5.6555,1.0212,-4.888,-4.561,0.327,221,166,-1.114,-1.742,0.628,2.791,4.977,0.8,2.7,-1.9,3.61,0.0602,False,False
1483,I,101.4485,23571,26971,A,A,primer-cosmos-east,primer-cosmos-east,True,4.7607,6.4067,1.6459,-5.17,-4.718,0.452,258,198,-1.232,-1.596,0.364,3.11,4.347,0.2,0.5,-0.3,0.84,0.0141,False,False
1484,I_conflict,101.4455,21620,22483,A,A,primer-cosmos-west,primer-cosmos-west,True,8.0871,7.1355,0.9517,-4.626,-4.222,0.404,182,102,-2.061,-1.86,-0.201,6.675,5.548,3.7,2.7,1.0,2.69,0.0448,False,True
1485,I,101.44149999999999,16083,16563,A,A,primer-cosmos-east,primer-cosmos-east,True,4.5779,5.022,0.4441,-4.498,-4.017,0.481,142,70,-2.059,-2.766,0.707,6.663,12.775,1.0,1.8,-0.8,1.87,0.0312,False,False
1486,I,101.3935,7830,22358,A,A,primer-uds-south,primer-uds-south,True,5.5454,4.6765,0.8689,-4.987,-5.19,0.202,232,259,-1.802,-1.055,-0.746,5.256,2.643,0.9,0.0,0.9,3.88,0.0647,False,False
1487,I,101.2535,44531,52017,A,A,gds,gds,True,7.1241,6.3311,0.7929,-4.951,-5.333,0.382,226,278,-2.087,-1.429,-0.658,6.839,3.729,1.5,-99.0,100.5,4.31,0.0719,False,False
1488,I,101.078,45179,48540,A,A,primer-cosmos-east,primer-cosmos-east,True,7.1055,5.6562,1.4492,-4.157,-5.23,1.073,96,260,-2.113,-2.07,-0.043,7.004,6.732,1.9,0.4,1.5,2.64,0.044,False,False
1489,I,100.8235,41179,49360,A,A,ceers-full,ceers-full,True,7.2423,4.7373,2.5049,-4.229,-4.549,0.32,104,159,-1.38,-1.207,-0.173,3.564,3.039,2.1,0.8,1.3,3.61,0.0601,False,False
1490,I_conflict,100.713,20632,28748,A,A,ceers-full,ceers-full,True,5.6531,4.753,0.9002,-4.107,-3.889,0.217,85,54,-2.838,-2.524,-0.314,13.655,10.224,2.0,1.3,0.7,2.46,0.041,False,True
1491,I,100.5635,21037,25633,A,A,primer-cosmos-west,primer-cosmos-west,True,4.4761,7.0511,2.5749,-4.619,-4.166,0.453,181,98,-3.064,-3.131,0.067,16.813,17.88,0.7000000000000001,3.2,-2.5,3.2,0.0533,False,False
1492,I,100.4005,45383,48982,A,A,primer-uds-south,primer-uds-south,True,4.8552,5.3879,0.5327,-5.144,-4.536,0.607,253,154,-1.58,-2.164,0.584,4.285,7.339,0.9,2.0,-1.1,0.86,0.0144,False,False
1493,I,100.315,32880,52581,A,A,primer-uds-south,primer-uds-south,True,4.756,6.167,1.411,-4.821,-4.052,0.77,211,74,-2.281,-2.502,0.221,8.176,10.017,0.9,1.3,-0.4,4.83,0.0805,False,False
1494,I,100.016,27765,31770,A,A,primer-cosmos-east,primer-cosmos-east,True,5.1726,5.7791,0.6064,-4.457,-3.574,0.884,133,42,-2.222,-2.609,0.388,7.74,11.061,2.2,1.9,0.3,1.53,0.0255,False,False
1495,I_conflict,99.8735,15233,22379,A,A,primer-cosmos-west,primer-cosmos-west,True,4.986,5.7349,0.7489,-4.455,-4.828,0.373,131,212,-2.324,-2.572,0.249,8.501,10.687,0.8,0.9,-0.1,2.25,0.0375,False,True
1496,I,99.697,28748,48983,A,A,ceers-full,ceers-full,True,4.753,7.1368,2.3838,-3.889,-3.536,0.353,54,41,-2.524,-2.691,0.167,10.224,11.927,1.3,2.7,-1.4,2.06,0.0343,False,False
1497,I,99.318,31581,61298,A,A,primer-uds-north,primer-uds-north,True,4.1634,5.2426,1.0792,-5.06,-4.394,0.666,240,124,-2.356,-2.719,0.363,8.757,12.237,0.0,1.6,-1.6,3.26,0.0543,False,False
1498,I,99.291,12544,59626,A,A,ceers-full,ceers-full,True,4.5497,6.3671,1.8174,-5.01,-4.189,0.821,235,100,-1.316,-1.364,0.048,3.36,3.511,0.4,0.9,-0.5,4.93,0.0821,False,False
1499,I_conflict,98.993,24081,32237,A,A,primer-uds-north,primer-uds-north,True,5.6564,4.6122,1.0442,-4.252,-3.896,0.356,110,55,-2.416,-2.263,-0.153,9.254,8.04,1.8,1.2000000000000002,0.6,4.48,0.0747,False,True
1500,I,98.8855,19946,20187,A,A,primer-cosmos-east,primer-cosmos-east,True,5.9744,6.6082,0.6337,-4.715,-4.12,0.596,196,88,-1.873,-2.403,0.53,5.613,9.146,1.0,2.4000000000000004,-1.4,1.66,0.0276,False,False
1501,I,98.84949999999999,23107,48982,A,A,primer-uds-south,primer-uds-south,True,4.9525,5.3879,0.4353,-5.525,-4.536,0.989,287,154,-1.812,-2.164,0.353,5.304,7.339,0.3,2.0,-1.7,4.72,0.0787,False,False
1502,I_conflict,98.799,18537,29303,A,A,gds,gds,True,4.2773,5.986,1.7086,-4.812,-5.076,0.264,210,245,-1.41,-1.415,0.005,3.665,3.681,1.2000000000000002,2.0,-0.8,1.4,0.0234,False,True
1503,I,98.604,31770,42464,A,A,primer-cosmos-east,primer-cosmos-east,True,5.7791,5.3675,0.4116,-3.574,-4.089,0.516,42,81,-2.609,-1.971,-0.639,11.061,6.143,1.9,2.3000000000000003,-0.4,3.0,0.0499,False,False
1504,I,98.527,36872,44435,A,A,primer-uds-south,primer-uds-south,True,7.1351,5.1733,1.9618,-4.47,-4.854,0.385,136,217,-2.842,-2.591,-0.251,13.703,10.873,2.4000000000000004,1.1,1.3,2.33,0.0389,False,False
1505,I_conflict,98.203,15257,57469,A,A,primer-uds-north,primer-uds-north,True,6.9201,5.668,1.2522,-4.731,-4.467,0.264,201,135,-1.774,-1.644,-0.13,5.126,4.547,1.3,3.1,-1.8,4.18,0.0696,False,True
1506,I_conflict,98.108,19416,33332,A,A,primer-uds-north,primer-uds-north,True,5.4332,4.542,0.8912,-5.405,-5.076,0.328,285,246,-1.38,-1.182,-0.198,3.565,2.971,1.9,0.8,1.1,3.61,0.0602,False,True
1507,I,97.952,67270,70813,A,A,primer-uds-north,primer-uds-north,True,5.6651,4.7063,0.9588,-4.106,-4.49,0.384,84,141,-2.492,-1.951,-0.541,9.928,6.032,1.3,0.7000000000000001,0.6,0.85,0.0142,False,False
1508,I,97.7655,29421,60774,A,A,ceers-full,ceers-full,True,4.7851,5.2848,0.4997,-4.558,-4.075,0.484,164,79,-1.572,-2.187,0.615,4.254,7.495,1.4,2.2,-0.8,3.58,0.0597,False,False
1509,I,97.5195,43932,62716,A,A,primer-uds-north,primer-uds-north,True,4.2354,5.3867,1.1513,-4.802,-4.396,0.405,207,125,-1.257,-1.719,0.462,3.183,4.871,0.5,1.2000000000000002,-0.7,1.99,0.0332,False,False
1510,I,97.50200000000001,19354,48983,A,A,ceers-full,ceers-full,True,5.4279,7.1368,1.7088,-4.295,-3.536,0.759,115,41,-2.609,-2.691,0.082,11.057,11.927,1.6,2.7,-1.1,3.88,0.0647,False,False
1511,I,97.42,45179,47824,A,A,primer-cosmos-east,primer-cosmos-east,True,7.1055,5.6555,1.45,-4.157,-4.561,0.404,96,166,-2.113,-1.742,-0.371,7.004,4.977,1.9,2.7,-0.8,1.81,0.0301,False,False
1512,I,97.159,55490,60774,A,A,ceers-full,ceers-full,True,7.1493,5.2848,1.8646,-3.522,-4.075,0.553,40,79,-2.338,-2.187,-0.152,8.618,7.495,2.7,2.2,0.5,2.83,0.0471,False,False
1513,I,97.11800000000001,23575,31581,A,A,primer-uds-north,primer-uds-north,True,5.6606,4.1634,1.4972,-4.518,-5.06,0.542,146,240,-2.624,-2.356,-0.268,11.212,8.757,2.0,0.0,2.0,2.44,0.0407,False,False
1514,I,96.9235,36162,50300,A,A,primer-cosmos-west,primer-cosmos-west,True,6.411,5.6961,0.7149,-4.715,-5.795,1.08,197,296,-1.605,-1.429,-0.176,4.385,3.728,0.5,0.5,0.0,4.67,0.0778,False,False
1515,I,96.912,12234,14076,A,A,ceers-full,ceers-full,True,6.1422,5.6614,0.4808,-4.0,-4.855,0.855,65,218,-2.028,-1.647,-0.381,6.475,4.557,1.7000000000000002,1.9,-0.2,1.48,0.0247,False,False
1516,I,96.738,54143,62716,A,A,primer-uds-north,primer-uds-north,True,4.7315,5.3867,0.6552,-5.073,-4.396,0.677,243,125,-1.287,-1.719,0.432,3.272,4.871,0.9,1.2000000000000002,-0.3,4.29,0.0714,False,False
1517,I,96.557,52581,59880,A,A,primer-uds-south,primer-uds-south,True,6.167,5.6631,0.5038,-4.052,-5.281,1.23,74,270,-2.502,-2.36,-0.142,10.017,8.792,1.3,3.2,-1.9,2.29,0.0382,False,False
1518,I_conflict,96.39750000000001,27765,32928,A,A,primer-cosmos-east,primer-cosmos-east,True,5.1726,4.4581,0.7145,-4.457,-4.027,0.431,133,71,-2.222,-2.067,-0.155,7.74,6.712,2.2,1.7000000000000002,0.5,1.67,0.0279,False,True
1519,I,96.3075,21620,30145,A,A,primer-cosmos-west,primer-cosmos-west,True,8.0871,5.6646,2.4225,-4.626,-5.1,0.474,182,249,-2.061,-2.046,-0.015,6.675,6.58,3.7,2.0,1.7,2.84,0.0473,False,False
1520,I,95.85900000000001,43932,57469,A,A,primer-uds-north,primer-uds-north,True,4.2354,5.668,1.4326,-4.802,-4.467,0.334,207,135,-1.257,-1.644,0.387,3.183,4.547,0.5,3.1,-2.6,2.94,0.049,False,False
1521,I,95.81,19354,42093,A,A,ceers-full,ceers-full,True,5.4279,6.4459,1.018,-4.295,-3.857,0.438,115,52,-2.609,-3.058,0.448,11.057,16.711,1.6,1.7000000000000002,-0.1,2.59,0.0432,False,False
1522,I,95.61699999999999,13736,48983,A,A,ceers-full,ceers-full,True,5.357,7.1368,1.7798,-4.06,-3.536,0.524,77,41,-2.527,-2.691,0.164,10.254,11.927,1.4,2.7,-1.3,3.08,0.0513,False,False
1523,I,95.4485,21488,60446,A,A,primer-uds-south,primer-uds-south,True,5.414,4.3661,1.0479,-3.634,-4.53,0.896,44,152,-2.732,-2.575,-0.157,12.377,10.713,2.1,1.2000000000000002,0.9,4.18,0.0696,False,False
1524,I_conflict,95.3485,10696,16083,A,A,primer-cosmos-east,primer-cosmos-east,True,5.6678,4.5779,1.0899,-4.703,-4.498,0.205,191,142,-2.216,-2.059,-0.157,7.701,6.663,1.2000000000000002,1.0,0.2,2.13,0.0355,False,True
1525,I,95.0775,54143,57469,A,A,primer-uds-north,primer-uds-north,True,4.7315,5.668,0.9365,-5.073,-4.467,0.606,243,135,-1.287,-1.644,0.357,3.272,4.547,0.9,3.1,-2.2,2.22,0.0371,False,False
1526,I,94.87700000000001,26971,43445,A,A,primer-cosmos-east,primer-cosmos-east,True,6.4067,5.6969,0.7098,-4.718,-5.795,1.076,198,295,-1.596,-1.457,-0.139,4.347,3.826,0.5,0.5,0.0,4.67,0.0778,False,False
1527,I,94.635,24081,31581,A,A,primer-uds-north,primer-uds-north,True,5.6564,4.1634,1.493,-4.252,-5.06,0.808,110,240,-2.416,-2.356,-0.06,9.254,8.757,1.8,0.0,1.8,1.61,0.0268,False,False
1528,I,94.086,35111,53667,A,A,primer-uds-north,primer-uds-north,True,5.6563,4.5639,1.0924,-4.472,-4.837,0.365,138,215,-2.382,-1.947,-0.435,8.971,6.008,1.9,0.9,1.0,2.49,0.0415,False,False
1529,I,94.008,29106,42014,A,A,primer-uds-north,primer-uds-north,True,5.2048,4.5516,0.6532,-4.528,-5.575,1.047,150,291,-1.936,-1.78,-0.156,5.948,5.153,1.1,0.3,0.8,2.12,0.0353,False,False
1530,I,93.95349999999999,13736,42093,A,A,ceers-full,ceers-full,True,5.357,6.4459,1.0889,-4.06,-3.857,0.204,77,52,-2.527,-3.058,0.53,10.254,16.711,1.4,1.7000000000000002,-0.3,2.59,0.0431,False,False
1531,I,93.495,27765,31668,A,A,primer-cosmos-east,primer-cosmos-east,True,5.1726,5.6077,0.435,-4.457,-3.833,0.624,133,51,-2.222,-2.687,0.465,7.74,11.876,2.2,1.6,0.6,1.5,0.0251,False,False
1532,I,93.3155,31319,33230,A,A,primer-cosmos-west,primer-cosmos-west,True,6.3339,4.7522,1.5817,-4.541,-5.169,0.628,155,257,-1.33,-1.215,-0.115,3.404,3.062,2.8000000000000003,0.2,2.6,4.47,0.0745,False,False
1533,I,93.094,22483,31319,A,A,primer-cosmos-west,primer-cosmos-west,True,7.1355,6.3339,0.8016,-4.222,-4.541,0.319,102,155,-1.86,-1.33,-0.53,5.548,3.404,2.7,2.8000000000000003,-0.1,4.34,0.0724,False,False
1534,I,92.3455,55490,63106,A,A,ceers-full,ceers-full,True,7.1493,5.6557,1.4937,-3.522,-3.95,0.428,40,60,-2.338,-2.097,-0.242,8.618,6.896,2.7,2.2,0.5,2.41,0.0402,False,False
1535,I_conflict,92.1995,26495,28500,A,A,primer-cosmos-west,primer-cosmos-west,True,5.0196,5.429,0.4093,-4.014,-4.306,0.292,69,116,-2.764,-3.01,0.246,12.75,15.999,1.8,2.8000000000000003,-1.0,2.3,0.0384,False,True
1536,I_conflict,91.555,19354,28748,A,A,ceers-full,ceers-full,True,5.4279,4.753,0.675,-4.295,-3.889,0.406,115,54,-2.609,-2.524,-0.085,11.057,10.224,1.6,1.3,0.3,2.35,0.0391,False,True
1537,I,91.10499999999999,13736,30600,A,A,ceers-full,ceers-full,True,5.357,4.0259,1.331,-4.06,-4.874,0.813,77,220,-2.527,-2.492,-0.035,10.254,9.925,1.4,0.6000000000000001,0.8,4.6,0.0767,False,False
1538,I,90.9485,9104,29392,A,A,primer-uds-south,primer-uds-south,True,6.0931,7.471,1.3779,-4.804,-4.543,0.261,208,156,-1.91,-2.259,0.349,5.807,8.009,0.7000000000000001,2.2,-1.5,2.59,0.0431,False,False
1539,I,90.70150000000001,13736,58630,A,A,ceers-full,ceers-full,True,5.357,4.5468,0.8101,-4.06,-4.326,0.265,77,119,-2.527,-2.016,-0.512,10.254,6.401,1.4,0.9,0.5,4.3,0.0717,False,False
1540,I,90.6035,61298,71037,A,A,primer-uds-north,primer-uds-north,True,5.2426,6.8495,1.6069,-4.394,-4.008,0.385,124,68,-2.719,-2.919,0.199,12.237,14.703,1.6,1.4,0.2,3.36,0.0561,False,False
1541,I,90.429,23107,59880,A,A,primer-uds-south,primer-uds-south,True,4.9525,5.6631,0.7106,-5.525,-5.281,0.244,287,270,-1.812,-2.36,0.549,5.304,8.792,0.3,3.2,-2.9,4.71,0.0786,False,False
1542,I_conflict,90.13550000000001,19416,54143,A,A,primer-uds-north,primer-uds-north,True,5.4332,4.7315,0.7017,-5.405,-5.073,0.332,285,243,-1.38,-1.287,-0.093,3.565,3.272,1.9,0.9,1.0,3.42,0.0569,False,True
1543,I_conflict,90.128,30145,43505,A,A,primer-cosmos-west,primer-cosmos-west,True,5.6646,4.6755,0.9892,-5.1,-4.762,0.338,249,204,-2.046,-2.043,-0.003,6.58,6.564,2.0,0.8,1.2,4.26,0.071,False,True
1544,I_conflict,89.901,14419,44053,A,A,primer-uds-north,primer-uds-north,True,4.8168,5.4381,0.6214,-4.606,-4.897,0.291,178,222,-2.546,-2.683,0.137,10.429,11.832,0.9,2.5,-1.6,4.09,0.0682,False,True
1545,I_conflict,89.67750000000001,18804,57944,A,A,primer-uds-north,primer-uds-north,True,4.3173,5.2898,0.9725,-4.229,-4.472,0.243,103,137,-2.141,-2.197,0.056,7.184,7.561,1.5,1.7000000000000002,-0.2,3.93,0.0655,False,True
1546,I,89.4085,18537,32147,A,A,gds,gds,True,4.2773,4.6032,0.3259,-4.812,-4.148,0.664,210,93,-1.41,-1.802,0.392,3.665,5.257,1.2000000000000002,2.6,-1.4,3.08,0.0513,False,False
1547,I,89.3195,344,28931,A,A,primer-uds-south,primer-uds-south,True,7.1354,7.9047,0.7693,-4.628,-3.918,0.711,183,57,-2.457,-2.686,0.229,9.613,11.871,2.5,2.8000000000000003,-0.3,4.82,0.0803,False,False
1548,I,89.30250000000001,30191,55783,A,A,primer-uds-south,primer-uds-south,True,4.0366,4.626,0.5895,-5.243,-4.261,0.982,265,112,-1.962,-2.082,0.12,6.093,6.805,0.0,1.4,-1.4,3.05,0.0509,False,False
1549,I,89.25,19354,30600,A,A,ceers-full,ceers-full,True,5.4279,4.0259,1.402,-4.295,-4.874,0.579,115,220,-2.609,-2.492,-0.117,11.057,9.925,1.6,0.6000000000000001,1.0,1.96,0.0326,False,False
1550,I_conflict,88.777,48982,55783,A,A,primer-uds-south,primer-uds-south,True,5.3879,4.626,0.7618,-4.536,-4.261,0.275,154,112,-2.164,-2.082,-0.082,7.339,6.805,2.0,1.4,0.6,3.69,0.0615,False,True
1551,I,88.6715,17986,57494,A,A,primer-uds-south,primer-uds-south,True,4.9401,4.024,0.9161,-3.587,-4.008,0.421,43,67,-2.13,-1.784,-0.346,7.113,5.173,0.9,1.6,-0.7,4.2,0.0699,False,False
1552,I,88.1365,48982,52581,A,A,primer-uds-south,primer-uds-south,True,5.3879,6.167,0.7791,-4.536,-4.052,0.485,154,74,-2.164,-2.502,0.338,7.339,10.017,2.0,1.3,0.7,4.45,0.0741,False,False
1553,I,88.097,49360,59626,A,A,ceers-full,ceers-full,True,4.7373,6.3671,1.6298,-4.549,-4.189,0.36,159,100,-1.207,-1.364,0.157,3.039,3.511,0.8,0.9,-0.1,3.42,0.057,False,False
1554,I,88.05199999999999,11219,24100,A,A,primer-uds-north,primer-uds-north,True,5.4287,4.9919,0.4368,-3.83,-4.26,0.43,49,111,-2.534,-2.062,-0.472,10.317,6.681,2.7,1.3,1.4,2.15,0.0359,False,False
1555,I_conflict,87.628,44435,60446,A,A,primer-uds-south,primer-uds-south,True,5.1733,4.3661,0.8072,-4.854,-4.53,0.324,217,152,-2.591,-2.575,-0.016,10.873,10.713,1.1,1.2000000000000002,-0.1,2.68,0.0447,False,True
1556,I_conflict,87.3505,31319,32535,A,A,primer-cosmos-west,primer-cosmos-west,True,6.3339,5.7492,0.5847,-4.541,-4.325,0.216,155,118,-1.33,-1.188,-0.142,3.404,2.987,2.8000000000000003,0.6000000000000001,2.2,1.05,0.0175,False,True
1557,I,87.1985,39509,46281,A,A,gds,gds,True,4.2877,4.7896,0.5019,-5.284,-4.676,0.609,271,188,-1.762,-2.09,0.328,5.066,6.853,0.8,-99.0,99.8,0.89,0.0148,False,False
1558,I,87.1325,11219,44681,A,A,primer-uds-north,primer-uds-north,True,5.4287,4.5812,0.8475,-3.83,-4.45,0.619,49,129,-2.534,-2.317,-0.217,10.317,8.448,2.7,0.8,1.9,4.61,0.0769,False,False
1559,I,87.025,28748,30600,A,A,ceers-full,ceers-full,True,4.753,4.0259,0.727,-3.889,-4.874,0.984,54,220,-2.524,-2.492,-0.032,10.224,9.925,1.3,0.6000000000000001,0.7,3.98,0.0664,False,False
1560,I,86.78649999999999,60446,62395,A,A,primer-uds-south,primer-uds-south,True,4.3661,5.6592,1.2931,-4.53,-4.057,0.473,152,76,-2.575,-2.738,0.164,10.713,12.456,1.2000000000000002,1.6,-0.4,2.15,0.0359,False,False
1561,I,86.54650000000001,15233,28491,A,A,primer-cosmos-west,primer-cosmos-west,True,4.986,5.5851,0.5991,-4.455,-4.123,0.332,131,90,-2.324,-2.776,0.452,8.501,12.896,0.8,2.0,-1.2,4.17,0.0695,False,False
1562,I,86.3965,31661,47165,A,A,primer-cosmos-west,primer-cosmos-west,True,4.4626,5.2338,0.7711,-4.603,-4.313,0.291,177,117,-1.535,-1.957,0.422,4.111,6.063,0.5,2.3000000000000003,-1.8,4.91,0.0818,False,False
1563,I,86.3365,64049,66116,A,A,gds,gds,True,5.2713,6.8464,1.5751,-5.079,-4.577,0.502,247,170,-2.095,-2.148,0.053,6.884,7.23,-99.0,-99.0,0.0,1.3,0.0217,False,False
1564,I,86.3335,31581,35111,A,A,primer-uds-north,primer-uds-north,True,4.1634,5.6563,1.4929,-5.06,-4.472,0.588,240,138,-2.356,-2.382,0.026,8.757,8.971,0.0,1.9,-1.9,4.41,0.0735,False,False
1565,I,86.2865,21943,27765,A,A,primer-cosmos-east,primer-cosmos-east,True,4.7155,5.1726,0.4571,-5.049,-4.457,0.591,239,133,-1.888,-2.222,0.334,5.692,7.74,0.8,2.2,-1.4,1.56,0.0259,False,False
1566,I,86.06450000000001,10696,21943,A,A,primer-cosmos-east,primer-cosmos-east,True,5.6678,4.7155,0.9523,-4.703,-5.049,0.346,191,239,-2.216,-1.888,-0.328,7.701,5.692,1.2000000000000002,0.8,0.4,4.04,0.0674,False,False
1567,I,85.946,10696,20187,A,A,primer-cosmos-east,primer-cosmos-east,True,5.6678,6.6082,0.9404,-4.703,-4.12,0.583,191,88,-2.216,-2.403,0.187,7.701,9.146,1.2000000000000002,2.4000000000000004,-1.2,3.53,0.0589,False,False
1568,I,85.844,32147,39509,A,A,gds,gds,True,4.6032,4.2877,0.3156,-4.148,-5.284,1.137,93,271,-1.802,-1.762,-0.04,5.257,5.066,2.6,0.8,1.8,2.48,0.0413,False,False
1569,I,85.7225,20187,27765,A,A,primer-cosmos-east,primer-cosmos-east,True,6.6082,5.1726,1.4355,-4.12,-4.457,0.338,88,133,-2.403,-2.222,-0.181,9.146,7.74,2.4000000000000004,2.2,0.2,2.02,0.0337,False,False
1570,I,85.2595,70681,71267,A,A,ceers-full,ceers-full,True,7.9008,7.5175,0.3833,-4.347,-4.649,0.302,120,184,-2.016,-1.507,-0.509,6.406,4.008,3.8,3.1,0.7,2.65,0.0442,False,False
1571,I_conflict,85.048,29421,73890,A,A,ceers-full,ceers-full,True,4.7851,5.6603,0.8752,-4.558,-4.777,0.219,164,205,-1.572,-1.579,0.007,4.254,4.282,1.4,3.0,-1.6,4.32,0.072,False,True
1572,I,84.955,29421,57051,A,A,ceers-full,ceers-full,True,4.7851,5.6681,0.883,-4.558,-4.281,0.277,164,113,-1.572,-1.94,0.368,4.254,5.971,1.4,2.3000000000000003,-0.9,3.47,0.0578,False,False
1573,I,84.7735,48498,48540,A,A,primer-cosmos-east,primer-cosmos-east,True,4.4533,5.6562,1.2029,-5.641,-5.23,0.411,293,260,-1.883,-2.07,0.188,5.663,6.732,0.9,0.4,0.5,3.75,0.0626,False,False
1574,I,84.7495,1939,3992,A,A,primer-uds-north,primer-uds-north,True,4.3621,5.6593,1.2973,-4.526,-4.053,0.473,148,75,-2.601,-2.723,0.122,10.972,12.278,1.3,1.6,-0.3,2.15,0.0359,False,False
1575,I_conflict,84.5955,46281,64049,A,A,gds,gds,True,4.7896,5.2713,0.4817,-4.676,-5.079,0.404,188,247,-2.09,-2.095,0.005,6.853,6.884,-99.0,-99.0,0.0,4.33,0.0722,False,True
1576,I,84.054,24081,29106,A,A,primer-uds-north,primer-uds-north,True,5.6564,5.2048,0.4516,-4.252,-4.528,0.276,110,150,-2.416,-1.936,-0.48,9.254,5.948,1.8,1.1,0.7,1.02,0.0171,False,False
1577,I,83.6755,14381,44531,A,A,gds,gds,True,5.4444,7.1241,1.6797,-5.162,-4.951,0.211,256,226,-1.944,-2.087,0.143,5.992,6.839,3.0,1.5,1.5,3.91,0.0652,False,False
1578,I,83.6285,44435,62395,A,A,primer-uds-south,primer-uds-south,True,5.1733,5.6592,0.4859,-4.854,-4.057,0.798,217,76,-2.591,-2.738,0.148,10.873,12.456,1.1,1.6,-0.5,2.07,0.0346,False,False
1579,I,83.574,52084,55423,A,A,primer-cosmos-east,primer-cosmos-east,True,7.0756,5.408,1.6676,-3.658,-4.095,0.437,45,82,-2.985,-2.976,-0.009,15.637,15.501,1.6,1.4,0.2,1.2,0.0201,False,False
1580,I,83.4975,30520,33898,A,A,primer-uds-south,primer-uds-south,True,5.3498,4.5453,0.8045,-5.029,-5.24,0.211,237,264,-1.513,-1.111,-0.402,4.028,2.782,0.9,1.2000000000000002,-0.3,2.25,0.0376,False,False
1581,I,83.4075,22483,36162,A,A,primer-cosmos-west,primer-cosmos-west,True,7.1355,6.411,0.7245,-4.222,-4.715,0.493,102,197,-1.86,-1.605,-0.255,5.548,4.385,2.7,0.5,2.2,4.37,0.0728,False,False
1582,I,83.3965,47021,72956,A,A,ceers-full,ceers-full,True,8.0231,8.9042,0.8811,-5.003,-4.596,0.406,234,175,-1.44,-1.699,0.26,3.767,4.784,0.9,2.1,-1.2,2.5,0.0416,False,False
1583,I,83.209,22773,46085,A,A,primer-uds-north,primer-uds-north,True,4.4013,4.7858,0.3846,-4.533,-3.966,0.568,153,61,-1.65,-1.958,0.308,4.573,6.071,1.3,1.3,0.0,2.46,0.041,False,False
1584,I,83.0775,3992,14419,A,A,primer-uds-north,primer-uds-north,True,5.6593,4.8168,0.8425,-4.053,-4.606,0.553,75,178,-2.723,-2.546,-0.177,12.278,10.429,1.6,0.9,0.7,2.25,0.0375,False,False
1585,I,82.649,22773,24100,A,A,primer-uds-north,primer-uds-north,True,4.4013,4.9919,0.5906,-4.533,-4.26,0.273,153,111,-1.65,-2.062,0.412,4.573,6.681,1.3,1.3,0.0,0.27,0.0045,False,False
1586,I,82.6435,43738,44681,A,A,primer-uds-north,primer-uds-north,True,5.0901,4.5812,0.5089,-4.063,-4.45,0.387,78,129,-2.685,-2.317,-0.368,11.862,8.448,1.7000000000000002,0.8,0.9,0.4,0.0067,False,False
1587,I_conflict,82.0715,43932,54143,A,A,primer-uds-north,primer-uds-north,True,4.2354,4.7315,0.4961,-4.802,-5.073,0.271,207,243,-1.257,-1.287,0.03,3.183,3.272,0.5,0.9,-0.4,4.9,0.0817,False,True
1588,I,81.588,15393,26971,A,A,primer-cosmos-east,primer-cosmos-east,True,5.6895,6.4067,0.7172,-5.55,-4.718,0.831,290,198,-1.577,-1.596,0.018,4.274,4.347,1.4,0.5,0.9,3.84,0.064,False,False
1589,I,81.131,21943,40209,A,A,primer-cosmos-east,primer-cosmos-east,True,4.7155,5.4609,0.7454,-5.049,-4.799,0.25,239,206,-1.888,-2.237,0.349,5.692,7.851,0.8,1.4,-0.6,4.99,0.0831,False,False
1590,I,81.04050000000001,64049,65646,A,A,gds,gds,True,5.2713,5.6581,0.3867,-5.079,-4.686,0.393,247,189,-2.095,-2.464,0.369,6.884,9.674,-99.0,-99.0,0.0,1.44,0.0241,False,False
1591,I,81.00450000000001,29372,30073,A,A,primer-cosmos-west,primer-cosmos-west,True,5.3858,6.0041,0.6183,-4.978,-4.712,0.266,230,194,-1.465,-1.84,0.375,3.854,5.445,2.2,1.0,1.2,0.21,0.0034,False,False
1592,I,80.843,11967,19946,A,A,primer-cosmos-east,primer-cosmos-east,True,5.4823,5.9744,0.4922,-5.508,-4.715,0.792,286,196,-1.78,-1.873,0.094,5.15,5.613,3.1,1.0,2.1,2.88,0.048,False,False
1593,I_conflict,80.769,22773,31645,A,A,primer-uds-north,primer-uds-north,True,4.4013,4.7559,0.3546,-4.533,-4.758,0.225,153,203,-1.65,-1.725,0.074,4.573,4.897,1.3,0.8,0.5,4.59,0.0765,False,True
1594,I,80.232,32025,32237,A,A,primer-uds-north,primer-uds-north,True,4.0433,4.6122,0.5688,-4.381,-3.896,0.485,122,55,-2.02,-2.263,0.243,6.426,8.04,0.6000000000000001,1.2000000000000002,-0.6,1.95,0.0325,False,False
1595,I,79.70750000000001,48498,52124,A,A,primer-cosmos-east,primer-cosmos-east,True,4.4533,4.8338,0.3805,-5.641,-4.691,0.95,293,190,-1.883,-1.893,0.01,5.663,5.717,0.9,1.2000000000000002,-0.3,1.86,0.0311,False,False
1596,I,79.311,12234,58630,A,A,ceers-full,ceers-full,True,6.1422,4.5468,1.5954,-4.0,-4.326,0.326,65,119,-2.028,-2.016,-0.012,6.475,6.401,1.7000000000000002,0.9,0.8,4.04,0.0674,False,False
1597,I,79.226,30600,68816,A,A,ceers-full,ceers-full,True,4.0259,4.5323,0.5064,-4.874,-4.383,0.491,220,123,-2.492,-2.73,0.238,9.925,12.354,0.6000000000000001,0.7000000000000001,-0.1,3.57,0.0595,False,False
1598,I,79.0435,30157,30520,A,A,primer-uds-south,primer-uds-south,True,4.7269,5.3498,0.6229,-5.539,-5.029,0.51,289,237,-1.325,-1.513,0.188,3.387,4.028,0.2,0.9,-0.7,3.68,0.0613,False,False
1599,I,78.8915,39711,48686,A,A,primer-uds-south,primer-uds-south,True,5.462,4.8439,0.6181,-5.308,-5.657,0.349,275,294,-1.568,-1.285,-0.283,4.238,3.267,1.5,0.3,1.2,4.69,0.0781,False,False
1600,I_conflict,78.588,29303,52017,A,A,gds,gds,True,5.986,6.3311,0.3452,-5.076,-5.333,0.257,245,278,-1.415,-1.429,0.014,3.681,3.729,2.0,-99.0,101.0,3.47,0.0578,False,True
1601,I,77.921,14419,31581,A,A,primer-uds-north,primer-uds-north,True,4.8168,4.1634,0.6534,-4.606,-5.06,0.454,178,240,-2.546,-2.356,-0.19,10.429,8.757,0.9,0.0,0.9,2.49,0.0414,False,False
1602,I,77.6695,22483,30073,A,A,primer-cosmos-west,primer-cosmos-west,True,7.1355,6.0041,1.1313,-4.222,-4.712,0.49,102,194,-1.86,-1.84,-0.02,5.548,5.445,2.7,1.0,1.7,2.73,0.0456,False,False
1603,I,77.4575,23054,70681,A,A,ceers-full,ceers-full,True,6.8683,7.9008,1.0325,-4.611,-4.347,0.264,180,120,-1.835,-2.016,0.181,5.421,6.406,2.1,3.8,-1.7,4.63,0.0772,False,False
1604,I,76.76350000000001,32402,64049,A,A,gds,gds,True,4.9424,5.2713,0.3289,-5.321,-5.079,0.241,276,247,-1.703,-2.095,0.392,4.797,6.884,3.2,-99.0,102.2,4.28,0.0714,False,False
1605,I,76.75399999999999,19462,27765,A,A,primer-cosmos-east,primer-cosmos-east,True,4.3651,5.1726,0.8076,-4.94,-4.457,0.483,225,133,-2.119,-2.222,0.103,7.039,7.74,0.4,2.2,-1.8,3.42,0.0569,False,False
1606,I,76.5505,10696,19462,A,A,primer-cosmos-east,primer-cosmos-east,True,5.6678,4.3651,1.3027,-4.703,-4.94,0.237,191,225,-2.216,-2.119,-0.098,7.701,7.039,1.2000000000000002,0.4,0.8,3.85,0.0642,False,False
1607,I,75.5435,20632,68816,A,A,ceers-full,ceers-full,True,5.6531,4.5323,1.1209,-4.107,-4.383,0.276,85,123,-2.838,-2.73,-0.109,13.655,12.354,2.0,0.7000000000000001,1.3,4.78,0.0797,False,False
1608,I,75.34049999999999,20632,42093,A,A,ceers-full,ceers-full,True,5.6531,6.4459,0.7927,-4.107,-3.857,0.25,85,52,-2.838,-3.058,0.219,13.655,16.711,2.0,1.7000000000000002,0.3,2.61,0.0435,False,False
1609,I,75.238,29372,36162,A,A,primer-cosmos-west,primer-cosmos-west,True,5.3858,6.411,1.0252,-4.978,-4.715,0.262,230,197,-1.465,-1.605,0.14,3.854,4.385,2.2,0.5,1.7,2.04,0.034,False,False
1610,I,75.105,30157,39711,A,A,primer-uds-south,primer-uds-south,True,4.7269,5.462,0.735,-5.539,-5.308,0.231,289,275,-1.325,-1.568,0.243,3.387,4.238,0.2,1.5,-1.3,2.27,0.0379,False,False
1611,I,74.96549999999999,42464,52124,A,A,primer-cosmos-east,primer-cosmos-east,True,5.3675,4.8338,0.5337,-4.089,-4.691,0.602,81,190,-1.971,-1.893,-0.078,6.143,5.717,2.3000000000000003,1.2000000000000002,1.1,3.59,0.0599,False,False
1612,I,74.06,1939,43738,A,A,primer-uds-north,primer-uds-north,True,4.3621,5.0901,0.728,-4.526,-4.063,0.463,148,78,-2.601,-2.685,0.085,10.972,11.862,1.3,1.7000000000000002,-0.4,4.48,0.0747,False,False
1613,I,73.566,8559,15257,A,A,primer-uds-north,primer-uds-north,True,7.9365,6.9201,1.0164,-4.517,-4.731,0.214,145,201,-1.912,-1.774,-0.138,5.818,5.126,3.9,1.3,2.6,2.14,0.0357,False,False
1614,I,73.388,37557,52581,A,A,primer-uds-south,primer-uds-south,True,5.6557,6.167,0.5112,-4.52,-4.052,0.469,147,74,-2.369,-2.502,0.133,8.865,10.017,2.7,1.3,1.4,1.92,0.032,False,False
1615,I,73.358,33230,42656,A,A,primer-cosmos-west,primer-cosmos-west,True,4.7522,5.6854,0.9332,-5.169,-4.811,0.357,257,209,-1.215,-1.289,0.073,3.062,3.277,0.2,3.9,-3.7,4.25,0.0708,False,False
1616,I,72.988,9104,14258,A,A,primer-uds-south,primer-uds-south,True,6.0931,5.4719,0.6212,-4.804,-5.323,0.519,208,277,-1.91,-1.848,-0.062,5.807,5.484,0.7000000000000001,1.8,-1.1,2.53,0.0422,False,False
1617,I,72.314,22702,26495,A,A,primer-cosmos-west,primer-cosmos-west,True,5.4312,5.0196,0.4116,-3.806,-4.014,0.208,48,69,-3.062,-2.764,-0.298,16.784,12.75,2.2,1.8,0.4,3.57,0.0594,False,False
1618,I,72.15,58630,60774,A,A,ceers-full,ceers-full,True,4.5468,5.2848,0.738,-4.326,-4.075,0.251,119,79,-2.016,-2.187,0.171,6.401,7.495,0.9,2.2,-1.3,4.93,0.0821,False,False
1619,I,70.975,28748,36886,A,A,ceers-full,ceers-full,True,4.753,4.4499,0.303,-3.889,-4.236,0.346,54,105,-2.524,-2.303,-0.221,10.224,8.344,1.3,1.3,0.0,3.51,0.0585,False,False
1620,I,70.93299999999999,2981,14381,A,A,gds,gds,True,4.8122,5.4444,0.6322,-5.367,-5.162,0.205,283,256,-1.738,-1.944,0.206,4.956,5.992,2.2,3.0,-0.8,1.99,0.0332,False,False
1621,I,68.3655,13666,29568,A,A,primer-cosmos-west,primer-cosmos-west,True,5.2881,4.3603,0.9277,-4.657,-4.937,0.28,185,224,-2.219,-2.198,-0.021,7.718,7.57,1.4,0.4,1.0,4.8,0.0801,False,False
1622,I,68.049,24081,57944,A,A,primer-uds-north,primer-uds-north,True,5.6564,5.2898,0.3666,-4.252,-4.472,0.22,110,137,-2.416,-2.197,-0.219,9.254,7.561,1.8,1.7000000000000002,0.1,3.38,0.0564,False,False
1623,I,66.95,32147,46221,A,A,gds,gds,True,4.6032,4.0452,0.558,-4.148,-4.548,0.401,93,158,-1.802,-1.771,-0.031,5.257,5.111,2.6,-99.0,101.6,4.14,0.069,False,False
1624,I,66.447,14419,61298,A,A,primer-uds-north,primer-uds-north,True,4.8168,5.2426,0.4258,-4.606,-4.394,0.212,178,124,-2.546,-2.719,0.174,10.429,12.237,0.9,1.6,-0.7,4.66,0.0777,False,False
1625,I,64.8775,31319,42656,A,A,primer-cosmos-west,primer-cosmos-west,True,6.3339,5.6854,0.6485,-4.541,-4.811,0.27,155,209,-1.33,-1.289,-0.041,3.404,3.277,2.8000000000000003,3.9,-1.1,3.77,0.0629,False,False
1626,I,64.4965,48927,61010,A,A,primer-uds-north,primer-uds-north,True,7.9073,7.1342,0.7731,-5.073,-5.287,0.215,242,273,-1.601,-1.572,-0.029,4.368,4.253,2.8000000000000003,1.0,1.8,3.73,0.0621,False,False
