Parameter,Label,KS_SN_stat,KS_SN_pval,KS_SN_sig,Cohen_d_SN,KS_SNe_stat,KS_SNe_pval,KS_NtNw_stat,KS_NtNw_pval,Sup_mean,Neu_mean,Nul_mean
$z_{\rm phot}$,Photometric Redshift,0.4940289126335638,1.9272724371707187e-07,***,1.4079168197310443,0.32738398776134625,1.1295814665975915e-05,0.5107503290917069,7.817292924881629e-08,5.212,5.949,6.629
$F_{\rm F444W}$ ($\mu$Jy),F444W Flux (MIR proxy),0.127383197150639,0.6387341190532317,,0.09552367879176347,0.17389087200407954,0.06423004999647362,0.29706011408512506,0.006817332887101088,0.34,0.482,0.374
$L_{\rm bol}$ (erg/s),Bolometric Luminosity (AGN strength proxy),0.5294364131573434,1.619442107453459e-08,***,0.290505954719239,0.22836987931327554,0.005551900221110279,0.3661693725318122,0.00035640754057321276,40.861,39.745,45.675
$\beta_{\rm UV}$,UV Slope (from F115W/F150W/F200W),0.18772260632725749,0.1936783244003211,,0.035144579225684945,0.1287608363080061,0.2946708569611977,0.17046950416849496,0.2943450747558551,-0.328,-0.494,-0.354
$A_V$ (SED fit),Dust Extinction from SED fitting,0.5317410433689503,1.3401314402832216e-08,***,0.3284101651850644,0.3004419513853476,7.692652833771657e-05,0.28323826239578764,0.01139293149515259,-1.473,-1.901,2.33
"$r_{\rm eff,50}$ (pc)",Half-light Radius,0.36580766813324955,0.00032387290797485503,***,0.8081953689752089,0.16352201257861634,0.09496809446516406,0.2876261518209741,0.009699743208910757,104.882,97.294,82.139
IR$_{\rm excess}$ (F444/F150),IR Excess (MIR brightness),0.31468677980305887,0.0031476998909075907,**,0.5623271536418919,0.23176950535441102,0.0046702773586128074,0.1834137779727951,0.22002620019938623,6.836,8.774,10.256
$m_{\rm UV}$ (mag),Absolute UV Magnitude,0.16153362664990573,0.3484532727777337,,0.21286246563745173,0.14975352711201767,0.15315521860401088,0.20513383062746818,0.12930172897613898,-20.725,-21.398,-18.744
$C_{\rm AGN}$,AGN Component Amplitude,0.5233605698721978,2.478745411202159e-08,***,1.217909357941852,0.14142444331123577,0.20033804916435838,0.5171127687582273,5.0030621976475544e-08,0.177,0.167,0.38
