SDSS_NAME,RA,DEC,Z,LORD_TYPE,AUTOCLASS,PSFMAG_U,PSFMAG_G,PSFMAG_R,PSFMAG_I,PSFMAG_Z
000123.05+034407.0,0.3460523178068229,3.735305117753239,0.442,red2,UNK,21.967146,21.19272,20.460098,19.806948,19.43825
000130.73+341446.0,0.3780801408474872,34.24611824820824,0.6818168759346008,red1,QSO,21.797695,21.93238,21.374619,20.597906,20.19082
000133.92+332423.6,0.3913426490122447,33.40655814988447,0.8111185431480408,red1,QSO,21.523897,21.589294,21.59093,21.098837,20.568329
000159.77+065926.4,0.49906085453818605,6.990673839956087,0.2997349500656128,red2,QSO,21.701124,21.473082,21.041286,20.607609,20.007301
000244.22+252650.0,0.6842723092720462,25.44723679727549,0.37917476892471313,red2,QSO,22.314821,21.556257,20.101559,19.510271,19.048597
000553.36+102746.2,1.4723538596743424,10.462840157278347,0.7044726610183716,red1,QSO,24.493568,23.760948,22.66774,21.323446,20.835304
000634.03+005632.3,1.6418102754023494,0.942323879257726,0.7,red1,UNK,23.093796,23.857655,21.798319,20.676966,19.945866
000733.50+225356.0,1.8896017378580723,22.898913577678023,0.818,red1,QSO,21.702625,21.108719,20.913889,20.46186,19.898287
000750.50+005815.2,1.9604565423172744,0.9708995255733114,0.345,red2,UNK,21.151829,21.291883,20.554945,20.36084,19.326956
000946.62-000100.0,2.4442780275634277,-0.016678126591758522,0.4175064265727997,red2,QSO,22.666794,22.476889,21.787186,21.280947,20.748066
001048.73+010415.3,2.703073624330102,1.0709425888214834,0.7567330002784729,red1,QSO,22.129393,21.871977,22.135473,21.260218,20.970243
001144.86+213835.0,2.9369487358939637,21.643074571157197,0.7788951396942139,red1,QSO,22.19268,21.860886,21.353645,20.715185,20.21349
001242.28-010229.5,3.176169166674754,-1.0415387729492915,0.822,red1,QSO,21.796093,22.161829,22.16357,21.788748,20.834085
001300.40+003637.8,3.2516916029636604,0.6105148162513113,0.8481655716896057,red1,QSO,22.636099,22.115164,21.42451,20.807964,20.207659
001359.50+234045.8,3.4979272869626925,23.67938983805042,0.8245604038238525,red1,QSO,21.446627,21.492733,21.157324,20.541918,20.10842
001400.72-001250.9,3.5030003562383314,-0.21416002750927202,0.742,red1,QSO,21.676264,21.143278,20.640362,20.062307,19.559904
001512.00+230930.2,3.800001270112716,23.15839436595249,0.7783253192901611,red1,QSO,22.323393,22.029102,21.35215,20.775274,20.312296
001813.48+284641.3,4.5562037136907065,28.77815062624937,0.7371852993965149,red1,QSO,21.94139,21.581104,21.239727,20.79133,20.148783
001859.26-004010.4,4.746921440281659,-0.6695592456861214,0.811887800693512,red1,QSO,22.86344,22.45418,22.37235,21.82648,21.345716
001940.53+032138.6,4.918896951723696,3.3607346555446225,0.8266714811325073,red1,QSO,22.427145,21.69786,21.582184,21.207968,20.524542
002114.58+020550.1,5.310783355302192,2.097258691730709,0.8792633414268494,red1,QSO,22.65851,21.926487,21.558111,21.013681,20.512495
002133.85+234943.5,5.391079905765821,23.828751396843792,0.7062323093414307,red1,QSO,22.635988,21.902826,21.64979,21.112694,20.52792
002216.51+274542.6,5.568804079655706,27.761834817555997,0.3581892251968384,red2,QSO,22.56427,22.127995,20.537266,19.867842,19.226704
002227.59+005518.8,5.614999217289267,0.9219042297985895,0.7226318717002869,red1,QSO,22.369778,22.065056,21.80749,21.257793,20.301256
002255.06+002055.1,5.729432544368819,0.348645001541561,0.799,red1,UNK,22.643993,21.966925,20.468573,19.827467,19.151665
002326.82+315912.3,5.861766242913234,31.986757848764785,0.41090887784957886,red2,QSO,21.741762,21.304111,22.036562,21.395466,19.994291
002334.92+303031.1,5.8955090355214,30.508640542991696,0.4136323034763336,red2,QSO,22.28476,21.655687,20.940454,20.411213,19.934168
002447.96-004456.4,6.199865548040447,-0.7490152291453128,0.706,red1,UNK,22.38775,22.081661,21.88166,21.381783,20.630693
002455.29+081518.5,6.23040827211247,8.255164996965531,0.399,red2,UNK,22.139425,21.35817,20.583342,19.761597,19.452011
002513.60+043748.3,6.306692138660139,4.630100462307072,0.748,red1,UNK,22.221878,21.75446,21.64465,21.00913,20.393845
002547.52+264148.0,6.448004459588105,26.696685243233212,0.825118899345398,red1,QSO,21.710724,21.509144,21.40317,20.796444,20.044184
002634.31+241216.5,6.64297091422759,24.20460355349186,0.777,red1,QSO,22.294601,21.786802,21.979074,21.661411,20.502922
002718.77+030950.6,6.828243796459105,3.1640608998872053,0.47,red2,UNK,21.48032,21.411781,21.201366,20.495747,20.053513
002720.14+242106.4,6.833946894190603,24.35178269354297,0.734,red1,QSO,22.037004,21.29594,20.898483,20.399292,19.85859
002956.46+350513.9,7.485258398580584,35.08720408152003,0.4427783787250519,red2,QSO,22.188047,21.977472,21.323648,20.540268,19.883715
003113.88-010150.0,7.807862896571123,-1.0305815722734886,0.7494605183601379,red1,QSO,22.400822,21.675364,21.423008,20.925814,20.389791
003257.83+033921.2,8.240977838765627,3.6558984142221123,0.862,red1,QSO,21.477201,21.17357,20.819677,20.105974,19.80029
003512.50+092326.2,8.80209789323294,9.390613239107635,0.7318894267082214,red1,QSO,21.65924,21.676752,21.73474,21.405031,20.664282
003604.37+251357.1,9.018213002456491,25.232549069582742,0.7437344193458557,red1,QSO,22.082653,21.54246,21.264051,20.518887,20.001291
003857.46+072511.8,9.739452052176716,7.419969053793309,0.7767949104309082,red1,QSO,21.426168,21.557566,22.651947,21.85493,21.548588
003921.31+000007.8,9.838815262029675,0.002193476001099178,0.691,red1,UNK,21.809711,21.710289,21.511385,21.086807,20.477228
004043.85+261416.2,10.182735018341816,26.23783393876398,0.7741116881370544,red1,QSO,22.136219,21.49703,20.963781,20.608694,19.913443
004052.06+072753.6,10.216946134337206,7.464900874031242,0.8148782849311829,red1,QSO,22.440588,22.532003,21.85768,21.556099,20.75541
004114.59+132557.6,10.31079460611818,13.43269389448703,0.8162498474121094,red1,QSO,21.79388,21.373877,21.670158,21.19001,20.658895
004249.01+081432.9,10.704242224278005,8.242474701397525,0.8114588260650635,red1,QSO,21.57498,21.365232,21.006226,20.410208,19.923977
004255.11+224356.9,10.729638018738342,22.732497818204184,0.2933167517185211,red2,QSO,22.09982,21.724318,20.938211,20.504547,19.855774
004308.77+000557.1,10.7865696664831,0.09920439322744103,0.7423145174980164,red1,QSO,22.201815,21.570667,21.232533,20.747816,20.212996
004425.52+011027.5,11.106368549439892,1.174322814342741,0.8169800043106079,red1,QSO,22.612762,22.38737,22.366056,21.622414,20.965183
004523.10+011720.7,11.346259918389705,1.2890909067513412,0.6852113008499146,red1,QSO,24.776093,25.025793,22.754118,21.827671,20.927742
004602.12-004316.4,11.50884663387303,-0.7212413747629833,0.845,red1,QSO,22.928125,22.34474,22.164003,21.5869,20.772535
004627.23+312349.8,11.613495716274826,31.397180655445446,0.707014799118042,red1,QSO,21.701067,21.54203,21.117985,20.564703,20.008322
004710.56-031206.8,11.793999980886696,-3.2019042304479637,0.345,red2,QSO,22.243998,21.680716,20.751902,20.312374,19.73067
004715.44+050909.1,11.814352451922105,5.152552192750926,0.4270007312297821,red2,QSO,22.837795,22.48521,20.881666,20.20233,19.870062
004719.27-010141.9,11.830300110891073,-1.0283164093513366,0.8692566752433777,red1,QSO,22.742466,22.21866,22.093315,21.568823,20.489542
004738.31+240540.1,11.909646635938259,24.094492796467847,0.7189478278160095,red1,QSO,22.19198,21.85991,21.184025,20.404331,20.099869
004906.00+282640.1,12.275016558752498,28.44447325610318,0.2968232035636902,red2,QSO,21.54042,21.517939,20.972395,20.71369,19.056103
004926.43+215718.9,12.360159486689554,21.955271877238722,0.8203310966491699,red1,QSO,22.625206,21.831324,22.109781,21.38786,20.865555
004949.76-004126.6,12.457358374847429,-0.6907468351047193,0.878,red1,QSO,22.349642,21.866037,21.549248,21.176903,20.47506
004950.04+032356.3,12.458538497726408,3.398982582364932,0.42318081855773926,red2,QSO,22.487831,22.154411,21.11469,20.646738,20.099121
005105.87+331852.7,12.774474663605588,33.314642253633075,0.7702426910400391,red1,QSO,22.78918,22.29059,21.989298,21.365936,20.94094
005311.51+001436.0,13.297961921395654,0.24335599728903698,0.6851585507392883,red1,QSO,23.530558,22.736961,22.107063,21.610224,20.714201
005341.77+343727.9,13.424046150449271,34.624423846212366,0.6836839318275452,red1,QSO,22.361542,21.670778,21.398285,20.776878,20.243492
005641.20-002353.7,14.171685494467,-0.39827182686969076,0.732,red1,QSO,22.013288,21.44407,20.757572,20.903654,19.17538
005704.99+004508.3,14.270817888983572,0.7523066826963268,0.8251338601112366,red1,QSO,23.169798,22.911306,22.529305,22.174149,21.273813
005726.99-011041.6,14.362462012281464,-1.1782370992959972,0.84,red1,QSO,22.86342,22.34222,22.456177,21.884552,21.20823
005740.64-010158.8,14.41935832414731,-1.0330210421323267,0.447,red2,UNK,21.713087,21.69609,20.979097,20.479956,19.964863
005745.92+003919.6,14.441333425795733,0.6554591011481534,0.792,red1,UNK,22.47109,22.307037,22.208431,21.442259,20.707623
005747.93+225550.9,14.449741929450113,22.930832454755244,0.8382861018180847,red1,QSO,21.802502,21.530712,21.688282,21.21051,20.409904
005854.73+003011.8,14.728072495542877,0.5032841559235979,0.7013552188873291,red1,QSO,22.508223,22.112595,22.013313,21.451323,20.868809
005903.08+210514.5,14.762865250825996,21.08738756865408,0.7575855851173401,red1,QSO,21.796589,21.428215,21.284359,20.896513,20.204664
005909.64+002441.9,14.790193970942966,0.4116639253551993,0.7896896600723267,red1,QSO,22.875843,23.018969,22.306211,21.442007,20.501324
005916.38+003134.4,14.818280469333262,0.5262227272304896,0.419,red2,UNK,21.532103,20.98662,20.607872,20.022425,19.587378
005918.71-003410.4,14.827971593845831,-0.5695583132011114,0.8315906524658203,red1,QSO,23.559162,22.88337,22.463501,22.082865,21.114628
005953.68+065259.5,14.97369103528598,6.883220037492276,0.709,red1,UNK,22.327229,22.222303,21.499249,20.844957,20.3533
005955.24+034300.6,14.980194345577956,3.7168486496899837,0.3265846371650696,red2,QSO,23.039425,22.842651,21.561352,20.39069,19.544958
010043.49+322805.9,15.181244977059691,32.46831490944551,0.7219672203063965,red1,QSO,22.302256,21.7713,21.6842,21.196293,20.630737
010044.27+050851.5,15.184478578923517,5.14764371697134,0.8197516202926636,red1,QSO,22.19843,21.770056,21.332737,20.74584,20.112228
010105.36-001920.8,15.272333740296911,-0.32245760663872636,0.7075491547584534,red1,QSO,24.090576,23.794487,22.99927,22.130678,21.070091
010107.55+321732.4,15.281472677985334,32.29234828191267,0.8600765466690063,red1,QSO,22.197186,21.844393,21.802788,21.627607,20.500692
010112.14+001933.1,15.30058666512268,0.32588224941219923,0.8666173219680786,red1,QSO,23.114492,24.597536,22.688435,21.895863,21.217482
010227.54+003623.7,15.614777572328192,0.6065994584772381,0.7938904762268066,red1,QSO,23.507967,23.044395,22.256319,21.408873,20.863632
010235.67+292534.5,15.648632429467966,29.426267667457285,0.479,red2,QSO,22.201824,21.410175,20.977655,20.468714,19.823294
010259.61+002634.7,15.748399974790159,0.44299870492840415,0.6870192885398865,red1,QSO,22.915129,22.25042,21.971119,21.498293,20.963558
010322.96+004050.4,15.84566660372542,0.6806806405834012,0.7644522786140442,red1,QSO,22.630882,22.42977,22.382324,22.002743,21.311287
010433.03-002154.9,16.137638653905995,-0.36526563237212106,0.452,red2,UNK,22.849768,22.258804,21.161621,20.36817,19.870674
010512.10-033334.2,16.30044821429935,-3.5595196153784174,0.722,red1,QSO,21.844183,21.563057,21.700077,21.252556,20.498627
010518.12+001545.1,16.325532484578275,0.26253797908944865,0.4084421992301941,red2,QSO,21.455393,21.108706,20.91988,20.536264,19.849197
010554.40-010821.9,16.4767016655809,-1.139430679651456,0.429,red2,UNK,22.163645,22.050732,21.166035,20.694258,20.040602
010643.09+255134.5,16.679569472718413,25.859583779758783,0.7023456692695618,red1,QSO,21.919333,21.489756,21.165222,20.47423,20.157038
010728.46-001657.6,16.868606294574537,-0.2826861000544805,0.840299665927887,red1,QSO,23.22556,22.903921,23.22852,22.400763,21.983633
010823.97-004931.0,17.099895155046088,-0.8252999832829427,0.8316638469696045,red1,QSO,23.224844,23.100622,22.874792,22.349567,21.272945
010839.35+274551.3,17.163959129082002,27.764262221178754,0.7289385795593262,red1,QSO,21.27279,20.557278,21.27539,21.212109,19.756823
010900.58+082314.0,17.25242540534498,8.387241788402093,0.4649297297000885,red2,QSO,21.04593,20.958773,20.336971,19.672369,19.160578
010906.64+001825.2,17.277680660995145,0.3070008271978854,0.2848181128501892,red2,QSO,23.102251,22.520924,21.499193,21.185259,20.360111
011107.29+201238.2,17.780398842519087,20.21061601971628,0.444,red2,UNK,21.240932,20.858795,20.324682,19.496834,19.267378
011110.89+001709.2,17.795409705110757,0.2859124118765193,0.3607115149497986,red2,QSO,22.909933,22.628426,21.16964,20.535583,20.0905
011146.19+003942.6,17.942460879824893,0.6618551724141155,0.815,red1,QSO,22.79013,22.421091,22.447521,22.070917,21.364723
011148.62-002751.4,17.952591552210905,-0.46429201533927267,0.699,red1,QSO,21.30763,20.88339,24.746675,24.32068,21.37007
011228.73+004930.8,18.119722842714282,0.8252239676891482,0.7110472917556763,red1,QSO,23.608128,23.384064,22.01904,21.168846,20.436626
011312.63-004938.3,18.30265009307159,-0.8273298704241765,0.8155781030654907,red1,QSO,23.204044,22.846556,22.816372,22.31399,21.673605
011337.23+284323.6,18.40515402596079,28.723242452786916,0.29417383670806885,red2,QSO,21.287722,20.492075,19.612951,19.228296,18.400707
011413.43-005839.5,18.555960327646034,-0.9776430346893433,0.7945667505264282,red1,QSO,22.542564,22.796337,21.954937,21.659674,20.516375
011426.80-002623.4,18.611675555238946,-0.4398496501100822,0.8540864586830139,red1,QSO,23.013227,23.046394,22.184916,21.67695,20.77823
011430.23+000420.9,18.625993787797178,0.07248478013536173,0.4554,red2,QSO,21.143835,20.655151,20.184044,19.731783,19.173136
011456.83-002842.2,18.736816641286993,-0.4783946114603133,0.7062364220619202,red1,QSO,22.384293,22.028316,22.074238,21.539997,20.852026
011535.50+002655.3,18.897947250630164,0.44870383357052523,0.8362528085708618,red1,QSO,23.953749,23.275126,22.7964,22.100086,21.587292
011536.11+003352.4,18.90046015392717,0.5645763370632653,0.364,red2,UNK,22.096382,21.646568,20.506998,20.031723,19.42508
011605.33+051544.6,19.022248457078717,5.262404927945318,0.8382983207702637,red1,QSO,22.415388,21.722654,21.70063,21.104101,20.504831
011804.57+053848.2,19.519064541810508,5.646727582078233,0.7474921345710754,red1,QSO,22.100317,21.65931,21.308191,20.71217,20.28237
011831.76-010706.7,19.63236517944747,-1.1185467921717414,0.773,red1,QSO,22.60166,22.991087,22.714972,21.65033,20.988548
011943.89-002502.1,19.9329107435669,-0.41725722635607826,0.744,red1,QSO,22.688261,22.189192,21.97034,21.503988,20.779465
011955.27+033000.2,19.980294571321394,3.500082197958512,0.356810063123703,red2,QSO,21.118391,20.895708,19.924994,19.552782,18.881948
012041.64+261136.6,20.17353206695958,26.193522210683792,0.31436261534690857,red2,QSO,21.098269,20.96766,21.511217,21.09314,19.26787
012046.86+002055.6,20.195249799953572,0.34878483268507215,0.826779842376709,red1,QSO,22.384926,22.579348,22.396082,22.02843,21.17515
012144.80+213547.4,20.43669435252849,21.59650895930752,0.414,red2,UNK,21.359703,21.28882,20.583908,20.003826,19.47517
012149.12+080925.5,20.454669750716334,8.157108819858081,0.7580618858337402,red1,QSO,22.521385,21.796593,21.250769,20.644085,20.175558
012210.18+130353.3,20.542430635453115,13.064831400835017,0.8166414499282837,red1,QSO,21.87809,21.759058,21.8403,21.475613,20.68553
012314.89+034851.9,20.812058580588825,3.8144401059733464,0.732,red1,QSO,21.688446,20.93931,20.150915,19.758518,19.035261
012321.25+310249.0,20.838561257833064,31.04697062578788,0.4659201502799988,red2,QSO,22.128716,21.621672,20.890491,20.259874,19.818333
012437.75+311920.9,21.157305043548263,31.322481401695786,0.4,red2,QSO,21.992212,21.371237,20.65766,20.13016,19.510706
012440.84+000127.6,21.170199719670226,0.024337639215171108,0.43253204226493835,red2,QSO,22.828041,22.071316,21.14516,20.369322,20.012218
012537.17+005145.7,21.404916128425086,0.8627083593958981,0.792,red1,UNK,21.887611,21.853529,21.435461,20.949121,20.409159
012550.21+034551.3,21.459231811406994,3.7642765059486023,0.7881172895431519,red1,QSO,22.717691,22.204792,22.127163,21.437912,21.042082
012603.60-082839.9,21.51503022873827,-8.477774050610785,0.825,red1,QSO,21.354128,20.883892,20.26042,19.69738,19.089056
012614.70+010406.8,21.561265784479517,1.068560900336149,0.81382155418396,red1,QSO,24.001326,24.13832,22.398617,21.258339,20.522106
012729.09-011012.0,21.871232125836272,-1.1700246683801376,0.772,red1,QSO,23.004623,22.406063,22.46255,22.186937,21.087877
012735.23+002447.8,21.896806323048395,0.413298458202932,0.8145814538002014,red1,QSO,22.304956,22.360691,22.323265,21.633135,20.793951
012746.07-010512.6,21.941985153915745,-1.0868605975091865,0.409,red2,UNK,21.47488,20.893188,20.423403,19.945147,19.350842
012833.43-024944.9,22.139314420406706,-2.8291659447663364,0.762,red1,QSO,21.598576,20.889624,20.564291,20.092041,19.449806
012839.75+003342.4,22.165655510606626,0.5617782621292324,0.435,red2,UNK,23.260864,22.534315,21.32923,20.57219,20.008684
012856.91+044814.5,22.237147427860123,4.804045654081855,0.706,red1,QSO,22.22436,21.721481,21.858686,21.523382,20.652891
012910.90-011311.3,22.295427597108386,-1.2198095855863447,0.4154443144798279,red2,QSO,22.748337,22.085106,20.912008,20.190372,19.814356
013010.09-011121.8,22.542062838707807,-1.1894002788329536,0.68,red1,QSO,22.06918,21.82489,21.278294,20.621956,20.251911
013027.61+001114.2,22.615069448163702,0.1872993990366954,0.746,red1,QSO,22.612717,22.246374,22.243225,21.599876,21.127378
013056.74+041012.0,22.736419553729036,4.170007859539249,0.7991416454315186,red1,QSO,22.017744,21.472876,20.432135,19.937027,19.35718
013209.76+104536.7,23.040706407414348,10.760203335558915,0.459,red2,UNK,22.20057,21.78861,20.965733,20.280867,19.622263
013210.60+150934.3,23.04419848805793,15.159533497030303,0.701402485370636,red1,QSO,21.98858,21.569796,21.312246,20.808409,20.271194
013215.63+011247.3,23.065159450682017,1.213155765171479,0.7001948952674866,red1,QSO,22.75642,21.97654,21.435188,21.019508,20.378504
013230.12+202513.4,23.12550364092033,20.42041604812331,0.869,red1,UNK,22.43385,21.868685,21.919943,21.484098,20.862967
013234.46+003924.2,23.143620496742756,0.6567343782708014,0.417,red2,UNK,22.024342,21.745285,20.817408,20.359766,19.770481
013434.87+001228.5,23.645315906190937,0.20792832014006785,0.35445573925971985,red2,QSO,23.14956,23.696117,24.742918,20.531889,21.542326
013436.31+004327.9,23.651306616155125,0.724435317246878,0.8153975009918213,red1,QSO,23.712435,23.910044,22.242764,21.415798,20.70653
013448.08-000654.1,23.700359319104393,-0.11505183201685171,0.772,red1,QSO,23.314735,22.852314,22.95645,22.633427,21.701395
013457.91+002738.2,23.74131089412422,0.4606358127261393,0.405,red2,UNK,21.848726,21.692785,21.242207,20.68951,19.905464
013518.00+153113.2,23.825026374406036,15.520350824430125,0.7485909461975098,red1,QSO,22.542187,22.097046,22.223963,21.888847,21.093184
013558.66+132940.8,23.994424667906628,13.494681507622174,0.7516598701477051,red1,QSO,22.580011,22.194948,20.774973,19.93097,19.568426
013600.23+004602.8,24.000967784092836,0.7674631191948047,0.35594627261161804,red2,QSO,22.882448,22.507252,21.08726,20.55275,19.87673
013613.72-002852.8,24.057179585644462,-0.4813406159054267,0.454,red2,UNK,22.735846,22.497932,20.970758,20.252365,19.778349
013706.93-000154.3,24.278911702492337,-0.03175867655341939,0.8043583631515503,red1,QSO,22.938011,22.456116,21.89796,21.010363,20.586332
013756.07+273702.0,24.483631081289502,27.61724994580877,0.7940673828125,red1,QSO,21.837149,21.473745,21.354052,20.927406,20.24401
013801.63+005241.3,24.50679585537109,0.8781653115989863,0.7890270948410034,red1,QSO,22.061903,21.879522,21.466581,20.653276,19.97836
013842.27+242005.9,24.676156769399938,24.33497579108508,0.468,red2,UNK,21.173513,20.833355,20.348063,19.732426,19.203367
013944.05-004251.4,24.93354253037709,-0.714281266823262,0.472,red2,UNK,22.017567,21.338377,20.498138,19.967335,19.402523
014123.84+000824.5,25.34935641755686,0.14015704558951086,0.735,red1,QSO,22.136896,21.69224,21.547699,20.96887,20.488976
014128.94-002208.5,25.37060668143598,-0.36905544524411277,0.8576143980026245,red1,QSO,23.02832,22.92287,22.775047,21.981964,20.987553
014154.11+210508.0,25.475487955256142,21.08556994972753,0.768,red1,UNK,19.78943,19.635057,20.7219,19.655233,19.263935
014158.85+163823.0,25.495248340597527,16.639747415295677,0.433,red2,UNK,22.442839,21.758543,20.546564,19.77055,19.40597
014228.76+233339.4,25.619846819726263,23.560962777718476,0.8478793501853943,red1,QSO,21.516697,21.151997,21.188028,20.840248,19.96149
014238.59-000844.2,25.66079758842517,-0.14562859803182054,0.7898015379905701,red1,QSO,22.46989,22.419867,21.964092,21.48044,20.730587
014318.76+215840.8,25.828177194428463,21.978000432903386,0.8648791313171387,red1,QSO,21.165226,21.274498,21.232763,20.81155,20.121136
014336.42+001841.0,25.901779971703036,0.3113996275344487,0.8382703065872192,red1,QSO,23.799583,23.172012,22.866068,21.832016,21.359798
014416.51+003613.1,26.068818269842183,0.6036504764278875,0.832082986831665,red1,QSO,22.753838,24.044888,22.563374,22.26978,20.745363
014416.66-002322.2,26.06942499503638,-0.38951065574491583,0.8667414784431458,red1,QSO,22.488333,22.385904,22.189213,21.863909,20.937653
014449.00+004838.1,26.20419275808075,0.8106106717303792,0.3135926127433777,red2,QSO,22.831057,22.343016,21.724857,21.257648,19.924067
014453.42+002821.5,26.222590864306973,0.4726619188438689,0.7838147878646851,red1,QSO,22.262548,21.667692,21.16962,20.488825,20.088284
014514.62+123037.6,26.310937894722997,12.510448995528886,0.8443728685379028,red1,QSO,21.719826,21.750177,21.487574,20.80399,20.147697
014520.55-002440.3,26.33565371165077,-0.41121275275088165,0.8063079714775085,red1,QSO,23.308622,24.506317,22.758196,22.01783,21.04561
014550.42-024652.3,26.460083562807995,-2.7812168591234165,0.779155433177948,red1,QSO,22.338036,21.671381,21.341986,20.986408,20.212084
014701.32+094748.6,26.755503605442357,9.79684863958121,0.8657166361808777,red1,QSO,21.609352,21.583017,21.522844,21.138988,20.418766
014747.11-001822.6,26.94632377645562,-0.3062950459707725,0.702268660068512,red1,QSO,22.439882,21.952078,21.731756,21.301939,20.646416
014750.84+005143.2,26.961840865616132,0.8620206438103739,0.36230844259262085,red2,QSO,21.742004,21.376064,20.166378,19.55484,18.958405
014812.11+001545.5,27.05049752076502,0.2626634581026534,0.42323365807533264,red2,QSO,22.479012,21.790934,21.094736,20.657106,20.09088
014815.93+000555.3,27.066395456790893,0.09871197351413637,0.41354814171791077,red2,QSO,23.066341,22.492414,20.97597,20.374407,19.744053
014828.38-093612.4,27.11828,-9.603455,0.789268,red1,UNK,21.839111,21.304726,20.941788,20.469864,19.686354
014853.88-002426.4,27.22453686237968,-0.40733497329769797,0.7301117181777954,red1,QSO,22.55474,21.819435,21.828495,21.182384,20.807632
014934.57-004752.3,27.394061095578827,-0.7978627792811446,0.7613810300827026,red1,QSO,22.63701,22.609743,21.944382,21.303965,20.510426
014941.51+084549.0,27.422992388363355,8.763625791778399,0.44610676169395447,red2,QSO,21.664366,21.562078,20.728935,20.062782,19.719275
015028.59+295101.7,27.619135093650357,29.850482922660667,0.8265276551246643,red1,QSO,22.107975,21.721458,21.974298,21.653387,20.821718
015030.25+063255.5,27.626077321984212,6.548770517903355,0.7511008381843567,red1,QSO,22.196848,21.532785,21.233757,20.621874,20.168182
015042.05-095627.7,27.675216,-9.941052,0.702055,red1,UNK,21.605804,21.182384,20.867739,20.393827,19.810713
015053.64-000904.8,27.723517538888473,-0.15136049835415355,0.78,red1,QSO,23.33742,22.78414,22.204227,21.624018,20.931776
015057.91+003902.0,27.741301132597073,0.650555949804477,0.875,red1,QSO,22.568161,22.533869,22.194828,21.71576,21.010332
015112.96+003028.6,27.804027914043022,0.5079671357186901,0.699120283126831,red1,QSO,22.080893,21.576439,20.78871,20.024527,19.665487
015116.39+005222.5,27.818302185325976,0.8729333313365903,0.8525525331497192,red1,QSO,23.627455,24.703018,23.026731,22.112368,21.43213
015140.37+274200.8,27.918222649831762,27.700226912587812,0.8768522143363953,red1,QSO,22.0018,21.684383,21.287647,20.830013,20.153904
015319.34+100440.1,28.330586095420983,10.077809523283438,0.43766355514526367,red2,QSO,21.56162,21.316866,21.036272,20.5149,20.000906
015410.71+311519.0,28.544641723202574,31.255286721497196,0.7707043886184692,red1,QSO,22.268267,22.149197,21.604008,19.85778,20.576822
015632.14+251607.2,29.133932875522703,25.268673879301826,0.7414471507072449,red1,QSO,21.007328,21.366856,21.064156,20.3333,19.955202
015643.41+264307.7,29.18091362976179,26.718812252485883,0.862,red1,QSO,21.82414,21.282963,21.343853,20.965616,20.202557
015753.29+150137.6,29.47204252658264,15.027135855123984,0.6942561864852905,red1,QSO,22.706976,22.02596,21.39031,20.719896,20.17916
015810.49+062542.4,29.543738014410394,6.4284543838868995,0.28605005145072937,red2,QSO,21.69346,21.599724,20.959547,20.481041,19.722094
015823.70-010612.1,29.598750840832373,-1.1033636274028167,0.7605683207511902,red1,QSO,24.07441,24.362837,22.704304,21.416527,20.607483
015824.83+212951.3,29.603466233626534,21.497598788725192,0.477,red2,UNK,20.928576,21.493986,20.609863,19.871265,19.415054
015947.02+275234.6,29.94595681607899,27.87628654360321,0.7315687537193298,red1,QSO,22.161085,21.660315,21.599928,21.159004,20.50952
015959.63-003815.9,29.998472350345523,-0.637751453329353,0.8392949104309082,red1,QSO,21.910141,21.627403,21.623358,21.284237,20.527256
020045.80+071025.4,30.190856702368137,7.173722360598723,0.8020148873329163,red1,QSO,22.486486,21.963064,21.750214,21.466686,20.606995
020112.55-092016.7,30.302325935230073,-9.337998645577692,0.33838921785354614,red2,QSO,21.938234,21.817352,20.70086,20.222172,19.644527
020114.75+004755.0,30.3114713676149,0.7986274194764371,0.8038391470909119,red1,QSO,22.061087,21.974237,21.932882,21.540045,20.869305
020228.72-045045.9,30.619680991953203,-4.846110533847157,0.292,red2,QSO,21.230911,20.895548,19.905794,19.490305,18.900486
020239.62+205438.0,30.665087649504585,20.910563730838177,0.3409949243068695,red2,QSO,22.531755,22.000607,20.529219,19.960644,19.206837
020256.62+204332.4,30.735929939892742,20.72567914312505,0.7546750903129578,red1,QSO,21.4786,21.360435,21.279507,20.759209,20.203836
020258.94-002807.5,30.745607625917785,-0.46875172689956,0.33911460638046265,red2,QSO,20.35691,20.064383,19.413683,19.013765,18.31272
020317.99-062900.4,30.82499478564597,-6.483453165738811,0.8,red1,GALAXY,22.909157,22.118586,21.780987,21.32942,20.736822
020330.67-062901.7,30.87783260690449,-6.4838269575989695,0.434,red2,QSO,22.913595,24.399956,22.435652,21.58421,21.034409
020407.68-062359.0,31.032031072441818,-6.3997484077534414,0.824,red1,QSO,22.095575,21.57393,21.482882,20.949837,20.386383
020435.86-002321.5,31.14943445494105,-0.38932861108599537,0.6858673095703125,red1,QSO,23.062181,23.046894,22.29887,21.398232,21.25865
020454.66-051014.4,31.227758996839505,-5.170693462668748,0.697,red1,GALAXY,21.919676,22.87017,22.151049,21.563765,21.032604
020457.53-005755.7,31.239716765463072,-0.9654977236197664,0.445,red2,UNK,21.501886,20.933382,20.080204,19.459375,18.986742
020504.45-065412.5,31.268580509930807,-6.903490283142937,0.731,red1,QSO,22.49555,22.757399,22.258875,21.821878,20.697487
020511.71+001232.7,31.29881795904666,0.20909742616035468,0.833619236946106,red1,QSO,21.791752,21.589733,21.51851,21.229187,20.263447
020513.66-010528.2,31.30695571759405,-1.0911935830122703,0.429,red2,UNK,21.398209,21.205038,20.737696,20.11107,19.491076
020542.94-065941.3,31.42894005466011,-6.9948324132327535,0.685,red1,QSO,23.218002,22.736448,22.297552,21.838789,21.241497
020557.52-010416.7,31.489695717890534,-1.071327906692651,0.7,red1,UNK,21.742334,21.204311,21.25429,20.745602,20.166222
020601.42-043806.0,31.505947629373736,-4.635001981352675,0.72,red1,QSO,22.773844,22.745686,22.045992,21.289099,20.731762
020621.67-060952.7,31.59029960436461,-6.164639068798514,0.413,red2,QSO,21.519653,21.237453,20.461248,19.864647,19.389627
020631.49-063603.0,31.631240999045886,-6.60085443483875,0.831,red1,QSO,21.721508,21.29616,21.14451,20.704775,20.12927
020634.59-060242.0,31.644153139026614,-6.045017957725981,0.845,red1,QSO,22.251791,22.15212,21.725445,21.116745,20.10849
020636.12-060831.5,31.650512947072187,-6.142101515161126,0.777,red1,QSO,22.92748,22.453272,21.796684,20.94125,20.644886
020641.01+312710.3,31.67088806522878,31.452885566052196,0.8353427052497864,red1,QSO,21.560959,21.29995,21.095886,20.60869,20.039948
020648.97-040743.0,31.704080974567034,-4.128613584228998,0.703,red1,QSO,22.923939,23.179731,22.50323,21.298462,21.181139
020832.99-063155.1,32.13746109160659,-6.53198487372547,0.746,red1,QSO,24.05677,23.281057,22.623657,21.601484,21.21058
020854.31+031555.7,32.22629477953279,3.26549346850102,0.751,red1,QSO,22.314667,21.62593,20.883804,20.350056,19.84675
021010.73-043540.4,32.544725405479525,-4.594581060506518,0.8437216877937317,red1,QSO,23.987463,23.613916,22.787691,21.841866,20.760914
021256.17-040304.1,33.23408250161319,-4.0511626661922975,0.737,red1,UNK,22.802248,22.391644,21.735819,20.986122,20.415157
021316.20+002647.5,33.317513932246065,0.4465360667108359,0.811,red1,QSO,22.213589,21.440695,20.86112,20.343824,19.824299
021329.49-033021.4,33.372891999870575,-3.505959785616915,0.746,red1,QSO,21.888885,22.07752,21.690775,20.997875,20.605639
021350.92-040819.3,33.46218824212855,-4.138702659729207,0.347,red2,GALAXY,23.20046,22.464327,21.057074,20.448265,19.936354
021428.21+001025.4,33.61757863975748,0.17374672933670077,0.8166284561157227,red1,QSO,22.799017,22.298988,22.122292,22.093884,20.680676
021549.67-010533.0,33.956963368726356,-1.0925167711240515,0.8,red1,QSO,22.766418,22.207205,21.639578,21.126846,20.458588
021605.09-001019.0,34.021208200442516,-0.17194464200438056,0.4372101426124573,red2,QSO,22.330782,21.877821,21.463284,21.060951,20.370924
021607.32-034717.4,34.03050776601214,-3.7881860064164683,0.4718904495239258,red2,QSO,22.105154,22.470552,22.354383,21.682123,21.289366
021800.10-094027.7,34.500448,-9.674387,0.440524,red2,UNK,20.78266,20.707384,20.144133,19.453964,18.939022
021944.36-052053.8,34.93483328142025,-5.348302973144376,0.471,red2,QSO,20.208326,19.90309,20.16279,19.466467,18.996864
021946.18-050041.2,34.94244904722785,-5.011448335407339,0.77,red1,QSO,22.89519,22.707706,21.941975,21.156496,20.562748
022026.28-041623.6,35.10953664782912,-4.273246262583942,0.331,red2,QSO,22.073803,21.355055,19.953184,19.42014,18.925402
022058.08-001509.9,35.24203647931429,-0.25275059416067464,0.7920607924461365,red1,QSO,22.116976,22.167479,21.815496,21.066586,20.715792
022231.25-031743.7,35.630214570478806,-3.295497591859169,0.8307408690452576,red1,QSO,22.481459,21.761885,21.862576,21.570347,20.55537
022305.26-042800.7,35.77191799645736,-4.466872695686062,0.819,red1,UNK,23.090044,22.40934,22.315294,21.922815,21.238754
022418.49-003550.9,36.07706232268211,-0.5974888907238309,0.38117387890815735,red2,QSO,23.234224,22.886063,23.758192,23.493843,22.1802
022430.56-050841.8,36.12736440015957,-5.144952913504708,0.322,red2,QSO,21.924286,21.622112,20.302828,19.862066,19.209671
022438.66-051146.6,36.161115653351224,-5.196303263577902,0.765,red1,UNK,22.567446,22.148418,21.529222,21.080435,20.379623
022505.13-053648.1,36.271386290352446,-5.613377856234613,0.682,red1,UNK,22.525864,22.169516,21.377165,20.773308,20.05788
022517.25-051323.0,36.32190628495174,-5.223061114095953,0.8709495663642883,red1,QSO,22.90482,22.3423,22.080664,21.837132,20.68565
022530.86-051050.3,36.37860049547773,-5.180658170878577,0.7695964574813843,red1,QSO,23.00178,22.403988,21.63377,20.996275,20.493568
022534.77-011525.8,36.39491543914002,-1.2571907940414877,0.365,red2,QSO,20.940575,20.824013,20.196693,19.78921,19.115026
022538.91-012519.8,36.41214596403161,-1.4221783446403826,0.7275000214576721,red1,QSO,22.404778,21.676428,21.35522,20.656595,20.291922
022553.79-054310.3,36.4741542143194,-5.719546627060696,0.855,red1,QSO,22.360495,21.734829,21.477835,20.974436,20.472713
022607.45-053210.2,36.53105874667172,-5.536183295630885,0.78,red1,QSO,22.305513,21.996847,21.602606,21.034233,20.58757
022700.54-003328.0,36.75225820490232,-0.5577953567681966,0.775,red1,QSO,23.264124,24.28728,23.468342,21.901207,21.31201
022732.53-005812.1,36.885579337917875,-0.9700460634814694,0.866,red1,QSO,22.715715,22.444847,22.125013,21.56925,21.091862
022742.00+002817.0,36.92501540772271,0.47139441089281675,0.384,red2,QSO,21.184326,21.021524,20.34576,19.943521,19.336845
022759.70-003238.4,36.99875816818874,-0.544026216027063,0.4096454381942749,red2,QSO,23.256617,22.927204,23.939768,23.994684,22.305977
022950.40-055912.0,37.460018101723556,-5.986678262881565,0.7767046093940735,red1,QSO,22.192162,22.600107,22.329247,21.60456,21.023958
023016.22-044359.8,37.567617547323884,-4.7332910927289085,0.695,red1,UNK,22.46696,21.974226,21.521366,21.02856,20.392935
023027.05-005857.7,37.61274028261596,-0.9826947234225443,0.398,red2,QSO,21.217552,20.85181,20.111492,19.573366,19.04944
023223.26+002755.7,38.09695455083678,0.46547771332257887,0.739,red1,QSO,22.307568,21.872766,21.936857,21.654398,20.762894
023324.07-042629.9,38.3502992636351,-4.441641170994035,0.707,red1,UNK,22.2933,22.38224,22.28727,21.377657,20.927378
023333.61-041240.2,38.39007172305376,-4.211183449051354,0.877,red1,QSO,22.15277,22.196865,21.755335,21.53815,20.460333
023421.31-002925.3,38.58882096403977,-0.49037121159712793,0.829,red1,QSO,22.833286,22.67774,22.451757,21.917507,21.277191
023436.15+000449.2,38.650656642038214,0.08033621357804467,0.78,red1,QSO,23.0455,22.337646,22.060978,21.457483,20.766212
023534.00-004048.8,38.89169544212153,-0.6802381972994462,0.682,red1,QSO,22.985714,22.327425,22.176193,21.263983,20.889565
023611.39+010857.5,39.04749809390779,1.1493282433960355,0.722,red1,UNK,22.394115,22.06326,22.066153,21.271341,20.931519
023738.66-051133.9,39.411121820032506,-5.192774665116289,0.302,red2,QSO,21.942259,21.328959,19.9786,19.60794,18.900955
023744.13+000118.5,39.43389362588082,0.02181621432504907,0.813,red1,QSO,21.302118,21.069702,21.000566,20.612965,19.984722
023803.35-005342.5,39.51396365599071,-0.8951608640477705,0.75,red1,QSO,22.654509,21.984396,22.031975,21.494328,20.905748
023920.45-002723.9,39.83522040644306,-0.45664174701979127,0.686,red1,QSO,23.437555,22.833368,22.499811,22.004099,21.431202
023943.01+010354.9,39.929225762760154,1.0652632414813854,0.693,red1,QSO,22.018084,22.071918,21.897255,21.32184,20.689472
024034.93-011348.0,40.145561787562286,-1.2300160559724302,0.72,red1,QSO,23.017931,22.615929,22.201628,21.585394,20.566675
024037.11+004424.6,40.15463806704976,0.74018729650017,0.8044284582138062,red1,QSO,22.897835,22.731268,22.585018,21.99219,21.338146
024039.69-001841.4,40.16538643299642,-0.31150609979082367,0.726,red1,QSO,22.036991,22.016193,21.820896,21.377123,20.674938
024143.79+000145.2,40.43246447784903,0.029237981070291255,0.8052237033843994,red1,QSO,22.310085,22.346031,22.214367,21.754498,21.2107
024450.98-001722.0,41.21243914024053,-0.289461390491919,0.8456603288650513,red1,QSO,22.82133,22.857111,22.728369,22.024761,21.577837
024452.06+004126.0,41.21692764403973,0.6905654856574323,0.7726301550865173,red1,QSO,22.968891,22.98533,22.810715,22.549768,21.47807
024458.93+005736.9,41.24557414458144,0.9602633187941122,0.7,red1,QSO,21.90712,21.69455,21.353218,20.78895,20.345491
024502.93-000323.3,41.262209381056806,-0.05648973220499671,0.349631667137146,red2,QSO,23.309858,22.871792,22.884167,22.22622,21.855177
024632.75-002927.8,41.63649522087229,-0.49107776226390387,0.834,red1,QSO,23.515171,23.40718,22.6779,21.84604,21.421984
024710.01+001049.1,41.791714416571075,0.18031257707311635,0.772,red1,QSO,22.09724,22.017027,22.015993,21.494816,20.957523
024847.28-005747.1,42.19702725695254,-0.9630880573907671,0.387,red2,UNK,21.808912,21.455313,20.84579,20.341705,19.82109
024949.76-000943.2,42.4573680430845,-0.16202009796057568,0.7301766872406006,red1,QSO,22.488575,21.870667,21.763794,21.202002,20.459053
025042.90-004138.8,42.67875014445848,-0.6941284386397274,0.457,red2,UNK,21.439655,20.998714,20.515833,19.893301,19.29839
025139.32-005807.9,42.91386888095555,-0.9688886013622552,0.760988712310791,red1,QSO,22.237051,21.807955,21.61919,21.187044,20.512463
025454.21-003615.4,43.72587868984564,-0.6043010671160626,0.86,red1,QSO,21.694847,21.668066,21.41134,20.953564,20.38876
034139.65-005550.1,55.415223,-0.930584,0.7664,red1,UNK,22.222445,21.588066,21.59105,20.887096,20.037535
072932.94+401233.2,112.38728059010012,40.20924596787113,0.7178769111633301,red1,QSO,21.700209,21.546204,21.531563,21.140324,20.37135
073401.39+314309.4,113.50582532502884,31.719302567715353,0.688,red1,QSO,22.434444,22.244278,21.368118,20.540318,19.970108
073428.52+380008.6,113.61885466509324,38.002414430090326,0.692,red1,UNK,22.57056,21.948374,21.021904,20.172129,19.783525
073525.24+435310.3,113.85517140042165,43.886195041800356,0.428,red2,QSO,22.373333,21.984367,20.969267,20.405954,19.819872
073951.23+204508.5,114.96349925209809,20.752376921705267,0.8158581852912903,red1,QSO,22.570314,21.93791,21.454453,21.050608,20.412373
074056.16+311208.1,115.23402000657302,31.202267983853403,0.395606130361557,red2,QSO,22.454014,21.952251,21.254795,20.607056,20.253864
074101.54+200324.2,115.2564268584203,20.056735466912308,0.779,red1,UNK,24.721092,23.978884,23.072762,21.524078,21.20751
074808.11+475539.6,117.0338264561135,47.9276718839205,0.4617342948913574,red2,QSO,22.20077,22.141897,21.209295,20.556767,20.16265
074811.31+213805.0,117.04713177174943,21.63473032605898,0.782,red1,UNK,22.851017,22.605654,21.746254,21.310488,20.502333
074841.89+435550.9,117.174570692131,43.930810525991824,0.6976061463356018,red1,QSO,22.334148,22.083357,21.221607,20.572227,19.775082
075400.60+240741.7,118.50251429527401,24.128276253200134,0.6961213946342468,red1,QSO,22.092663,21.626297,21.61681,21.291775,20.529636
075430.13+215322.4,118.62555026349091,21.88955844915777,0.397,red2,QSO,21.518642,21.070608,20.413437,19.931149,19.411247
075557.70+463317.2,118.9904412646026,46.55479204310956,0.3549064099788666,red2,QSO,21.657686,21.329273,20.466581,19.991879,19.466576
075620.19+444233.6,119.08412575239377,44.70934659894936,0.7861542701721191,red1,QSO,22.404528,21.954346,21.885166,21.478212,20.834492
075656.39+265640.3,119.23498621520723,26.944530554999854,0.8740000128746033,red1,QSO,22.512577,21.785818,21.44569,20.84053,20.439491
075703.65+301905.4,119.26523132398114,30.318171722537514,0.4503614902496338,red2,QSO,22.013227,21.377932,20.748356,20.269838,19.609055
075838.80+435731.1,119.6616923545777,43.9586400471495,0.4037623107433319,red2,QSO,20.82821,21.563763,22.000406,21.229813,20.96175
075947.73+112507.3,119.948877,11.418709,0.337459,red2,UNK,20.511822,20.407314,19.414555,18.993168,18.320568
080016.23+432352.0,120.06763325106334,43.397805266253556,0.689,red1,UNK,21.89609,21.411333,20.902327,20.254128,19.828526
080035.90+310323.1,120.14961271397932,31.056427747299548,0.6997666358947754,red1,QSO,22.359392,21.660023,21.389101,20.679901,20.3594
080100.62+225334.9,120.25258645617706,22.893055536651392,0.40384820103645325,red2,QSO,22.692823,22.02516,21.39435,20.802145,20.37363
080450.65+400645.8,121.211070780694,40.1127457808522,0.7641018629074097,red1,QSO,22.288034,21.971952,21.859638,21.598585,20.718195
080731.41+494847.2,121.88089091347028,49.81312324058024,0.7376812696456909,red1,QSO,22.698679,23.247698,22.179811,21.206215,20.329037
080731.73+395350.4,121.88223859932239,39.89735831045269,0.37234100699424744,red2,QSO,22.804684,22.27457,21.339712,20.78657,19.985922
080821.55+055834.9,122.08982937117028,5.976361675722789,0.341,red2,UNK,22.942873,22.305857,20.288162,19.752449,19.24237
080821.76+451629.8,122.09066684542225,45.27495642252289,0.6906533241271973,red1,QSO,23.05293,22.775644,22.269958,21.168251,20.57841
080837.03+534855.9,122.15433198462982,53.81553491175797,0.301,red2,QSO,21.16671,21.377056,20.087313,19.85198,18.7649
080912.04+454502.2,122.30017364149359,45.750633133157926,0.77,red1,QSO,20.5433,24.980448,24.709265,24.293047,19.825394
080941.47+521023.3,122.42279781592117,52.173146521524636,0.7969183325767517,red1,QSO,22.801123,22.72841,22.429815,21.442602,20.47501
081019.52+221258.0,122.58137391909537,22.216116491049874,0.7411031723022461,red1,QSO,22.420092,22.113989,21.47522,20.739761,20.348423
081328.47+480007.2,123.36863695719968,48.0020146168316,0.4600452184677124,red2,QSO,19.400257,19.530073,24.676054,24.267527,18.794392
081338.99+524033.6,123.41248948612521,52.67600553352417,0.393,red2,QSO,21.098646,20.87256,20.714642,20.263702,19.61166
081403.56+461212.9,123.51486399426416,46.20360681973021,0.872,red1,QSO,21.57358,21.930233,21.723186,21.317734,20.68093
081519.44+525902.6,123.8310377263784,52.98405924494804,0.7066774368286133,red1,QSO,23.809517,24.785873,24.588316,23.897068,20.325499
081540.04+570023.9,123.91686787362391,57.00666070177467,0.806,red1,QSO,22.377611,21.995993,21.880074,21.702541,20.584717
081543.50+531837.2,123.93127096886454,53.31034001705328,0.8112221956253052,red1,QSO,23.417875,22.978674,23.044674,21.3788,20.357512
081802.05+222244.9,124.50856360835083,22.3791593933159,0.398284375667572,red2,QSO,21.61597,21.405352,20.589201,19.992395,19.447792
081924.37+432206.4,124.85156242641922,43.36844768222572,0.7912275195121765,red1,QSO,21.663406,21.269705,20.743462,20.792002,19.084988
081956.93+463655.8,124.98722820620469,46.61551089790982,0.788,red1,UNK,21.74278,21.311043,20.55964,19.899984,19.265234
082000.21+090727.2,125.00089659325394,9.124231430363677,0.4,red2,UNK,23.510677,22.965584,22.09144,21.222504,20.67826
082007.17+325412.0,125.02990096670855,32.90334983105757,0.7077330946922302,red1,QSO,22.380697,21.67306,21.104483,20.51077,19.970139
082023.37+454958.3,125.09737496156254,45.83288885168725,0.815,red1,QSO,22.785202,22.490396,21.56166,20.943216,19.990997
082041.64+260544.7,125.17353107210843,26.095751068281153,0.7967262268066406,red1,QSO,21.971687,21.836132,21.526434,20.873232,20.102898
082048.08+571439.7,125.20034099938657,57.2443705168471,0.7863064408302307,red1,QSO,23.807169,24.767315,23.045305,21.733519,20.926949
082104.88+500848.8,125.27034645202002,50.14689910539739,0.8254467248916626,red1,QSO,22.604784,22.424673,21.536432,21.072077,20.288994
082136.62+563059.9,125.4026195273751,56.51664254404303,0.692,red1,QSO,21.890726,21.760912,22.020197,21.817308,20.75945
082205.60+492533.2,125.5233527574976,49.425892159151545,0.8027194738388062,red1,QSO,24.043793,23.676281,22.506556,21.672243,20.386387
082257.84+481404.5,125.74103347538411,48.23458750395496,0.7353227734565735,red1,QSO,22.846104,22.073267,21.556475,20.842653,19.988436
082416.66+580411.3,126.06941734417282,58.06981136221554,0.8455502390861511,red1,QSO,21.889757,22.013868,22.097229,21.601322,21.068563
082440.49+504734.1,126.16871990853306,50.792810428011045,0.8165916800498962,red1,QSO,23.242405,23.305765,22.409681,21.436798,20.365871
082644.71+253043.0,126.68631571741804,25.511965879192218,0.8096432685852051,red1,QSO,22.630648,22.704315,21.95305,20.996017,20.17221
082821.87+555852.1,127.09116041309304,55.98114010456612,0.6804364323616028,red1,QSO,22.755173,24.594305,23.411865,21.883324,20.308325
082856.20+515428.8,127.234199761448,51.90802385130656,0.8575577139854431,red1,QSO,21.885641,21.13808,20.44712,19.826748,19.181257
082900.37+473341.4,127.25156029257283,47.56150566402945,0.7767991423606873,red1,QSO,23.540361,23.715656,22.784698,21.724037,20.495316
082908.73+314805.3,127.28637883164383,31.80148029129621,0.8557556867599487,red1,QSO,20.083202,19.896284,21.4222,21.515408,19.795221
083021.52+515611.1,127.58968644909454,51.93644033294933,0.712,red1,QSO,22.885601,22.338924,22.151249,21.555555,20.59149
083134.27+490649.9,127.89281551578073,49.113886451184584,0.8220012187957764,red1,QSO,24.835629,24.657494,22.514322,21.355581,20.25732
083223.04+555511.2,128.09600254839592,55.91979907502905,0.40759438276290894,red2,QSO,24.23854,25.223875,24.836582,21.450817,20.818808
083348.53+560049.0,128.45223600795407,56.013629233652665,0.809,red1,QSO,23.076591,24.25233,21.281263,20.202303,19.37226
083350.65+554215.7,128.4610819789204,55.70438067829577,0.358,red2,QSO,21.830513,21.865911,21.079401,20.647814,19.626074
083423.93+450159.0,128.59972079237926,45.03306058844908,0.458,red2,QSO,22.280993,22.159004,21.224554,20.49816,20.218258
083512.73+535715.1,128.80306075113896,53.954205781249485,0.8282939195632935,red1,QSO,22.75249,23.474337,22.679005,21.74156,20.495869
083540.47+274144.2,128.91862605196593,27.695618194805345,0.794,red1,QSO,22.341244,21.661993,20.941462,20.478464,19.80394
083623.02+555751.4,129.09594957235782,55.96430070097935,0.779,red1,QSO,21.98755,21.412764,21.906769,21.086935,20.68758
083624.84+314744.5,129.10352877628006,31.79570154837777,0.41474613547325134,red2,QSO,21.741566,21.17335,20.68771,20.253237,19.61874
083659.56+274837.4,129.24818634759416,27.810392446916715,0.4529537260532379,red2,QSO,21.355013,20.972519,20.845535,20.304502,19.796734
083701.06+272747.0,129.25443874431636,27.463058098395,0.7085781097412109,red1,QSO,22.122845,21.574076,21.026485,20.337313,19.810513
083829.51+465455.7,129.62296957320004,46.915487815398,0.845,red1,QSO,22.137323,21.920021,21.84582,21.570576,20.687515
083833.73+304327.4,129.640563,30.724301,0.868516,red1,UNK,19.375393,19.040392,24.683533,24.271963,18.733711
083901.02+505623.3,129.75426648513357,50.93980796662236,0.6805436611175537,red1,QSO,23.851143,24.227877,23.169744,21.804924,20.804888
083947.18+393356.4,129.94660526991134,39.565676295989576,0.7230058908462524,red1,QSO,22.494513,21.915813,21.898565,21.552456,20.512495
083948.64+225734.3,129.95270718695934,22.95954693471397,0.7724884152412415,red1,QSO,22.935114,22.17488,21.524359,20.806213,20.2931
084012.05+470724.1,130.05021255068945,47.1233728106167,0.85,red1,QSO,22.551056,22.065462,21.254408,20.854965,20.18306
084021.95+264827.1,130.09147718829007,26.807543798537758,0.8683837056159973,red1,QSO,22.386662,21.699963,21.797615,21.492662,20.608013
084046.22+090229.3,130.19260223617854,9.04149925244563,0.779,red1,UNK,22.015747,21.503265,21.204382,20.521656,19.955187
084049.48+234922.9,130.2061741724823,23.823039348173424,0.7795822620391846,red1,QSO,22.016808,21.699316,21.606834,21.061234,20.465906
084217.97+594621.8,130.5748832975691,59.772729639749926,0.7623650431632996,red1,QSO,21.817852,21.807032,21.83726,21.464193,20.760954
084258.86+203129.6,130.74527555785062,20.524901259560195,0.8385195732116699,red1,QSO,22.846127,22.267563,22.01957,21.560154,20.895737
084309.86+294404.6,130.791084,29.734636,0.397987,red2,UNK,20.895674,20.453924,19.819239,19.04558,18.757402
084311.18+081320.5,130.79661488646707,8.222372194884278,0.696,red1,UNK,22.885208,22.116848,21.833885,20.817518,20.226873
084311.66+464722.0,130.79862036617084,46.78946097120151,0.8567355275154114,red1,QSO,22.953663,24.324772,22.958536,21.809393,20.69152
084332.31+492116.4,130.8846333066918,49.35458056860521,0.421,red2,UNK,20.797897,20.609138,20.197062,19.654276,18.93551
084400.43+554402.2,131.00179197782194,55.733954863603365,0.841171383857727,red1,QSO,22.794914,23.362982,22.854935,21.566189,20.742144
084522.94+550415.2,131.34560240761456,55.0709046068278,0.7408073544502258,red1,QSO,22.947744,22.657969,21.88729,21.04795,20.291899
084524.50+554050.0,131.35208531368542,55.680566668421974,0.7666433453559875,red1,QSO,24.971613,24.498974,23.293512,21.974876,21.092276
084541.49+553117.8,131.42287681489276,55.521638471360845,0.46799904108047485,red2,QSO,22.272789,21.814116,21.57237,20.769173,20.173964
084611.70+504639.4,131.54877264344867,50.77762290445891,0.764,red1,QSO,22.701574,22.05975,21.61586,20.659323,20.09767
084624.55+035203.3,131.60230812754236,3.8676103046307313,0.735,red1,QSO,21.947277,21.430565,21.7234,21.110144,20.608786
084804.52+175353.8,132.01885357607034,17.89829835257144,0.8644838929176331,red1,QSO,22.502165,21.782148,21.004389,20.452497,19.91576
084807.59+205525.5,132.03163744517306,20.923769923477767,0.4791471064090729,red2,QSO,21.269535,21.179752,21.206297,20.796387,20.177525
084827.09+254318.9,132.11291564003736,25.721936035744466,0.6889434456825256,red1,QSO,21.362398,21.222324,20.649414,20.01829,19.635147
084857.88+534709.2,132.24117957002375,53.78590325049371,0.735,red1,QSO,22.343458,21.588465,21.293913,20.748774,20.28096
084943.41+445431.8,132.43088804857186,44.90885826510232,0.463,red2,QSO,21.956823,21.468096,20.771244,20.077456,19.517
084959.83+361644.4,132.4992994673768,36.27902681380369,0.396,red2,QSO,22.638702,21.946884,20.753458,20.120773,19.541195
085109.11+221631.1,132.78798864602152,22.27531108040058,0.44151541590690613,red2,QSO,20.055279,19.325891,21.323738,21.027239,18.92344
085113.08+292803.8,132.80452609380646,29.46773884133586,0.8192818760871887,red1,QSO,21.596376,21.316914,21.205725,20.201147,19.710203
085155.70+244457.4,132.98211582736946,24.749280352009517,0.4,red2,UNK,20.969072,20.87385,20.074554,19.564278,19.068363
085158.94+040924.2,132.99562151163468,4.156744807823996,0.454,red2,UNK,22.287079,21.719624,20.331133,19.635979,19.178059
085159.86+504041.9,132.99943292808544,50.67833047157412,0.46954965591430664,red2,QSO,22.7234,22.141935,21.419395,20.411415,19.644957
085357.38+525004.8,133.48910367710454,52.834674013015515,0.6801478862762451,red1,QSO,24.900469,24.637814,22.790628,21.510408,20.86776
085421.49+174100.9,133.58957895853638,17.683598308758636,0.7616488933563232,red1,QSO,23.014225,22.368814,22.08311,21.767967,20.950409
085428.72+480342.3,133.61970143443972,48.061764931951586,0.88,red1,QSO,22.6166,21.977337,21.676664,21.408283,20.500834
085505.94+531723.4,133.77476796672013,53.28984114114375,0.40899747610092163,red2,QSO,22.852869,22.398731,21.820108,20.665842,20.399178
085523.61+411705.4,133.84839622014027,41.28484917806177,0.43405774235725403,red2,QSO,21.81833,21.430153,20.60801,20.034012,19.580635
085531.17+242314.7,133.87989453796422,24.38743703285105,0.819,red1,QSO,22.43154,21.659323,21.873322,21.499666,20.76595
085537.81+155409.0,133.90757796566166,15.902502063100657,0.442,red2,UNK,21.583174,21.236849,20.602175,19.931562,19.502048
085631.07+105635.7,134.12946023482044,10.943273353211154,0.463,red2,UNK,21.876587,21.455704,20.511541,19.733362,19.489801
085654.82+375513.4,134.22842596510498,37.920396406541144,0.78,red1,GALAXY,23.093092,22.610826,21.8815,21.045103,20.246136
085700.04+353433.5,134.250204,35.575987,0.328763,red2,UNK,20.805426,20.8351,19.749844,19.087437,18.655104
085700.06+100133.3,134.25025404708305,10.025931972068317,0.457,red2,UNK,22.29717,21.57988,20.652231,19.87175,19.419764
085718.01+360936.6,134.32507561667626,36.16017760086513,0.7239560484886169,red1,QSO,22.412996,21.815096,21.385424,20.731384,20.278568
085750.23+504554.2,134.45931119692415,50.765079625333755,0.7130053639411926,red1,VI,22.247313,22.396084,21.57502,20.931776,20.566677
085859.81+442346.1,134.74923357349883,44.39615687773892,0.471,red2,QSO,21.848959,21.275337,20.488716,19.659164,19.357574
085910.40+423911.3,134.79335543243647,42.65314784937498,0.36082595586776733,red2,GALAXY,19.858034,19.286467,19.3445,18.351547,17.938824
090003.26+533715.7,135.0136104111931,53.6210463164144,0.7664218544960022,red1,QSO,23.917154,23.772142,23.13157,21.494179,20.885378
090222.25+480206.4,135.59274488332227,48.03512051485168,0.469,red2,UNK,22.155653,21.434351,20.924501,20.14452,19.862377
090228.88+570425.2,135.62034580785252,57.073673952169806,0.8431551456451416,red1,QSO,21.768044,21.601414,21.32475,20.887688,20.111612
090307.06+280741.4,135.77942663374648,28.12819250057575,0.821,red1,QSO,22.820831,22.422964,21.728964,20.710032,20.353943
090751.95+465619.2,136.9664859838889,46.93868497063632,0.4426823854446411,red2,QSO,21.953812,21.489626,20.892876,20.194828,19.871447
090851.38+552808.2,137.2140968486131,55.468967807793256,0.38219916820526123,red2,QSO,22.563957,22.48033,20.9137,20.324535,19.873707
090924.28+540058.9,137.35117279629105,54.0163802055428,0.726645290851593,red1,QSO,21.965414,21.383835,21.321733,20.820017,20.274363
091053.14+483613.9,137.72142221277957,48.603870621046966,0.7740179300308228,red1,QSO,23.765167,23.498674,22.033909,21.249216,20.511654
091153.85+300147.9,137.97439241867534,30.029993276466275,0.7057638168334961,red1,QSO,21.702179,21.4359,21.234545,20.857918,20.190863
091222.82+464946.0,138.09511002448858,46.82946092492427,0.7593914270401001,red1,QSO,22.28377,22.1989,21.428085,20.99532,20.153545
091302.47+283358.6,138.26033118633634,28.566287207335872,0.39849841594696045,red2,QSO,22.674524,21.988865,21.076408,20.534119,19.929335
091344.13+353619.6,138.43387693043525,35.60546586295824,0.3864811062812805,red2,QSO,21.973225,21.819315,21.318954,20.784853,20.263979
091501.71+241812.1,138.757141,24.303362,0.844409,red1,UNK,20.78537,20.46874,20.275639,20.039421,18.993708
091526.44+110005.3,138.86016681566383,11.001484695232433,0.462,red2,UNK,21.959993,21.386261,20.722506,20.00584,19.670095
091853.08+552524.4,139.7212054911605,55.42345972529826,0.8261721730232239,red1,QSO,22.98748,22.653967,21.46533,21.11677,19.973629
091905.55+561659.9,139.77313332445664,56.283320960249576,0.868,red1,QSO,22.959158,22.216784,22.156153,21.535625,20.761158
091928.82+471520.2,139.8701136309359,47.255619490069805,0.7589776515960693,red1,QSO,23.287754,23.153204,22.179855,21.053698,20.143524
092120.52+425647.5,140.335521192763,42.94655077898967,0.76881343126297,red1,QSO,22.912926,22.377321,21.441607,20.8223,20.20849
092127.30+310509.9,140.3637632851149,31.086104530633555,0.7393125891685486,red1,QSO,22.619612,21.946674,21.663422,21.100018,20.551779
092128.63+110146.4,140.36931232715477,11.02955806645726,0.429,red2,UNK,22.042454,21.328453,20.275558,19.625364,19.247618
092141.39+592112.9,140.42247002825872,59.353606816012146,0.7969269156455994,red1,QSO,22.144396,21.906727,21.298466,20.516136,19.994028
092147.71+534656.7,140.4488115999175,53.782429995232704,0.4599374532699585,red2,QSO,20.829367,25.047749,24.756403,24.327585,21.79709
092229.00+162645.1,140.62083440463454,16.4458683188004,0.749,red1,QSO,22.36656,21.725248,21.7284,21.458076,20.58018
092237.03+300448.8,140.65432127014287,30.080240020377406,0.7025343179702759,red1,QSO,21.99724,21.312712,20.922771,20.30117,19.9227
092309.89+493925.5,140.79122617866886,49.65708924819528,0.758597195148468,red1,QSO,22.852816,23.123932,22.667095,21.710245,21.262466
092314.06+374036.9,140.80859208602428,37.67693341250408,0.7853348255157471,red1,QSO,21.971048,21.499565,21.393301,20.973389,20.249779
092315.30+502953.1,140.8137881610065,50.49808975987199,0.34686294198036194,red2,QSO,23.047483,22.462698,20.925781,20.58785,19.849571
092455.70+525017.6,141.23212078707795,52.83824891874065,0.754877507686615,red1,QSO,23.693027,24.400326,22.955315,21.4007,20.450739
092538.41+612119.8,141.41006886477845,61.355510430310886,0.76,red1,QSO,22.016659,21.499075,21.539865,21.259201,20.320946
092543.27+554518.7,141.43032738885995,55.75520350656201,0.842,red1,QSO,22.94487,22.356974,22.043564,21.773724,20.89337
092621.14+310847.8,141.5881101642919,31.14662301285672,0.281,red2,QSO,21.987276,21.409851,21.572817,21.320799,19.772879
092738.98+465257.7,141.9124565400374,46.88271606881997,0.715561032295227,red1,QSO,23.173372,23.045944,22.166546,20.885939,20.244719
092904.80+114003.1,142.27001467593868,11.667543505651974,0.709,red1,QSO,22.39969,21.634087,21.65664,21.205196,20.640522
092946.56+551226.9,142.44402846399237,55.20749527892991,0.7467441558837891,red1,QSO,22.383175,21.698975,21.478436,20.789042,20.415237
093102.55+302839.5,142.7606288141344,30.477644905270616,0.7731258869171143,red1,QSO,22.060366,22.11891,21.928465,21.650087,20.781006
093117.16+472245.9,142.8215308713211,47.37942489042059,0.7749152183532715,red1,QSO,23.580305,23.084974,21.911476,21.1865,19.943052
093120.42+462745.5,142.83509579933494,46.46266209340297,0.696,red1,QSO,21.880936,21.429045,21.28996,20.62441,20.25097
093237.14+460529.8,143.1547809707759,46.09161556180007,0.765,red1,QSO,21.887615,22.078915,22.260866,21.716787,21.169403
093303.77+394300.8,143.265713,39.716912,0.43854,red2,UNK,20.805523,20.619675,20.252043,19.70101,19.10568
093305.61+130841.2,143.2733770200917,13.14480530119717,0.749,red1,UNK,21.925993,21.216463,20.988909,20.224041,19.969397
093330.89+485558.8,143.3787109222356,48.933012197789296,0.8512526750564575,red1,QSO,22.861002,23.84164,22.544258,21.247839,20.326584
093408.01+503339.9,143.53339609125345,50.56111099537326,0.7123678922653198,red1,QSO,23.076847,22.902443,22.063787,21.364304,20.539057
093603.14+465127.3,144.01309829866105,46.85760250594432,0.782,red1,GALAXY,22.314592,21.857317,21.306118,20.714327,20.251255
093847.00+290747.5,144.69586099106613,29.1298773596973,0.7913162708282471,red1,QSO,21.994234,21.846613,21.267849,20.711063,20.238031
093910.92+492354.9,144.79552937229204,49.398600551782735,0.8,red1,QSO,22.687113,23.605309,22.689102,21.674555,20.659029
094010.41+591039.8,145.04339809657802,59.17773987715469,0.8097672462463379,red1,QSO,21.551413,21.012827,21.315828,20.77771,20.171667
094111.20+541828.9,145.2966681731527,54.30804187830995,0.8053560256958008,red1,QSO,23.758022,22.971382,22.13973,21.085442,20.266897
094317.93+523445.2,145.82470982201946,52.57924485885317,0.8242865800857544,red1,QSO,22.026608,21.34187,20.231789,19.658468,19.037327
094320.75+585611.3,145.83646737047258,58.93647570366074,0.8033763766288757,red1,QSO,21.775522,21.679884,21.521149,21.119038,20.419964
094422.15+343817.5,146.09230465610534,34.63820478295509,0.4238673746585846,red2,QSO,22.143911,21.802862,21.062998,20.337645,20.033295
094426.91+482822.2,146.11216597621856,48.472853844216964,0.8354228734970093,red1,QSO,22.31705,21.991238,21.86144,21.296305,20.810654
094507.48+472725.3,146.28119342246754,47.45704306004484,0.399,red2,QSO,20.894718,20.33468,19.916485,19.26815,18.795313
094509.40+475934.9,146.28917655921083,47.99304624095654,0.8217031359672546,red1,QSO,22.857222,23.056644,22.375753,21.255568,20.41765
094539.06+463650.2,146.4127528015229,46.61396325738978,0.751495361328125,red1,QSO,23.20763,22.467972,21.719461,20.772419,20.02743
095019.76+472941.6,147.58233793968435,47.494909344494545,0.7087293267250061,red1,QSO,22.543709,22.22436,21.449095,20.758966,20.020382
095216.45+585107.4,148.06856389748748,58.85208017114513,0.7138438820838928,red1,QSO,21.55594,21.099354,22.336899,21.403637,20.592205
095227.58+540730.4,148.114947,54.125135,0.712125,red1,UNK,19.374434,25.081255,24.777784,24.343668,19.723377
095228.25+463426.6,148.11774019575552,46.574062925848615,0.765,red1,QSO,21.698818,21.367395,21.21925,20.731672,20.077206
095318.81+292850.8,148.32840148602844,29.480794564224283,0.42573389410972595,red2,QSO,22.22436,21.826807,21.29641,20.577188,20.037449
095401.04+481628.4,148.50433331639692,48.27456148020714,0.8664921522140503,red1,QSO,24.81895,24.342916,23.461615,21.752052,20.57172
095455.43+405914.1,148.73098,40.987251,0.477973,red2,UNK,21.1913,20.676275,20.36379,19.828648,19.260403
095631.26+131458.2,149.13026744460734,13.249510537786005,0.471,red2,UNK,22.174452,21.713383,20.935307,20.242683,19.523909
095649.53+454030.4,149.2064093177521,45.675115082697396,0.6980553865432739,red1,QSO,24.243734,23.623043,22.33236,21.361046,20.540632
095857.25+424103.9,149.73855190143138,42.68443653467431,0.8026905059814453,red1,QSO,21.654799,21.64346,21.602598,21.31314,20.488039
100148.35+460846.0,150.45149362581878,46.14611927415444,0.7540274262428284,red1,QSO,23.913218,23.114546,22.116634,21.42029,20.498772
100320.93+480821.0,150.83723735055338,48.13919061695252,0.797,red1,QSO,22.318668,22.31326,21.431557,20.983511,20.20063
100526.84+302853.6,151.36184275996678,30.48157495362292,0.37770405411720276,red2,QSO,22.527958,21.74722,21.200338,20.629517,20.108347
100753.13+312948.9,151.97140253726118,31.496931759703656,0.8305942416191101,red1,QSO,22.475622,22.09868,21.284407,20.789038,20.246649
100936.45+505147.0,152.40187789319697,50.86307387584968,0.8794185519218445,red1,QSO,22.142721,21.904398,22.122833,21.477097,21.029158
100944.37+521601.2,152.4348906009122,52.267000390664634,0.39159610867500305,red2,QSO,22.356417,21.671642,21.341679,20.847673,20.333607
101008.12+325728.1,152.53384294004985,32.957826173000896,0.834,red1,QSO,21.443462,20.797031,20.697407,20.219433,19.66289
101126.19+050303.8,152.85915840133933,5.051063467679327,0.755,red1,QSO,21.63419,21.102877,21.013857,20.623571,19.763317
101139.42+550749.3,152.91426251521045,55.13037142809821,0.4224908947944641,red2,QSO,22.719236,22.136124,21.336397,20.737478,20.263687
101300.97+331907.4,153.2540597916392,33.31873091521894,0.6880223751068115,red1,QSO,22.428484,22.070591,21.42537,20.412298,20.226366
101418.31+552257.7,153.57629503846692,55.382720803850084,0.4219411611557007,red2,QSO,21.77821,21.448626,20.922049,20.317507,19.86914
101530.26+480959.9,153.8761230782793,48.166649604195314,0.7024021744728088,red1,QSO,23.252861,22.929659,22.476942,21.326532,20.409876
101540.38+420430.6,153.91827655575958,42.075190515891656,0.803,red1,QSO,22.375029,21.642529,21.507942,20.984653,20.399546
101552.30+490217.7,153.9679338286767,49.03826278913286,0.7669604420661926,red1,QSO,24.073107,23.560692,23.017187,21.526752,20.666538
101632.58+435652.8,154.135785,43.948027,0.69477,red1,UNK,21.637352,21.073397,20.758121,20.07611,19.480019
101710.33+461719.3,154.29304585770223,46.28870213183749,0.842,red1,QSO,21.556322,21.202908,20.88279,20.22357,19.727505
101858.63+473805.1,154.7443307180513,47.6347574038759,0.327,red2,QSO,21.106184,20.629602,19.928135,19.498907,18.926386
102107.39+441449.1,155.28081994814966,44.24699666367198,0.793,red1,QSO,22.063282,21.677952,21.2497,20.7176,19.763935
102153.69+462731.6,155.47374536075404,46.45878275120347,0.8516132831573486,red1,QSO,23.45312,23.310616,22.18547,21.404951,20.554388
102153.81+495927.9,155.4742138364232,49.99111091628425,0.2897171378135681,red2,QSO,23.115929,22.365736,21.793894,21.094067,20.3503
102235.57+454105.4,155.648228,45.684858,0.74331,red1,UNK,21.03248,20.833876,20.426708,20.054554,19.389084
102327.09+481015.3,155.86289675770914,48.17093912656203,0.8194374442100525,red1,QSO,21.92663,22.337084,22.010538,21.242153,20.40153
102423.09+015452.4,156.09621537603977,1.9145708647779587,0.828,red1,QSO,22.549036,21.995275,21.813866,21.463327,20.680433
102608.22+263705.0,156.53425186357828,26.618062372243365,0.771,red1,QSO,22.290058,21.529478,20.667057,20.093,19.61771
102619.93+404736.1,156.58306537733213,40.79338016009651,0.7193892002105713,red1,QSO,22.72903,23.193285,21.960005,20.991987,20.021687
102732.23+524947.4,156.88430215654637,52.82984868367341,0.44,red2,QSO,21.531584,20.874184,20.440252,19.7772,19.399298
102809.26+543237.8,157.03861032651338,54.54384209954865,0.773,red1,QSO,22.030333,22.140972,21.304296,20.614353,20.168846
102811.06+461322.2,157.04609590009332,46.222858474198866,0.789,red1,QSO,22.105974,21.410551,21.43435,20.870195,20.349953
102830.54+301525.3,157.1272794497977,30.257028213942807,0.7194190621376038,red1,QSO,22.513363,21.73423,21.510439,21.071682,20.047773
102945.84+465032.6,157.44100971250347,46.8424160350569,0.840391218662262,red1,QSO,23.791779,23.270267,22.00162,20.9663,20.13588
102946.30+051537.1,157.44292388485945,5.260319826050277,0.707,red1,QSO,22.546442,21.783438,21.375854,20.6506,20.30409
103002.35+482709.8,157.50982474874178,48.45274226410532,0.38086044788360596,red2,QSO,22.340357,21.87053,20.933464,20.380144,19.619001
103016.32+053421.0,157.5680322762925,5.572517998095814,0.336,red2,QSO,22.268013,21.536366,20.36298,19.83294,19.351788
103119.32+234518.6,157.83052871095833,23.755168229794613,0.46,red2,UNK,22.547203,21.970037,21.46208,20.733547,20.192743
103203.71+474711.5,158.01547756418165,47.786533822407584,0.3398185074329376,red2,QSO,23.6983,23.40541,22.85935,21.718248,20.94754
103306.85+533212.4,158.27857789948283,53.536793774511544,0.7143301367759705,red1,QSO,22.946424,22.921669,21.850433,20.968306,20.219034
103318.74+104050.8,158.32812170899118,10.680781786950217,0.463,red2,UNK,21.816423,21.223776,20.459974,19.825161,19.27706
103326.27+204931.5,158.3594643467935,20.82543930107455,0.421,red2,UNK,22.348206,21.821936,20.44599,19.908434,19.359022
103330.20+473507.4,158.37584576494794,47.585396878965,0.7016875743865967,red1,QSO,23.662804,23.014778,22.404865,21.373547,20.492981
103342.56+473053.3,158.4273533777586,47.514822366145616,0.7219509482383728,red1,QSO,22.195862,21.495497,20.476273,20.159403,19.101667
103353.28+480502.0,158.47202727846752,48.08389308987018,0.7629968523979187,red1,QSO,23.649656,24.047216,22.488,21.477974,20.5648
103428.50+261311.1,158.618781085031,26.219751704856616,0.732,red1,UNK,22.402176,22.182167,21.441853,21.247555,20.194069
103432.68+582415.0,158.6361923644228,58.40417758834903,0.8067412972450256,red1,QSO,22.37483,22.180725,21.661573,20.997217,20.390581
103527.02+570316.4,158.862602,57.054557,0.438615,red2,UNK,19.217142,19.985262,20.577341,19.303812,18.860657
103604.87+490533.5,159.02031333704366,49.09265649602951,0.8191350698471069,red1,QSO,23.374506,23.024841,22.108511,21.717154,20.606245
103646.54+533636.3,159.1939239511754,53.610110554934636,0.8,red1,QSO,21.836012,21.075766,20.084702,19.339218,18.883438
103745.92+061302.3,159.441352,6.21732,0.810079,red1,UNK,24.48684,25.006727,20.385523,19.159359,18.232008
103757.90+440140.7,159.49126103641703,44.02799739988409,0.727,red1,UNK,22.118374,21.428581,20.980583,20.200937,19.733723
103848.71+460108.1,159.70299716768733,46.018934631236206,0.832,red1,QSO,21.717415,21.057491,20.766485,20.301949,19.670088
103914.25+290146.2,159.8094092178963,29.029510332069563,0.6815503835678101,red1,QSO,22.621506,21.955608,21.548126,20.729208,20.425611
103920.99+463658.3,159.83748551087774,46.6162142597856,0.7951297760009766,red1,QSO,23.930405,23.150028,22.642313,21.730227,20.779726
104100.08+461334.2,160.2503405465778,46.22617434506211,0.3294493556022644,red2,QSO,24.298573,23.530533,22.238707,21.32709,20.487762
104121.90+514744.8,160.341276,51.795796,0.760294,red1,UNK,22.171122,21.382435,21.08751,20.390856,20.033876
104303.14+503737.1,160.76308455978324,50.62697891932429,0.8065173625946045,red1,QSO,22.763731,22.010262,22.278852,21.45849,20.490395
104321.32+590943.0,160.8388730506627,59.16194945161171,0.41,red2,QSO,21.841438,21.37683,20.634071,19.961674,19.352354
104341.48+435928.5,160.9228386572351,43.991251285743395,0.728456974029541,red1,QSO,21.909214,21.766506,21.63866,21.354113,20.497189
104429.67+281508.9,161.1236469662166,28.252479069144094,0.7184780836105347,red1,QSO,22.407314,21.972172,21.05331,20.40727,20.049492
104434.59+421750.4,161.1441433089825,42.2973561890267,0.8320411443710327,red1,QSO,22.086473,21.368597,21.538002,20.908531,20.432564
104455.37+493459.2,161.2307492188412,49.58311819960479,0.7963657975196838,red1,QSO,22.535088,23.308052,21.880655,21.040668,20.060135
104514.56+483140.3,161.3106708979831,48.527878934258034,0.7660348415374756,red1,QSO,21.682812,21.31374,21.201626,20.489407,19.973797
104517.83+001304.0,161.32431177340152,0.21777820150659288,0.453,red2,QSO,21.868195,21.200054,20.780346,20.364809,19.759726
104538.85+460853.1,161.41189449896265,46.14810046496565,0.8212533593177795,red1,QSO,22.495583,22.962091,22.155058,21.285269,20.648254
104712.18+564237.7,161.80077849974123,56.71047626387495,0.4376862645149231,red2,QSO,22.139927,21.606195,21.006338,20.41167,19.979906
104833.11+340255.1,162.13798050513688,34.04864970358878,0.43628230690956116,red2,QSO,21.744486,21.043232,20.701874,20.188452,19.672249
104848.37+455813.8,162.20155355487765,45.97052028266435,0.7444185018539429,red1,QSO,23.2457,24.67925,22.481543,21.35626,20.223444
104937.98+413754.4,162.40826945017483,41.631801360680114,0.42186814546585083,red2,QSO,22.472763,21.86003,21.37637,20.814026,20.347916
104959.17+194938.1,162.49654699953493,19.827269215568425,0.46,red2,UNK,21.680523,21.179451,20.426723,19.671097,19.324596
105049.89+313358.3,162.7078870670026,31.566203571073487,0.689,red1,VI,22.268957,21.78706,21.273567,20.84077,20.22193
105051.36+463501.3,162.71401900801436,46.58372218869171,0.4512040317058563,red2,QSO,21.544764,20.949968,20.881908,20.133062,19.766888
105224.07+373004.5,163.1003,37.501254,0.374206,red2,UNK,20.753622,20.016731,19.187141,18.833792,18.138172
105234.41+464506.0,163.143401435167,46.75168350185515,0.7520524263381958,red1,QSO,23.47088,24.890917,22.319996,21.076492,20.309093
105404.13-011433.9,163.51721455821948,-1.242773792797728,0.435,red2,QSO,22.196459,21.883265,21.105656,20.546501,19.94351
105555.53-014834.8,163.98141343186708,-1.8096911423326558,0.443,red2,QSO,21.866764,21.360046,20.623878,19.991999,19.39233
105602.67+450040.3,164.0111482504805,45.01121622587886,0.7004462480545044,red1,QSO,21.773865,21.427988,21.024511,20.260868,19.701351
105609.87+361611.0,164.04114663273737,36.26974476849086,0.776,red1,UNK,22.705158,22.283508,21.621988,20.820704,20.501503
105612.12+504324.2,164.05053679422792,50.72340159647853,0.777,red1,GALAXY,21.896564,21.456211,21.144033,20.772383,20.022104
105841.94+410415.5,164.67478416648459,41.0709792025041,0.47124847769737244,red2,QSO,22.69175,21.936045,20.748611,19.903557,19.476267
105847.34+390736.2,164.69727453061182,39.12674247442919,0.7823001146316528,red1,UNK,22.475973,21.909159,20.989725,20.203062,19.957603
105945.78+470735.7,164.94077959052788,47.126588458375586,0.8116012811660767,red1,QSO,22.616375,23.867947,22.384146,21.37818,20.457603
110001.83+505119.3,165.00762690177675,50.85537469888425,0.7280632853507996,red1,QSO,22.570831,22.11466,21.690016,21.231619,20.387028
110113.13+382802.4,165.304719,38.467341,0.780066,red1,UNK,21.873655,21.691206,20.7555,20.108238,19.31107
110339.18+431851.5,165.91329012863264,43.3143096248363,0.7103084325790405,red1,QSO,22.42797,22.030672,21.811136,21.556524,20.634186
110400.68+355741.1,166.00285662618552,35.96142359760578,0.439,red2,QSO,21.920904,21.242346,20.684124,20.162054,19.614643
110516.73+470328.1,166.31973700869557,47.0578268414006,0.8207483291625977,red1,QSO,22.277252,22.119886,21.443993,20.506279,19.660883
110541.12+333123.4,166.42135513075908,33.52317398713331,0.806,red1,QSO,21.911379,21.217411,21.045446,20.629726,19.986149
110555.75+581048.7,166.48232158483677,58.18021072524977,0.8278276920318604,red1,QSO,22.87339,22.522856,22.360834,21.5899,20.853413
110600.53+093532.0,166.50221138638787,9.592244179587434,0.477,red2,UNK,22.649494,21.87518,20.927155,20.171144,19.636822
110609.33+454713.4,166.53887766190195,45.787057258381076,0.8354810476303101,red1,QSO,23.402845,23.903185,23.137686,21.88229,20.605623
110649.65+063530.8,166.70688493944536,6.591901100839496,0.45,red2,UNK,22.716677,21.917435,20.987984,20.32074,19.736258
110720.53+572141.1,166.83556275899306,57.3614172211561,0.7825559973716736,red1,QSO,22.437508,21.720594,21.491753,21.104391,20.439365
110724.86+470107.9,166.85359373722451,47.01888050298238,0.7127537131309509,red1,QSO,23.051441,25.082952,23.440607,22.664803,20.67632
110745.78+600913.8,166.940776,60.153854,0.397864,red2,UNK,20.52715,20.068771,19.461441,19.004675,18.420292
110746.21+522138.7,166.942547213338,52.36075211169491,0.809071958065033,red1,QSO,21.957872,21.452774,21.505196,21.199425,20.364841
110959.03+423733.8,167.49598393401612,42.62606289820684,0.4620380699634552,red2,QSO,22.169653,21.412468,20.721481,20.103868,19.612219
111121.37+482332.8,167.83905981317199,48.39245504208804,0.8467023372650146,red1,QSO,23.644876,23.493683,21.645266,20.951094,20.06607
111126.81+501355.1,167.8617397016181,50.23198739340174,0.840126633644104,red1,QSO,21.72833,21.228806,21.856249,21.571297,20.537333
111155.22-022938.6,167.98012176069216,-2.4940604304933847,0.4387328326702118,red2,UNK,22.424265,21.896172,20.759329,20.041193,19.651934
111224.79+204947.8,168.1033057506966,20.829951926338467,0.864,red1,QSO,22.18934,21.441574,21.56406,21.166458,20.51728
111225.41+334347.9,168.10590304715868,33.729991944826665,0.8107531666755676,red1,QSO,22.413712,21.8378,21.384514,20.898012,20.381716
111249.40+464127.4,168.20586273942922,46.69096862988753,0.6929886937141418,red1,QSO,22.406607,21.665958,20.923971,19.872696,19.081604
111322.80+460530.8,168.3450115565953,46.091892482409804,0.817104697227478,red1,QSO,22.414425,24.30639,24.504673,23.805525,19.668318
111354.66+124439.0,168.477759,12.744181,0.681645,red1,UNK,21.44644,20.97042,19.81505,18.811388,18.020376
111425.52+335725.8,168.60637053986292,33.95717195544863,0.8746916055679321,red1,QSO,21.733194,21.55083,21.35669,20.83554,20.24777
111445.98+533019.1,168.6916182392492,53.50533296752134,0.7978550791740417,red1,QSO,22.247807,21.914576,21.743248,21.284197,20.463537
111510.72+531655.9,168.79468953822695,53.28221956042045,0.4738013446331024,red2,QSO,23.262348,22.906593,21.401356,20.658642,20.282177
111554.89+393107.0,168.97871835024142,39.51862171864608,0.8476712703704834,red1,QSO,22.537682,21.800184,21.701633,20.959051,20.618607
111713.09+490105.1,169.30457081870847,49.018101980129444,0.47833722829818726,red2,QSO,21.834505,21.598017,20.889206,20.36931,19.85685
111759.06+491042.2,169.49611018789966,49.17839248803754,0.8135465383529663,red1,QSO,23.184868,22.68133,22.484798,21.606209,20.64773
111813.82+402837.9,169.5576164324391,40.477205899493065,0.386,red2,QSO,21.567415,20.969843,19.892103,19.3542,18.719501
111841.23+491609.3,169.67179366192585,49.269262218170894,0.786472737789154,red1,QSO,23.482908,23.582512,22.53841,21.199837,20.428844
111912.01+402729.2,169.8000508169589,40.458137234417165,0.8110069632530212,red1,QSO,22.396942,21.868029,21.311615,20.637936,20.07235
112042.00+233227.7,170.17503181970324,23.54104506094924,0.419,red2,QSO,21.863117,21.505592,20.360031,19.7931,19.319773
112131.81+495551.9,170.38256552894518,49.931085393219384,0.7759376168251038,red1,QSO,22.048132,21.32556,21.317917,20.854664,20.238258
112144.05+354454.8,170.43357223939984,35.74857438520983,0.7204111814498901,red1,QSO,21.97949,21.593916,21.133955,20.509016,20.09601
112218.30+430213.3,170.57625843187634,43.03703572775513,0.8180725574493408,red1,QSO,22.316025,21.815184,21.534922,21.087036,20.484066
112257.06+095758.1,170.73776420334258,9.966158930638978,0.761,red1,QSO,22.022417,21.395758,21.392551,21.138237,20.191936
112410.84+404543.8,171.0451772135118,40.76218923577848,0.7837504744529724,red1,QSO,22.340899,21.67982,21.121807,20.615381,20.026999
112436.16+470220.5,171.15070125427906,47.039044235440755,0.87,red1,QSO,21.532907,20.933802,19.835049,19.171106,18.818727
112442.91+562756.1,171.17882201813617,56.46559585127944,0.767,red1,QSO,22.15357,21.663265,21.555088,21.215595,20.30299
112455.99+384634.0,171.23331099938235,38.776125513317716,0.446,red2,QSO,20.960302,25.05163,24.759007,24.329226,21.294823
112517.04+294711.3,171.321029,29.786477,0.74603,red1,UNK,19.676119,19.409365,20.39091,19.960793,19.139761
112600.23+404235.3,171.50097264904525,40.70981858116726,0.4369276165962219,red2,QSO,21.932314,21.416883,20.807394,20.207144,19.804205
112603.86+073332.3,171.5161092791353,7.558989581483405,0.7877278923988342,red1,QSO,22.441603,21.697618,21.70504,21.479391,20.508118
112625.24+394836.8,171.60517657310348,39.810242819194876,0.7377392053604126,red1,QSO,21.703362,21.53314,21.45302,20.982166,20.431444
112711.62+354333.6,171.79842443172697,35.72600649440795,0.36651942133903503,red2,QSO,22.2328,21.846565,21.081144,20.582869,20.027477
112722.28+414715.6,171.84285176593585,41.787677196280285,0.44035613536834717,red2,QSO,22.050642,21.720499,20.710072,20.096428,19.695118
112737.16+595631.7,171.90484990185914,59.942151319698496,0.7364926338195801,red1,QSO,21.91882,21.785313,21.401978,20.901068,20.400717
112835.34+450929.0,172.14726564327555,45.158071819684054,0.839,red1,QSO,22.488617,21.812366,21.835129,21.406406,20.80559
112837.54+530407.0,172.15644308841854,53.06861806703486,0.7899737358093262,red1,QSO,22.534412,21.78981,21.413174,20.513191,20.123264
112900.92+473335.4,172.2538515234155,47.559839048177906,0.7749683260917664,red1,QSO,23.130585,23.764694,23.082272,21.525959,20.46741
113002.15+365324.4,172.5089884322062,36.8901137003489,0.41896143555641174,red2,QSO,21.814678,21.603136,21.0244,20.309656,20.016476
113111.80+464051.5,172.7991951840901,46.68098896696801,0.7643980979919434,red1,QSO,23.361204,22.920422,21.939077,21.08074,20.448391
113131.32+504223.3,172.88052301995504,50.706485486906374,0.305038183927536,red2,QSO,23.295294,23.051458,21.887703,21.045279,20.131727
113145.15+010824.4,172.93815728886273,1.1401365765562432,0.6878865957260132,red1,QSO,23.075777,22.350986,21.321115,20.668566,20.144293
113158.67+482109.1,172.9944884129998,48.35254070686476,0.7583614587783813,red1,QSO,22.377085,22.156185,21.764145,21.343542,20.388704
113220.12+495331.7,173.08385422809005,49.89216031885355,0.7281568646430969,red1,QSO,23.134384,22.570612,21.622309,21.195248,20.274158
113228.27+504809.5,173.11780444995003,50.802650416972355,0.8456915616989136,red1,QSO,22.470652,22.346262,21.713383,20.712315,19.92259
113354.23+511800.9,173.47597370997175,51.30025413704721,0.7049779891967773,red1,QSO,23.278769,23.085964,22.265224,21.296516,20.360907
113425.63+480118.1,173.60679990358423,48.02171486484826,0.7611455321311951,red1,QSO,22.767282,22.693935,22.127804,21.238789,20.487581
113529.90+560415.1,173.8745969566931,56.07088848907129,0.4329603314399719,red2,QSO,22.11751,21.501495,21.251171,20.638456,20.175337
113553.86+444332.4,173.97445361959444,44.72567113807711,0.4506477415561676,red2,QSO,22.252441,21.666275,21.043558,20.451393,20.04004
113622.58+392451.2,174.0940900399069,39.41423938055393,0.845667839050293,red1,QSO,22.687008,22.05932,21.876837,21.40215,20.875862
113654.63+523449.1,174.22764132504633,52.58033117324488,0.8359858989715576,red1,QSO,22.671,21.879313,21.740564,21.280659,20.732136
113904.25+460010.9,174.76774154284485,46.00303407641742,0.8473687171936035,red1,QSO,24.22765,24.14801,22.570307,21.237797,20.008175
113919.61+460645.9,174.8317258802642,46.112776976465916,0.7,red1,QSO,22.41752,21.797888,21.568127,20.978865,20.551365
114105.76+370604.2,175.27403684895697,37.10118132921294,0.4032769203186035,red2,QSO,21.460573,20.660786,20.236982,19.842102,19.228437
114143.40+481535.7,175.43084476563394,48.259933318672324,0.864,red1,QSO,22.61567,22.279596,22.061113,21.743353,20.7948
114148.67+135644.8,175.45282424197762,13.9457886938716,0.82,red1,QSO,23.092117,22.421194,21.670296,20.66616,19.927795
114251.92+431950.7,175.71634853768944,43.33076496511547,0.8159284591674805,red1,QSO,21.518454,21.7201,22.70937,21.23242,20.15374
114255.14+304658.4,175.72975558186948,30.782902571672288,0.3140158951282501,red2,QSO,22.398813,21.886951,21.296385,20.754532,20.223883
114501.16+593730.2,176.25484693093642,59.625063876941084,0.789534866809845,red1,QSO,22.858103,22.292822,21.941145,21.247559,20.716993
114504.64+470257.5,176.26934821586795,47.04931531383793,0.6945145130157471,red1,QSO,23.15895,22.779541,21.485191,20.906244,19.761543
114536.28+492800.6,176.4011810242593,49.4668503354744,0.8483148217201233,red1,QSO,22.560427,21.789076,21.620365,21.219976,20.523829
114609.18+503239.2,176.53825101802545,50.54423211854044,0.35943153500556946,red2,QSO,21.453068,21.834425,20.967155,20.631063,18.606638
114625.60+490455.0,176.60667368179992,49.08196387022679,0.38375207781791687,red2,QSO,21.215305,21.104471,20.691833,20.223066,19.622244
114703.56+254600.2,176.7648745061559,25.766731588262434,0.686,red1,QSO,22.743011,21.974714,20.606955,19.704702,19.23702
114751.04+480250.1,176.96268643762994,48.04727502642016,0.7394654750823975,red1,QSO,24.75409,24.809603,22.253838,21.222094,20.421782
114804.15+464626.5,177.01730297215084,46.774049950526965,0.7003993391990662,red1,QSO,24.460953,24.715858,22.252993,21.223328,20.346212
114807.53+511319.0,177.03138268608313,51.221961171907296,0.43003013730049133,red2,QSO,22.797115,22.168331,20.771841,20.012033,19.653847
114816.95+361705.3,177.07062572976912,36.28481139504914,0.8556623458862305,red1,QSO,22.183712,21.984102,21.887873,21.510393,20.692211
114845.68+554057.1,177.19033730305716,55.68253436180168,0.464,red2,QSO,22.420343,21.731718,20.697031,20.001055,19.57136
114915.95+452939.9,177.31649866098886,45.49443940288455,0.41987019777297974,red2,QSO,22.610992,24.27762,22.30656,21.199337,20.502691
115219.91+584156.6,178.08298754104766,58.699057507141774,0.764,red1,QSO,22.128141,21.440432,20.55451,20.073963,19.265944
115318.04+474655.4,178.3252043198379,47.782059363083405,0.736,red1,QSO,22.836323,22.180904,21.734425,21.060091,20.6087
115336.21+393755.8,178.40088763936262,39.632188499725395,0.731,red1,QSO,22.525646,21.803854,21.568304,21.226042,20.35642
115532.51+531551.4,178.8854816507113,53.264296991044525,0.8271572589874268,red1,QSO,22.388409,22.046127,21.969875,21.581066,20.81168
115546.13+473805.0,178.94224523254024,47.63473221005362,0.785,red1,QSO,23.192955,22.523224,21.672186,20.965221,19.919418
115631.21+561148.9,179.1300692271435,56.19694038196813,0.8306408524513245,red1,QSO,22.465578,21.78515,21.599815,21.097786,20.503681
115729.98+393126.3,179.37495325822667,39.52398405209769,0.6888841986656189,red1,QSO,22.440958,21.826004,20.998505,20.484518,19.951458
115946.48+003721.2,179.94367760815456,0.6225735464096696,0.796,red1,QSO,22.1713,21.718828,21.749197,21.303856,20.688377
120044.12+145651.2,180.18384785591678,14.94757755445941,0.458,red2,UNK,22.99412,22.308165,21.30134,20.61614,20.090876
120243.34+424449.5,180.68058705794715,42.747102445494015,0.42170450091362,red2,QSO,21.645359,21.352198,20.582357,20.037518,19.55886
120248.37+145753.4,180.70156170034238,14.964857385519643,0.686,red1,UNK,22.302614,21.690155,21.251215,20.477472,19.770674
120524.16+402148.0,181.3506964446001,40.36334076801957,0.8357489109039307,red1,QSO,21.766384,21.647114,21.578367,21.041225,20.17003
120817.48+401228.3,182.07286883813873,40.2078838367791,0.7473723292350769,red1,QSO,22.757103,22.094805,21.36765,20.853016,20.15464
120842.78+483401.8,182.17827156211237,48.56716918713781,0.7378305196762085,red1,QSO,23.520472,23.2228,22.135569,21.452293,20.590908
120936.19+472832.7,182.40081984759948,47.47575120222199,0.751772403717041,red1,QSO,22.159794,22.072332,21.84986,21.365755,20.595783
121106.93+515948.5,182.77890079097875,51.99682108303645,0.6906372904777527,red1,QSO,22.450043,21.895586,21.548351,20.930433,20.236998
121133.10+113720.1,182.88793551138025,11.622263831642156,0.463,red2,UNK,21.70341,21.424969,20.67352,19.996178,19.560059
121222.07+500335.7,183.0919832391182,50.05992602931678,0.7767255902290344,red1,QSO,22.499727,21.888594,21.566212,21.181034,20.322243
121809.57+452009.6,184.53990257511964,45.33601961615334,0.7703649997711182,red1,QSO,22.39739,22.583693,21.585665,20.739536,20.018642
122117.19+113406.4,185.3216401529517,11.568448450764098,0.379,red2,QSO,21.459248,21.38172,20.314632,19.770967,19.211218
122142.62+592840.6,185.4275980407981,59.47795544944481,0.7443526983261108,red1,QSO,22.417263,21.946432,21.46559,20.823338,20.439928
122205.07+381221.0,185.52114793167902,38.20584126021579,0.7837997078895569,red1,QSO,21.660303,21.341118,21.213564,20.619434,20.212984
122209.72+503448.0,185.54052581477947,50.580012544272144,0.7064865827560425,red1,QSO,21.48468,20.686605,21.288586,20.217812,20.009995
122440.28+013029.6,186.16784462932986,1.5082421988890315,0.836,red1,UNK,22.78216,22.328804,21.805992,20.748808,20.523603
122558.71+512726.1,186.49465675409587,51.457258649764356,0.7737703323364258,red1,QSO,21.728315,21.342003,21.046291,20.569883,20.009073
122849.57+495654.4,187.20654306660288,49.948465264242145,0.725836992263794,red1,QSO,22.693232,22.352507,21.565502,20.982437,20.155333
122920.60+501632.9,187.33584309809007,50.27581018515646,0.8220278024673462,red1,QSO,22.567993,21.9736,21.5664,20.973639,20.156849
122928.26+192747.0,187.3677886156441,19.46307144773391,0.415,red2,UNK,21.670692,20.917751,20.036255,19.536205,18.821817
122933.47+160157.5,187.3894905423728,16.03264083231479,0.415,red2,UNK,21.713762,21.011457,19.71093,19.039955,18.55251
122959.61+374023.8,187.49839029919997,37.67330218697782,0.37918341159820557,red2,QSO,21.357265,21.284443,21.130253,20.878735,19.932573
123010.63+560624.7,187.54430754331162,56.10687897125858,0.7700940370559692,red1,QSO,22.659304,21.978395,21.609652,21.168762,20.577984
123357.04+125855.9,188.4877080743678,12.982217050888277,0.35,red2,QSO,22.238539,21.620296,20.541265,19.950958,19.376549
123428.11+571216.2,188.6171304492666,57.20451402331587,0.42863303422927856,red2,QSO,22.993132,22.672775,21.338512,20.692848,20.30306
123704.75+173040.4,189.26981504338437,17.511223787938153,0.428,red2,UNK,22.236412,21.852612,20.503962,19.744663,19.23572
123713.88+372703.7,189.30786753017492,37.45104424948036,0.7982681393623352,red1,QSO,23.029789,22.264126,21.5831,21.09097,20.446815
123806.85+211403.2,189.5285426246047,21.234244448279483,0.44,red2,UNK,21.220163,20.842003,20.249575,19.668447,19.187466
123816.88+513232.7,189.5703395802155,51.54244080500749,0.7759578824043274,red1,QSO,21.906094,21.5663,21.187317,20.683693,20.06988
123833.55+355547.2,189.6397981676082,35.92980149784654,0.7970388531684875,red1,QSO,22.786789,22.032194,21.622122,21.143673,20.594074
123855.87+535510.5,189.73280791514205,53.91959538744099,0.7400000095367432,red1,VI,22.099745,22.112202,21.917946,21.649862,20.763395
123933.02+513208.8,189.88759292539078,51.53578481192766,0.8443266749382019,red1,QSO,22.082537,21.421665,21.145994,20.71545,20.133255
124008.36+464140.0,190.03486660041153,46.69444679012379,0.8465011715888977,red1,QSO,23.135487,24.394491,22.041933,21.212355,20.446577
124048.35+421334.8,190.20149741823639,42.22634895781106,0.857,red1,QSO,22.894388,22.508589,21.17175,20.440386,19.746897
124050.32+493420.4,190.20970434113406,49.572346204103866,0.8555323481559753,red1,QSO,22.911835,23.210667,22.376963,21.29588,20.548159
124106.44-023530.5,190.27687425862467,-2.5918208889090035,0.388,red2,QSO,22.158234,22.081865,21.668339,21.106865,20.563227
124115.36+444157.1,190.31401724446474,44.69919510144708,0.747,red1,QSO,22.545738,21.929874,21.820314,21.357086,20.558891
124132.88+452312.1,190.38700917545285,45.38670071096978,0.7353006601333618,red1,QSO,22.536423,22.132326,21.552557,20.995853,20.167782
124205.41+111728.4,190.52257072925596,11.291245315069851,0.407,red2,QSO,20.847029,20.653282,19.837847,19.309381,18.763502
124250.28+130416.7,190.7095190561879,13.07130728228572,0.75,red1,QSO,20.012129,19.475916,20.566807,19.62198,19.372314
124313.98+501059.7,190.8082543423343,50.183270717344065,0.7980674505233765,red1,QSO,22.519087,21.814308,21.589895,21.150204,20.372444
124347.34+315853.9,190.94727316597607,31.981643147992333,0.8522889614105225,red1,QSO,22.344328,22.143991,22.094044,21.562553,21.018232
124444.65+465045.9,191.18606159115313,46.84610179196232,0.8769465684890747,red1,QSO,24.359905,24.75559,23.041378,22.026083,20.743399
124447.57+110728.0,191.19822319467713,11.12446833862486,0.706,red1,UNK,21.948097,21.303383,20.601349,20.016497,19.527447
124616.86+424422.5,191.57026509471314,42.739601716750656,0.3954790234565735,red2,QSO,21.4157,20.890902,20.411423,19.866905,19.30679
124648.19+313619.2,191.70082713705963,31.60536090804351,0.8014347553253174,red1,QSO,21.440449,21.324669,21.296944,20.941511,20.071095
124713.49+482706.6,191.80624418477055,48.45184611840997,0.6866762042045593,red1,QSO,22.211348,21.96586,21.156414,20.614899,19.81616
124746.68+135616.9,191.94450661567595,13.938040554630101,0.31,red2,QSO,21.763805,21.055853,19.833961,19.339632,18.736279
124811.28+184434.9,192.04700553607614,18.743033280420743,0.437,red2,UNK,22.350956,21.858578,20.931063,20.261396,19.574602
124836.09+424259.3,192.15041256288504,42.71648398856896,0.682,red1,QSO,23.640133,23.15379,21.564192,21.017193,20.368402
124906.97+465848.2,192.2790658568752,46.98005744858745,0.740062952041626,red1,QSO,22.27666,22.035364,21.752182,20.942741,20.153896
124940.76+314416.6,192.41985185172717,31.737952112107322,0.8682916760444641,red1,QSO,22.035696,21.526417,20.974504,20.52581,19.944431
125013.89+451833.6,192.557877263967,45.3093402423206,0.7357897758483887,red1,QSO,23.00468,22.759323,22.392021,21.576078,20.607498
125120.68+541143.3,192.83617616349107,54.195367774460394,0.8009238839149475,red1,QSO,22.294176,21.764463,21.521341,21.15552,20.36764
125129.69+075516.7,192.87370908337132,7.92132347520632,0.801,red1,UNK,22.634024,22.004852,21.375105,20.369001,19.808094
125149.02+450209.7,192.95428583622447,45.036041970178644,0.789,red1,QSO,22.191708,22.203995,21.41346,20.559502,20.256393
125301.22+372745.2,193.25512254343076,37.462562947360034,0.43910345435142517,red2,QSO,21.44767,20.972782,20.167524,19.662825,19.093952
125401.46+260844.8,193.50611922222114,26.14580310768423,0.474,red2,QSO,20.50824,20.184435,20.769255,19.376753,19.292969
125535.96+362546.3,193.89986282419864,36.42953475597134,0.8727306723594666,red1,QSO,22.704746,22.185907,22.140923,21.391994,20.54981
125633.24+423223.6,194.13851221927632,42.53991540782708,0.45197921991348267,red2,QSO,21.744497,21.4935,21.107834,20.502716,20.09585
125635.47+423350.0,194.1478019685198,42.56389930815173,0.412537544965744,red2,QSO,21.831844,21.710773,20.875809,20.321404,19.772144
125702.60-022108.4,194.26085772366577,-2.352334852354872,0.429,red2,UNK,21.724424,21.076775,20.547318,19.901386,19.45247
125829.30+422157.3,194.62209832865403,42.36592993798904,0.7286257147789001,red1,QSO,22.531096,21.856323,21.632074,21.043114,20.123087
125849.62+525531.7,194.70675630227134,52.925476581052735,0.8611496686935425,red1,QSO,22.640892,22.045689,21.950453,21.550058,20.87219
125856.80+382708.7,194.7366915639952,38.45244107129337,0.446,red2,UNK,21.94873,21.596386,20.652405,19.931282,19.563166
125906.40-014827.9,194.77670326778804,-1.807766697893853,0.442,red2,UNK,22.226698,22.141544,20.50603,19.587543,19.210306
125950.09+555358.6,194.95874310117705,55.89963384803105,0.7415165901184082,red1,QSO,22.471708,21.772287,21.480639,20.791336,20.40097
130024.84+404343.6,195.1035015998021,40.72879343235444,0.8668674230575562,red1,QSO,22.62649,22.05257,22.547596,21.816677,21.519262
130137.05+205627.6,195.40439093104183,20.941006017077292,0.48,red2,UNK,21.891056,21.510746,20.556067,19.842894,19.408575
130203.61+372810.7,195.51507280081435,37.469639542504346,0.8030716776847839,red1,QSO,22.376734,21.760485,21.74134,21.358744,20.355978
130459.37+454929.7,196.2474090884001,45.82494007210134,0.702,red1,QSO,21.946394,21.714102,22.120949,21.199976,20.958572
130523.23+213704.9,196.34680725151753,21.618052484041403,0.432,red2,UNK,21.953247,21.782272,20.772097,20.021156,19.409464
130534.07+384356.9,196.39197920616738,38.73249792109586,0.682,red1,UNK,22.327703,21.609781,21.416693,20.777252,20.331892
130607.07+340011.7,196.52949836395055,34.00326177452207,0.4042147994041443,red2,QSO,22.300817,22.011208,20.936344,20.309454,19.890858
130647.27+581203.4,196.69698387281812,58.20096038474414,0.7557901740074158,red1,QSO,22.942505,22.739546,22.148575,21.448524,20.852064
130741.77+490328.0,196.92407783929238,49.05779472432668,0.42136651277542114,red2,QSO,20.351692,25.08253,24.77957,24.345236,19.386133
130746.40+413614.6,196.943338491186,41.60407910742411,0.8376098871231079,red1,QSO,21.47324,21.085033,20.460354,19.84001,19.377089
131114.81+411245.1,197.81172071751664,41.21255013135779,0.8443437814712524,red1,QSO,22.828838,22.158989,22.338861,22.023636,20.987759
131201.56+233005.4,198.00653406788777,23.5015079769102,0.4337922930717468,red2,VI,24.145765,23.361692,22.588278,21.538406,20.94415
131215.77+200455.3,198.06574521601868,20.082029925318558,0.41,red2,UNK,21.669725,21.276901,20.726063,19.999355,19.622301
131425.42+534727.7,198.60593466804448,53.79103109990569,0.7503125071525574,red1,QSO,21.358105,20.756802,21.37167,20.298182,20.157734
131553.53+412108.9,198.97305079775538,41.35249122164701,0.40687164664268494,red2,QSO,23.50585,22.804476,21.780167,21.205742,20.638527
131641.39+520006.8,199.1724781943036,52.001889588016965,0.8490955233573914,red1,QSO,23.000732,22.233475,22.213903,21.65332,20.993715
131704.56+483755.1,199.26902636312752,48.63199815899503,0.43962326645851135,red2,QSO,24.679811,24.353094,24.572348,23.566172,19.720287
131755.06+525258.9,199.4794460767838,52.88302942855503,0.4756305515766144,red2,QSO,21.977474,21.451616,21.059633,20.348488,19.98244
131800.86+423451.1,199.50361733329044,42.58087065158058,0.7389422655105591,red1,QSO,22.418991,22.170588,22.182692,21.394148,20.588442
131802.54+490559.4,199.51061807061188,49.09985938412659,0.853069543838501,red1,QSO,23.108425,22.683523,22.193668,21.179432,20.077501
131914.35+332526.7,199.80979566453436,33.42411094813571,0.472,red2,UNK,22.19094,21.986515,20.960108,20.282187,19.784824
132015.37+455127.6,200.06405624154715,45.85767843747633,0.845,red1,QSO,22.378925,21.705378,21.391119,20.854416,20.380281
132021.27+325020.8,200.08864718773776,32.83912127294668,0.8027244210243225,red1,QSO,23.048801,22.43399,22.31295,21.753057,20.99363
132114.48+362804.9,200.31036060467642,36.468038222779654,0.781,red1,VI,23.089062,22.301031,22.222801,21.755102,21.187204
132146.76+331344.2,200.4448531274811,33.228967269264054,0.7967810034751892,red1,QSO,21.67519,21.03967,20.810486,20.144041,19.644596
132240.67+073404.8,200.6694883682419,7.568021504420202,0.729,red1,QSO,21.664888,21.034788,20.054789,19.569656,18.698599
132444.11-021746.5,201.18379238399143,-2.2962629701013615,0.3910911977291107,red2,VI,23.101929,22.33396,20.492958,19.663624,19.341906
132528.49+454406.2,201.36871047038113,45.7350816405932,0.6957027912139893,red1,QSO,23.869476,24.150438,22.24705,21.594822,20.822853
132533.59+324415.0,201.38998200891808,32.737518905709436,0.7794274091720581,red1,QSO,22.524157,22.06608,21.872677,21.57829,20.752867
132621.15+591905.2,201.5881512159965,59.31812367890975,0.7166542410850525,red1,QSO,21.845423,21.229868,20.78202,20.234518,19.71812
132629.30+012100.6,201.62209373874157,1.3501731193745394,0.304,red2,QSO,21.74998,21.402925,20.469263,19.957169,19.299358
132630.43+371218.4,201.6268171537135,37.205133943311004,0.4524420499801636,red2,QSO,22.071667,21.36711,20.756487,20.247467,19.73612
132653.28+521118.9,201.7220257920519,52.188593438539435,0.773,red1,GALAXY,21.517262,21.19474,20.8353,20.10329,19.823616
132700.87+485040.5,201.75363472775942,48.844597229682726,0.872151792049408,red1,QSO,23.73592,23.348818,22.835934,21.560616,20.341253
132902.66+540935.9,202.26112178156546,54.159989154186,0.8365495800971985,red1,QSO,21.99032,21.691275,21.770197,21.477644,20.6578
133059.76+511906.6,202.74901937599063,51.318523457314434,0.8086439371109009,red1,QSO,23.520988,22.855356,22.331865,21.779854,21.011042
133237.69+250106.5,203.15705944405792,25.018483409735154,0.797,red1,QSO,21.983374,21.433905,21.531157,21.133678,20.41848
133427.89+362536.7,203.6162461083801,36.42687826403598,0.8416410088539124,red1,QSO,22.62759,22.160734,21.823019,21.430307,20.733435
133504.28+452449.7,203.76784727749856,45.41382160772703,0.7043819427490234,red1,QSO,23.248344,22.807558,21.88184,21.235525,20.628748
133553.88-022636.1,203.974506,-2.443367,0.451224,red2,UNK,20.53822,20.43662,20.024796,19.467684,19.02333
133741.77+451013.7,204.42404973260486,45.170483229302285,0.419,red2,QSO,21.888796,22.277382,21.499405,20.846733,20.339346
133827.97+573344.8,204.6165474967064,57.5624502663338,0.46028992533683777,red2,QSO,22.644896,21.946793,21.551485,21.102186,20.45723
133854.68+482331.9,204.72787038338566,48.39219634447026,0.39311549067497253,red2,QSO,24.933199,24.51112,22.49457,21.483074,20.255106
133954.29+565841.4,204.97624782407377,56.97817811836787,0.7930519580841064,red1,QSO,21.832132,21.79536,21.822859,21.430826,20.735538
134038.64+402119.0,205.1610242937608,40.355279718224644,0.452,red2,QSO,22.32828,21.92895,20.860773,20.018322,19.597692
134156.22+113329.7,205.48426675434598,11.558253894202798,0.84,red1,UNK,22.299358,21.922663,21.217628,20.53562,19.84678
134208.62+565720.0,205.5359223619567,56.95555721746396,0.39512354135513306,red2,QSO,21.553982,21.304554,20.756802,20.287418,19.73442
134231.80+350710.3,205.63253989038986,35.1195279005559,0.775023877620697,red1,QSO,22.218048,21.922724,21.561558,21.15716,20.271196
134321.39+321955.5,205.8391438487023,32.332106056967945,0.6906101107597351,red1,QSO,22.626398,22.28803,22.554504,21.822445,21.510477
134333.56+362732.0,205.88985749803274,36.45890551969901,0.7763082385063171,red1,QSO,22.24561,21.869131,21.846642,21.348227,20.829004
134342.47+410256.4,205.9269601017208,41.04901978126815,0.681793749332428,red1,QSO,22.28694,21.712572,21.525522,20.912928,20.369577
134645.51+231137.0,206.689658,23.193621,0.4105,red2,UNK,19.85122,19.311596,18.55311,18.113605,17.467451
134722.02+502121.3,206.84176935801412,50.35594434305773,0.829,red1,QSO,22.253952,21.50003,21.408918,21.032284,20.367104
134810.54+475925.6,207.04395522193113,47.990471955559336,0.7396767139434814,red1,QSO,22.842026,22.07591,21.585487,21.080957,20.253443
134811.44+452024.3,207.0476989535464,45.34010521465439,0.7185187339782715,red1,QSO,25.172407,24.904955,22.184544,21.144516,20.029598
134945.06+485710.9,207.437778,48.953032,0.73526,red1,UNK,21.976019,21.357014,20.99732,20.229156,19.977213
135020.26+264101.9,207.58442424292429,26.683861811449482,0.42,red2,QSO,21.534025,20.806677,20.500319,19.575226,19.26312
135049.36+445830.5,207.70569726053614,44.97514748052712,0.8188123106956482,red1,QSO,22.245987,21.90457,21.844627,21.539087,20.644686
135105.61+523820.3,207.77339383053112,52.63899802716855,0.8300254344940186,red1,QSO,22.511255,21.757355,21.752106,21.236391,20.659552
135144.73+481128.5,207.93637574889553,48.19125188646178,0.7344804406166077,red1,QSO,23.643799,22.903494,21.990986,21.38049,20.301056
135405.80+575319.1,208.52419073035463,57.88866515525225,0.8187013864517212,red1,QSO,22.1727,21.465784,21.017038,20.616974,19.980488
135408.11+633800.7,208.53379579016212,63.63353883577048,0.85,red1,QSO,19.678885,20.097528,24.756117,24.328869,19.235722
135514.27+415435.1,208.8094724236105,41.90976426618906,0.8044148087501526,red1,QSO,22.461443,22.316006,22.378075,21.951338,21.116367
135643.47+390041.0,209.18115258359063,39.01139262704254,0.6997466087341309,red1,QSO,21.707895,21.578535,22.127693,21.302807,21.081408
135835.35+354802.5,209.64732068191034,35.80071297345257,0.7987908124923706,red1,QSO,22.64686,21.949326,21.874968,21.531206,20.77409
135839.91+412913.4,209.6663299979359,41.487065327941636,0.7232322692871094,red1,QSO,22.296835,21.970287,21.854774,21.503063,20.771965
140137.98+534837.7,210.40826386365353,53.8104895008963,0.7001076340675354,red1,QSO,22.529964,21.771711,21.609158,20.924416,20.505259
140214.25+231405.1,210.55938654031036,23.234751613076746,0.437,red2,UNK,21.224794,20.83868,20.450132,19.779123,19.102726
140337.33+495538.0,210.90554333829456,49.927245795864245,0.825387716293335,red1,QSO,22.891592,22.164845,22.444628,21.904095,21.29158
140540.97+541055.4,211.42072132978097,54.18206378926449,0.4565553069114685,red2,QSO,21.35219,21.071102,20.868067,20.330952,19.866943
140733.70+514248.0,211.89043871353317,51.713350703511004,0.8506910800933838,red1,QSO,21.942001,22.402637,21.816889,20.880762,20.470076
140741.57+594451.7,211.92322103378422,59.74770158033499,0.7273887395858765,red1,QSO,22.861656,22.07519,21.161768,20.449347,20.10745
140900.43+535428.8,212.2518014088795,53.90800732517237,0.707,red1,QSO,22.284714,21.777348,21.413166,20.964087,20.316593
140906.08+362500.9,212.27537435895533,36.41692921171747,0.463,red2,UNK,21.632345,21.159393,20.621399,19.915129,19.48913
140908.93+411445.7,212.28721528721763,41.246054696736515,0.8740214705467224,red1,QSO,22.066366,21.880766,22.027706,21.640633,20.756556
140923.51-012430.5,212.347993,-1.40849,0.40487,red2,UNK,19.842222,19.907701,19.881594,19.384848,18.808857
141209.04+503628.5,213.03770688414136,50.60794026783294,0.793,red1,QSO,22.604681,21.83144,20.765633,20.159725,19.68762
141231.73+525837.9,213.13222650229366,52.977205081197134,0.8433672189712524,red1,QSO,21.688509,22.062105,21.668083,21.224058,20.595446
141342.97+634752.2,213.42905667795662,63.79784744606287,0.758,red1,QSO,21.360401,20.5711,19.895536,19.287897,18.829351
141528.24-010514.9,213.867707,-1.087487,0.379796,red2,UNK,19.843063,19.776503,19.36084,18.932135,18.230808
141543.89+405510.5,213.93289855460387,40.91960854865776,0.3762081265449524,red2,QSO,21.673435,21.215744,20.188562,19.771645,19.014467
141615.82+543126.4,214.0659418571937,54.524005930552846,0.723,red1,QSO,22.415052,22.420568,21.892864,21.336575,20.516733
141829.31+152924.1,214.62214987047832,15.490054431198015,0.467,red2,UNK,21.676281,20.968689,20.260529,19.735357,19.208254
141858.80+523209.9,214.74501671518215,52.536105064153105,0.757,red1,QSO,21.736479,21.870451,21.821753,21.210464,20.526516
141901.47+524509.5,214.7561617258016,52.752664459774,0.8436822891235352,red1,QSO,22.164675,22.48029,22.023876,21.161167,20.498482
141921.48+254509.8,214.83952570837664,25.75272961179558,0.469,red2,UNK,21.946266,21.282707,20.670101,19.54954,19.51214
141937.23+191619.8,214.90515028881367,19.272176326670557,0.455,red2,UNK,21.955637,21.316986,20.860788,20.102053,19.721819
142015.20+521636.7,215.06334790479164,52.27688071113117,0.747,red1,QSO,22.355637,22.162428,21.43298,21.0363,20.289505
142113.36+490748.1,215.30567232511524,49.13003203351059,0.7384631037712097,red1,QSO,22.299795,21.99808,21.288033,20.503172,20.151266
142213.29+173756.5,215.5553818491129,17.632377222685164,0.393,red2,QSO,22.531893,21.97222,20.810019,20.279612,19.78987
142222.78+524354.0,215.59494053485105,52.731678199295985,0.459,red2,QSO,22.60627,21.838856,20.935604,20.057756,19.84731
142254.08+591608.1,215.7253536545743,59.268929835176415,0.829,red1,QSO,22.187782,21.466717,21.179523,20.573315,19.937792
142255.02+202155.1,215.729252240661,20.36532376883476,0.468,red2,UNK,22.153584,21.544426,20.791533,19.588436,19.45791
142321.81+372348.9,215.8408792289643,37.39693340879163,0.783521294593811,red1,QSO,22.789173,22.214968,21.822731,21.556705,20.66691
142526.47+414019.8,216.3602936095121,41.67217291616635,0.8173103332519531,red1,QSO,22.61981,22.02895,21.766113,21.25123,20.548428
142643.85-001026.7,216.6827219184398,-0.17409941033723425,0.706,red1,UNK,22.739801,21.975986,21.256512,20.453175,19.963194
142723.52+004958.5,216.84800174075735,0.8329309178601578,0.723,red1,UNK,22.059742,21.830238,20.8561,19.97188,19.541388
142726.55+573459.8,216.860647814905,57.58328674319461,0.8535552620887756,red1,QSO,22.399149,21.886074,21.257193,20.45435,20.023884
142801.72+345554.6,217.00719104496474,34.93185047157762,0.7111270427703857,red1,QSO,22.571404,22.248798,22.28865,21.433933,20.544191
142823.85+533854.7,217.09939026056418,53.648539831510526,0.8017488718032837,red1,UNK,22.48524,22.858334,22.189413,21.075975,20.43489
142832.06+262735.9,217.13361696779808,26.45997718836469,0.359,red2,QSO,22.601213,21.984423,20.705345,20.208487,19.64836
142855.33+131401.6,217.23055811892206,13.233789226115515,0.845,red1,QSO,21.903812,21.195845,20.690762,20.222204,19.67579
142923.88+354303.8,217.34954113002118,35.71772363237746,0.6962689757347107,red1,QSO,21.867105,21.3082,21.262209,20.8304,20.17653
143021.14+261607.0,217.58809979332554,26.26862081211702,0.743,red1,UNK,21.73095,21.081072,20.93213,20.228136,19.915363
143109.03+403750.4,217.78764093871575,40.630686399728425,0.7815980911254883,red1,QSO,22.161043,21.904478,21.931938,21.378307,20.814592
143145.57+463622.7,217.93989091024574,46.60632040988946,0.8783482909202576,red1,QSO,22.800352,22.044199,21.333212,20.798615,20.28373
143234.46+540157.3,218.14361719802667,54.03260785385888,0.762,red1,QSO,22.018738,21.93265,21.568071,21.02236,20.555796
143249.19+571354.7,218.20495996445084,57.23187525670152,0.7399982213973999,red1,QSO,22.850584,22.19,21.554825,20.918486,20.500217
143351.00+422114.9,218.46250268830403,42.354159296021066,0.472,red2,UNK,22.84627,22.123087,20.858755,20.106564,19.49675
143355.52+492821.4,218.48134775449944,49.47262418282139,0.4693123698234558,red2,QSO,22.023384,21.306911,20.316582,19.745245,19.235336
143403.68-025316.3,218.51535313684138,-2.8878718433967268,0.416,red2,UNK,22.211376,21.489943,20.668045,19.940739,19.448015
143420.31+153931.8,218.58464357599206,15.658853658271177,0.464,red2,UNK,22.290388,21.846579,20.651367,19.882868,19.41379
143833.07+033606.5,219.6378265590156,3.6018237038118914,0.383,red2,QSO,21.924192,21.444094,20.291857,19.80085,19.257582
144147.83+541627.0,220.44932648705415,54.274184235761396,0.8635333180427551,red1,QSO,22.218838,21.701677,21.457836,21.038616,20.334326
144401.55+322239.1,221.00648062135497,32.377538494586744,0.823,red1,QSO,21.70127,21.147644,21.011038,20.583527,19.982878
144424.31+572817.5,221.1013162473136,57.471532857802266,0.681700587272644,red1,QSO,22.684498,21.98616,21.352879,20.804888,20.175447
144609.93+043010.3,221.5413903609006,4.502864623731957,0.693,red1,GALAXY,22.556953,21.833231,21.152336,20.685589,19.887836
144643.33+275700.6,221.68056241851338,27.95017240344091,0.773,red1,UNK,22.631268,21.85635,21.335667,20.51766,19.777292
144748.95+425506.0,221.95398898263633,42.918356233973455,0.852,red1,QSO,21.66134,21.23298,21.255642,20.833998,20.093388
145230.84+344457.3,223.12851348582703,34.749265270171286,0.8314316868782043,red1,QSO,22.165462,21.48307,21.06777,20.454441,20.019154
145615.09+570126.3,224.0628957973799,57.02399721563285,0.813,red1,QSO,22.0644,21.382689,20.53292,20.036472,19.410398
145638.50+470650.7,224.16042650720033,47.11410539606439,0.831,red1,QSO,21.57641,21.041489,20.657017,20.231436,19.441578
145851.69+492416.0,224.71541640143468,49.404445341360386,0.447,red2,QSO,21.648361,21.054634,20.567993,19.998127,19.55151
145931.65+201958.6,224.88188360247605,20.33295706648199,0.48,red2,UNK,21.477493,20.980183,20.28334,19.55218,19.105366
145941.33+542038.4,224.92222504877924,54.34401443737311,0.46175631880760193,red2,QSO,21.93058,21.63508,20.797224,20.157978,19.77724
150013.42+123645.2,225.05593118538852,12.612565826662472,0.407,red2,UNK,21.854273,21.139292,20.273203,19.480022,18.853758
150157.12+552530.0,225.48803067880453,55.42501590516339,0.8327484130859375,red1,QSO,22.141027,21.559618,21.223978,20.662918,20.15398
150314.02+531226.5,225.80843714301142,53.20737845951131,0.778,red1,QSO,21.94721,21.617409,21.503014,21.130997,20.471716
150348.70+372658.9,225.95293319249424,37.449698567500775,0.8718247413635254,red1,QSO,21.987038,21.74397,23.158281,21.697573,21.299421
150356.55+092245.4,225.98565154427774,9.379291317437811,0.411,red2,UNK,22.674028,21.971884,20.680948,19.95862,19.42097
150405.33+113550.4,226.02224332826478,11.597346663720195,0.683,red1,QSO,22.994118,22.715683,21.436441,20.393309,19.6004
150418.88+562149.3,226.0786875851205,56.36371513888804,0.6813271045684814,red1,QSO,22.160612,22.116867,21.203884,20.374134,20.112408
150453.63+362447.8,226.2234915566196,36.413281020914496,0.835,red1,QSO,22.259943,21.629396,21.84174,21.454536,20.818594
150601.71+372159.7,226.50715051487936,37.36660442615971,0.7804728150367737,red1,QSO,22.935953,22.383646,21.855463,21.322418,20.627634
150603.04+525134.7,226.51269164441504,52.859653084148306,0.4500783085823059,red2,QSO,22.42495,21.64924,21.199196,20.568499,20.119164
150608.18+403028.4,226.53409565819118,40.50791365857442,0.7346863746643066,red1,QSO,22.226461,21.471018,21.372757,20.694777,20.311985
150634.01+130113.3,226.64172317376858,13.020380105707906,0.686,red1,UNK,22.658676,22.115467,21.24381,20.419825,19.832745
150656.58+021956.6,226.735754,2.332389,0.749931,red1,UNK,19.156075,18.89959,24.667873,24.259966,22.754541
150737.56+460557.2,226.90651111812883,46.09924845400332,0.7175931930541992,red1,QSO,21.579145,21.734705,22.605,22.19111,20.85339
150749.11+394720.2,226.95464264219078,39.78895882713567,0.7309890389442444,red1,QSO,22.745588,21.95619,21.507399,21.063478,20.350048
150749.92+533915.2,226.95803280158572,53.65423145822381,0.8035558462142944,red1,QSO,23.04036,22.44516,21.792887,20.95867,20.608725
150838.89+363316.5,227.16204521802047,36.55459402698571,0.6825222373008728,red1,QSO,22.103937,21.929214,22.015568,21.597038,21.007713
150849.06+593641.4,227.20444908802142,59.61152712024779,0.38683950901031494,red2,QSO,21.133429,20.836914,20.61111,19.036041,18.72524
151011.94+074342.0,227.54975468702838,7.728352958232974,0.338,red2,QSO,21.308596,21.222351,20.260628,19.805283,19.16244
151036.74+510854.6,227.65309841598463,51.14850066758951,0.44984835386276245,red2,STAR,19.598322,18.825237,17.9441,17.292154,16.901354
151224.60+504622.1,228.10252735041038,50.77282717277335,0.4697454273700714,red2,QSO,21.811916,21.25769,20.834942,20.316597,19.815964
151505.98+554421.1,228.77492714098832,55.73920026730122,0.45660990476608276,red2,QSO,21.537136,21.707525,21.069939,20.516962,20.064713
151616.84+355532.2,229.07019047987467,35.925612858684815,0.7766187191009521,red1,QSO,22.98459,22.392014,22.34358,21.814636,21.005198
151635.33+350935.2,229.14721606185157,35.15980249003122,0.7444369196891785,red1,QSO,21.23643,20.79539,20.717209,20.24156,19.66818
152203.48+522939.0,230.51451019240272,52.49418176477795,0.7235054969787598,red1,QSO,22.220089,21.496439,20.87066,20.4115,19.867521
152444.66+422425.5,231.18608585329036,42.40708944937387,0.840177595615387,red1,QSO,21.383003,21.114191,24.750347,20.880995,21.589014
152618.85+394549.3,231.5785530796595,39.763707445283316,0.7912935018539429,red1,QSO,22.576633,22.265413,22.237272,21.943932,21.009008
152639.62+132517.0,231.66511458546188,13.421390826158065,0.472,red2,UNK,22.146734,21.358479,20.706823,19.989914,19.538977
152701.22+093248.9,231.75508592195288,9.546935719195265,0.48,red2,UNK,21.150606,20.730675,20.343863,19.708956,19.225475
152845.04+581632.3,232.18766776243496,58.27566158182827,0.761635959148407,red1,QSO,22.717047,22.297892,21.660776,21.110958,20.617887
152900.17+104953.9,232.2507255495338,10.831661404926866,0.471,red2,UNK,22.133356,21.595612,20.741198,20.094252,19.576267
152913.73+370200.6,232.30721785705174,37.03351963721697,0.3812931776046753,red2,QSO,21.904959,21.261433,20.337784,19.77519,19.328165
153040.32+020216.8,232.66802275892127,2.038017462419876,0.822,red1,QSO,22.83913,22.309898,21.807291,21.377207,20.38994
153203.01+394603.0,233.01257133678746,39.76752373870642,0.8362818956375122,red1,QSO,22.811876,22.115194,22.2236,21.478544,21.00444
153239.99+023339.6,233.16665838766056,2.5610264016674735,0.857,red1,QSO,22.099691,21.594099,21.812082,21.456282,20.763283
153247.07+445236.4,233.19615051833972,44.87678688013901,0.473,red2,UNK,22.34773,21.620388,20.663078,19.964846,19.659767
153344.11+554011.4,233.43381811113733,55.669847521382245,0.427,red2,GALAXY,22.653206,22.09106,20.994547,20.333447,19.918407
153452.79+443028.3,233.71996977809508,44.50788832626922,0.76,red1,UNK,21.51109,21.056889,20.91093,20.180584,19.878103
153822.92+363702.9,234.59552191079388,36.61749258301115,0.47,red2,UNK,22.493397,21.911196,20.752193,19.99743,19.703377
153903.12+540345.1,234.76301244613134,54.06254668123545,0.7952157258987427,red1,QSO,21.607317,20.929953,21.984745,21.298792,20.637001
154137.56+370241.3,235.4065247662627,37.04483068921194,0.734,red1,QSO,22.481333,21.915401,21.88076,21.369146,20.779902
154246.51+194626.1,235.693798,19.77392,0.399721,red2,UNK,19.910933,19.78029,19.237211,18.759829,18.218401
154326.99+492053.8,235.86247601150632,49.34830208517773,0.34233996272087097,red2,QSO,22.443647,21.85204,21.112083,20.644957,20.041338
154439.31+472716.3,236.16381142254232,47.45455064514266,0.7075291872024536,red1,QSO,21.652428,21.106396,21.07725,20.528746,20.042915
154540.88+441709.9,236.42035829608926,44.28609816111359,0.7760788798332214,red1,QSO,21.581778,21.700333,21.785124,21.202765,20.748226
154729.19+092517.7,236.871633,9.421589,0.684253,red1,UNK,22.30256,22.028303,20.788012,19.880869,19.725306
154919.73+030619.9,237.3322224985654,3.105528206834593,0.68,red1,QSO,21.681707,21.17063,20.289635,19.542255,18.981745
155007.97+563132.2,237.53321223687533,56.5256266473607,0.7665693163871765,red1,QSO,21.916252,21.618553,21.544067,20.90293,20.454012
155106.78+581140.3,237.77827929928824,58.19454354646299,0.7325801253318787,red1,QSO,22.573574,21.774914,21.550562,21.11488,20.481955
155213.55+065733.6,238.0564663210521,6.959359888090985,0.759,red1,UNK,22.398191,21.643677,21.378248,20.663446,20.130642
155319.58+174940.5,238.33159912430284,17.827927783929848,0.464,red2,UNK,22.165686,21.852198,21.19805,19.846138,20.012064
155531.07+360447.0,238.8794834795143,36.07974004263889,0.7996019124984741,red1,QSO,22.759813,22.37832,22.226917,22.037489,20.472696
155658.80+403345.9,239.24503427985383,40.56275889851444,0.37099456787109375,red2,QSO,22.187279,22.149626,21.515827,21.185438,19.616135
155702.15+435548.5,239.25899631173866,43.93014217819703,0.75,red1,UNK,21.915024,21.415747,20.986235,20.185343,19.774101
155728.73+345331.0,239.3697119913337,34.89195897659804,0.46153557300567627,red2,QSO,21.017763,20.914595,20.87206,20.356972,19.68474
155904.71+453834.3,239.76966136094387,45.64286882336656,0.8745527267456055,red1,QSO,22.707941,22.066061,21.34383,20.760794,20.24645
155952.81+485350.9,239.97008050279823,48.89747908947371,0.7785020470619202,red1,QSO,22.195257,21.41417,21.621862,21.118715,20.532476
160010.53+203453.3,240.04389564260242,20.581487701415007,0.859,red1,VI,22.373827,21.913061,21.276875,20.577803,20.143854
160048.35+522602.4,240.20146500787845,52.43401124837209,0.34217914938926697,red2,QSO,21.928642,21.350069,20.16451,19.571758,19.122782
160104.47+163415.8,240.26863504116153,16.571074408350956,0.794,red1,UNK,21.470884,21.188763,20.889307,20.214024,19.83642
160446.98+312721.2,241.1957694468985,31.45591428762821,0.401,red2,UNK,21.16759,21.10167,20.249174,19.632729,19.194008
160553.00+455052.2,241.47085715989311,45.84783594411563,0.45126742124557495,red2,QSO,22.514837,21.8597,21.4754,20.966356,19.662848
160630.06+400239.6,241.6252799021227,40.044358282761564,0.735,red1,UNK,21.793812,21.231455,20.570984,19.847145,19.5136
160755.63+092219.0,241.98181950915864,9.37195450249094,0.472,red2,UNK,21.68267,21.54839,20.7946,20.132614,19.788132
160837.46+395458.2,242.15608878246272,39.91618371093639,0.8228241801261902,red1,QSO,22.007145,21.993256,21.967068,21.560598,20.876425
160941.39+552913.3,242.4224850289113,55.48704699053187,0.4739304780960083,red2,QSO,21.559391,21.312141,20.883167,20.373045,19.875313
161104.75+534956.0,242.76982745994837,53.832240660453515,0.435,red2,QSO,21.031527,20.907145,20.452597,19.715519,19.399778
161249.19+453952.6,243.20495833172714,45.66461588213155,0.7867083549499512,red1,QSO,22.547709,21.839066,21.393469,20.816301,20.283081
161359.04+245811.4,243.4960195116827,24.96985462339273,0.763,red1,QSO,21.871498,21.315046,21.73878,21.613806,20.385157
161709.06+334212.4,244.287757,33.703446,0.73051,red1,UNK,19.38713,25.02763,24.739513,24.314825,22.792967
161809.74+350208.8,244.5406050444104,35.03580416335323,0.446,red2,QSO,21.250088,20.599754,19.736,19.025066,18.600468
161818.03+341645.6,244.57515874529912,34.27935009258906,0.7762255072593689,red1,QSO,22.172554,21.620901,20.843529,20.237032,19.795572
161955.74+560601.9,244.98226762899878,56.10054068958598,0.7131507396697998,red1,QSO,22.212652,21.453968,20.973574,20.31661,19.905874
162000.27+471234.7,245.00116026260613,47.209654488631585,0.7804493308067322,red1,QSO,22.392944,22.02564,22.064505,21.36088,20.598742
162055.97+502456.6,245.23323857740695,50.4157371570075,0.7316875457763672,red1,QSO,23.346294,22.626331,22.244081,21.337858,21.17728
162314.46+344752.7,245.8102522368917,34.79798288276343,0.8141402006149292,red1,QSO,22.010048,22.342272,21.496906,20.362862,19.87091
162415.20+420030.8,246.06334398365868,42.008571494232484,0.8363155722618103,red1,QSO,22.096518,21.780464,21.817825,21.414629,20.642096
162524.79+402607.7,246.35329216155412,40.435483865196204,0.7935751676559448,red1,QSO,22.158827,21.98488,21.853405,21.447311,20.638987
162535.65+373702.9,246.39855535473063,37.617478261844845,0.838,red1,UNK,22.177168,21.978352,21.033175,20.035757,19.345629
162645.75+341346.1,246.69064418089363,34.229482774193656,0.7023177146911621,red1,QSO,20.674955,20.115381,24.758253,20.400274,19.839678
162758.00+525213.4,246.9916687267797,52.8703955924196,0.7366961240768433,red1,QSO,22.36799,21.844692,21.522053,21.237968,20.402374
163042.58+234838.4,247.6774499967326,23.810676647839497,0.387,red2,QSO,21.251541,21.10893,20.583567,20.172367,19.489508
163120.80+353048.1,247.83667384286423,35.513373053422576,0.7250069379806519,red1,QSO,21.278439,20.579056,20.299026,19.691689,19.232761
163447.14+244017.8,248.69643347179812,24.67163316077049,0.738,red1,QSO,22.37562,21.622404,20.87364,20.410065,19.852478
163630.76+424414.9,249.12818870253975,42.73749088153828,0.41738805174827576,red2,QSO,22.178553,21.601543,21.075306,20.555262,20.06692
163708.86+403555.3,249.28693748360547,40.59871288904377,0.4317799210548401,red2,QSO,22.86301,22.23568,21.543098,20.891872,20.476948
163820.30+313613.0,249.58461112309408,31.603615436807463,0.8104618787765503,red1,QSO,21.56556,21.744673,21.68978,21.151314,20.635227
163946.60+390649.9,249.9441766982282,39.11388408812399,0.3486160337924957,red2,QSO,23.146448,22.49695,20.986244,20.426289,19.87431
164045.57+193255.2,250.18990039576255,19.548686526541125,0.778,red1,UNK,21.385204,20.589832,20.95822,20.447979,19.927345
164232.61+355538.3,250.63591351830615,35.9273116949098,0.791901707649231,red1,QSO,22.448309,21.86065,21.464928,20.884916,20.344929
164553.87+382007.9,251.47447284181118,38.33554183421556,0.3459584414958954,red2,QSO,21.458069,20.687515,19.844837,19.432896,18.75719
164630.09+403814.3,251.62540985098482,40.63732004167576,0.8697172403335571,red1,QSO,22.112368,21.488071,21.357737,20.993685,20.19181
164709.14+352044.7,251.78809410285976,35.34575871068489,0.7332150340080261,red1,QSO,22.27021,21.73087,21.45652,20.856222,20.383333
164741.14+374135.5,251.9214316658883,37.693205320182955,0.433,red2,UNK,21.467705,21.351738,20.888435,20.180763,19.785006
164911.48+492438.9,252.29786240764685,49.41081483862278,0.34448373317718506,red2,QSO,20.767555,20.8626,20.13411,19.696957,19.10473
165343.05+410204.4,253.42938683199094,41.034556716470846,0.8230774998664856,red1,QSO,21.870926,21.721336,21.899912,21.27707,20.878237
165352.32+343837.1,253.4680302309855,34.64365651474688,0.7128730416297913,red1,QSO,22.433533,21.67,21.641752,21.280552,20.58594
165532.71+423340.7,253.886301,42.561307,0.40427,red2,UNK,21.127003,20.531586,20.013092,19.545074,18.86582
165600.17+412413.4,254.00071808575672,41.40373507452613,0.3735189139842987,red2,QSO,22.93748,22.156967,20.666384,20.035374,19.437443
170003.29+433811.2,255.0137218073747,43.63646899816077,0.7639957666397095,red1,QSO,21.74276,21.659859,21.731705,21.33398,20.497005
170044.89+362953.0,255.1870771081098,36.49806827581594,0.454,red2,UNK,22.041801,21.65263,21.034145,20.282848,20.031187
170106.06+342045.8,255.27528021929118,34.34605852915525,0.7398114204406738,red1,QSO,22.479729,22.235817,21.343847,20.689337,20.3218
170433.56+313200.8,256.1398689727368,31.533556377162775,0.6982734203338623,red1,QSO,22.054697,21.735296,21.269253,20.59394,20.104195
170446.03+372148.3,256.19183088306715,37.363430053725175,0.79,red1,QSO,21.292173,20.849848,20.640509,20.073433,19.611555
170558.15+390122.1,256.4923254692959,39.022826364429214,0.7445765137672424,red1,QSO,22.55134,22.075895,21.50391,20.924913,20.385178
170606.16+395402.5,256.52570670659827,39.900704437389116,0.692,red1,UNK,22.369415,22.192535,21.645912,20.800055,20.077312
170811.61+244313.3,257.048385,24.720373,0.811185,red1,UNK,21.55032,21.337267,20.80465,19.939188,19.528662
170948.05+402400.7,257.45024477946146,40.400202282282706,0.820976197719574,red1,QSO,22.339136,21.664162,21.445679,21.08676,20.357695
171328.69+402123.7,258.36956937543516,40.356585684940946,0.451,red2,UNK,21.791595,21.365059,20.653658,20.013502,19.470419
171344.84+364254.0,258.4368728360076,36.71502113462373,0.35613229870796204,red2,QSO,20.404032,20.145906,19.45515,19.040552,18.446676
172008.44+382204.9,260.03516868698983,38.36803589362669,0.7953353524208069,red1,QSO,21.602932,21.380636,21.181337,20.45976,19.98079
172124.57+603514.6,260.352411,60.587415,0.470249,red2,UNK,20.560947,20.280298,20.164461,19.593746,19.10209
210345.64-005623.1,315.940176,-0.939765,0.422981,red2,UNK,20.322685,19.99031,19.620207,19.14141,18.599758
210835.39+001713.8,317.14747751846244,0.28716685209923193,0.436,red2,UNK,22.003235,21.594147,20.80404,20.18104,19.786343
211146.95+005855.0,317.94565446694037,0.9819592157601764,0.74,red1,QSO,23.086363,23.253176,23.062332,21.761389,21.322063
211212.68+061107.1,318.0528639267061,6.185327510455863,0.6835395097732544,red1,QSO,22.654505,22.092386,21.622704,21.135834,20.468071
211458.17+004745.1,318.7423996467119,0.7958613774964446,0.395,red2,UNK,21.096226,20.802357,24.577948,24.195454,19.597656
212233.02+005527.2,320.6375956055166,0.9242361534827085,0.404,red2,UNK,22.181583,22.001673,21.115425,20.50496,20.047634
212305.03+082820.3,320.7709598698716,8.472313385369267,0.443,red2,UNK,23.20689,22.634708,21.138775,20.040737,19.731493
212353.34+004709.2,320.9722584286009,0.785904110589621,0.772,red1,QSO,23.492682,22.8097,23.19731,22.395164,21.207048
212501.07-081000.1,321.254496,-8.166705,0.863524,red1,UNK,18.65476,18.454998,24.611397,24.217218,18.488834
212657.62+031402.0,321.74009788046203,3.2339108673591506,0.7095394730567932,red1,QSO,22.096298,22.178852,21.361612,20.675716,20.205732
212710.71-003740.3,321.79462666701744,-0.6278770929825768,0.693,red1,UNK,22.151808,21.373991,20.806078,20.132534,19.776152
213028.53+005658.2,322.61887751524796,0.9495115884476791,0.8754649758338928,red1,QSO,22.099508,22.171354,21.774107,21.382956,20.524004
213048.18-004229.8,322.70077927060373,-0.7082962588875162,0.45,red2,UNK,22.583702,21.844387,20.745878,20.239435,19.737011
213135.42-003712.7,322.897612615732,-0.62021992269455,0.719,red1,QSO,22.460274,22.376486,21.884293,21.424936,20.580658
213335.13-010131.1,323.3963953017156,-1.0253127260836192,0.7958967089653015,red1,QSO,22.346716,21.969103,21.956167,21.651106,20.628618
213509.43-003720.9,323.78929802297955,-0.6224777803717504,0.734842836856842,red1,QSO,22.050972,21.84721,21.416157,21.002132,20.404898
214028.60+014302.3,325.119181573206,1.7173059030961848,0.4471275210380554,red2,QSO,22.09555,21.858877,21.173784,20.578749,20.145111
214051.68-010134.5,325.21536455398336,-1.0262720897583313,0.833,red1,QSO,22.041883,21.735823,21.580488,21.125156,20.53745
214053.14-010643.7,325.2214387257806,-1.1121638869301926,0.3958998918533325,red2,QSO,22.148085,21.894926,21.341213,20.876614,20.1425
214426.70-010823.5,326.1112520089556,-1.139864144120612,0.8695759773254395,red1,QSO,21.65645,21.668413,21.403372,21.047539,20.296463
214619.79-012137.8,326.5824641172728,-1.3605219126070591,0.8138847351074219,red1,QSO,21.76873,21.434406,21.465868,20.883657,20.416372
214714.22-004642.6,326.8092705379818,-0.7785137265609432,0.684,red1,UNK,21.825294,21.156967,20.6992,20.075706,19.67149
214806.52+280926.9,327.0271713705032,28.157499361558397,0.7370011210441589,red1,QSO,22.369207,21.820494,21.847757,21.52617,20.633833
215506.98+233230.1,328.7790884048584,23.541707001846667,0.7784478664398193,red1,QSO,21.740494,21.477644,21.40532,21.032879,20.320065
215605.30+183547.8,329.02210493465554,18.596634396915306,0.7130469083786011,red1,QSO,22.114128,21.703995,21.701971,21.242188,20.670095
215707.83+300818.2,329.2826491297318,30.138414840448647,0.45628800988197327,red2,QSO,21.27755,20.487955,21.243624,20.89292,19.507734
215822.77+213648.2,329.59491601567476,21.61341341271383,0.7063242793083191,red1,QSO,22.306007,21.98002,21.948462,21.599516,20.881752
215952.37-010345.0,329.9682287999576,-1.062508420700316,0.42093250155448914,red2,QSO,21.404196,21.428928,21.243233,20.757362,20.157473
220020.13+260050.9,330.08389338959967,26.014165092046255,0.7949044704437256,red1,QSO,21.62584,21.321848,21.235664,20.272348,19.96294
220036.24-013037.5,330.15100237816785,-1.510420981602123,0.8668849468231201,red1,QSO,21.151295,21.18274,21.476112,20.939463,20.434528
220041.70+123218.6,330.17379,12.538515,0.288597,red2,UNK,17.49205,17.631712,18.53332,17.775743,17.237352
220247.52-003837.9,330.69803177728727,-0.643880699883859,0.424,red2,UNK,21.989113,21.210146,20.932339,20.516397,19.909636
220337.17-004225.7,330.9048871962612,-0.7071410967215298,0.288,red2,UNK,21.757301,21.234753,20.195833,19.759613,18.991806
220429.96+273850.4,331.1248685502139,27.647341425905857,0.6932762265205383,red1,QSO,21.85873,21.590498,21.09846,20.499891,20.032705
220531.94+010257.6,331.38311585575764,1.0493383934896974,0.716,red1,UNK,22.68188,22.361607,21.89594,21.105347,20.523083
220735.67-005829.8,331.8986575967264,-0.9749589094150649,0.6885626912117004,red1,QSO,22.48024,22.132467,21.91207,21.237667,20.785324
220801.89+295621.7,332.00787888222646,29.939373119882056,0.7547467947006226,red1,QSO,22.701836,22.524982,21.851238,21.638765,20.003674
220859.24+194430.5,332.2468739961203,19.741809195828747,0.6882619261741638,red1,QSO,21.933708,21.320414,21.05146,20.493807,20.044588
220949.10+311844.3,332.4546174309656,31.31231585235843,0.7457404732704163,red1,QSO,21.970814,21.844555,21.797258,21.339817,20.755894
220956.54+215647.2,332.48560790835865,21.94645861247591,0.842,red1,QSO,22.124708,21.543823,21.54005,21.207827,20.4247
221026.82-001720.9,332.61178058189756,-0.28914507462692596,0.452,red2,UNK,21.341637,20.910368,20.459705,20.003027,19.396442
221029.67+010843.8,332.6236288742792,1.1455030883762864,0.744,red1,QSO,22.567331,22.059052,21.711952,21.039074,20.40204
221108.48+261147.4,332.7853440911929,26.196502640293897,0.4605657160282135,red2,QSO,22.396755,21.731174,21.34979,20.809246,20.254496
221120.38+010905.6,332.83491941757745,1.15157627413146,0.3410740792751312,red2,UNK,22.079464,21.93566,21.047173,20.49359,19.936653
221302.57+003015.9,333.260714,0.504423,0.763843,red1,UNK,21.588026,21.051184,21.000292,20.646475,19.940454
221328.84-000759.4,333.37017104919323,-0.13318349319353792,0.7946889400482178,red1,QSO,22.974195,22.403868,22.069118,21.754232,20.969275
221706.94-005359.9,334.27892212015297,-0.8999976309586579,0.691,red1,UNK,21.752697,21.280193,21.166506,20.758015,20.017923
221724.33+010841.3,334.35139644217287,1.144816320395774,0.8510482907295227,red1,QSO,23.461931,22.84303,21.827366,21.481394,20.71994
221826.15+000012.8,334.6089616749576,0.0035736101182920104,0.4284464120864868,red2,QSO,21.18481,20.696129,20.463676,19.891342,19.406153
221958.69+011045.1,334.9945568712301,1.179210491433455,0.831,red1,UNK,22.033178,21.693441,21.042929,20.578428,19.947643
222023.43+310731.8,335.09765777171367,31.12552689828529,0.7604830265045166,red1,QSO,22.363838,21.813686,21.254232,21.1409,19.879482
222216.64+005451.1,335.56935783779744,0.9142148670816398,0.7844030261039734,red1,QSO,21.96468,22.06306,21.408669,20.621763,20.258123
222220.22-011334.5,335.5842811676965,-1.2262525727121911,0.75,red1,UNK,21.959513,21.377863,21.035269,20.226198,19.87582
222249.63+011225.7,335.7067954895683,1.207160400610909,0.7952640652656555,red1,QSO,21.954824,21.579945,21.32785,20.840164,20.29907
222301.79+150531.7,335.7574788590897,15.092150048311776,0.469,red2,UNK,21.483732,21.20039,20.788134,20.055565,19.720362
222313.25+021023.9,335.8052255517883,2.1733095051788243,0.4290735423564911,red2,QSO,22.438196,21.918673,21.36409,20.664854,20.158882
222335.55+004332.2,335.898134,0.725624,0.75122,red1,UNK,21.691832,21.197662,20.49996,20.357967,18.98681
222349.96-010133.5,335.95816826748614,-1.025980695492313,0.4595721960067749,red2,QSO,22.681417,22.39841,21.9204,21.299728,20.819208
222410.98+284117.4,336.045763213392,28.688182733881604,0.7420005798339844,red1,QSO,22.694113,22.07879,21.684162,21.111198,20.608576
222534.04+151105.3,336.3918396249922,15.184828291970652,0.819,red1,UNK,21.975815,21.192217,20.966791,20.353748,19.781172
222603.64+002449.2,336.51517568412766,0.41368944226985516,0.7269915342330933,red1,QSO,22.735798,22.011356,21.750523,21.18057,20.5913
222723.77+320145.4,336.8490579283837,32.029291021269444,0.4690570831298828,red2,QSO,21.293728,20.6241,20.55314,20.04886,19.54397
222829.12+303601.7,337.12133346882354,30.600498110801055,0.6861456632614136,red1,QSO,21.616556,21.398746,21.245108,20.556725,20.238535
222946.24+211357.1,337.442683475875,21.232555245289433,0.444177508354187,red2,QSO,21.416883,21.581917,21.042572,20.5078,19.888294
223122.02+005212.1,337.84175259612357,0.8700374161937771,0.7348985075950623,red1,QSO,21.968996,21.53573,21.670033,21.180021,20.642084
223159.59+330231.0,337.9983154413287,33.041965784457005,0.42185840010643005,red2,QSO,22.219913,21.774355,21.246584,20.50132,20.199001
223331.29+201756.2,338.3803968237965,20.298957489830492,0.7119030952453613,red1,QSO,22.06084,21.905302,21.802628,21.426712,20.6583
223354.25-010759.7,338.47606829557793,-1.133255490143067,0.416,red2,UNK,22.759598,22.12149,21.119293,20.555449,20.06812
223619.97+001117.3,339.0832194308932,0.1881620844291131,0.7796602845191956,red1,QSO,21.991356,21.5388,21.679499,21.220165,20.62189
223700.72+010200.7,339.25303320572203,1.0335536119072997,0.8769309520721436,red1,QSO,22.473011,22.161762,21.966274,21.57537,20.784163
223717.98+001937.6,339.3249498339027,0.32711557928454355,0.7392915487289429,red1,QSO,23.082113,22.665428,22.407436,21.525343,21.006624
224021.45-030245.2,340.08940650945965,-3.045899082607107,0.451,red2,UNK,21.719048,21.845434,21.117346,20.420794,20.014843
224057.21+203225.8,340.2383968316172,20.540500704100992,0.4675765335559845,red2,QSO,22.024803,21.34355,21.230368,20.509903,20.12077
224101.98+271207.4,340.25827950230007,27.202064228036505,0.8772546648979187,red1,QSO,23.023584,22.269808,21.888712,21.607836,20.598728
224107.47+330649.3,340.2811270041167,33.11370153502186,0.783,red1,QSO,22.588413,21.853954,21.957947,21.62933,20.740305
224213.27+005328.0,340.5552983653156,0.8911146349383202,0.826472282409668,red1,QSO,21.78643,21.763618,21.7723,21.230043,20.427286
224344.83+240605.8,340.93679192615787,24.101612546418448,0.846,red1,QSO,22.311434,21.602156,21.383432,20.897022,20.213045
224348.11+042709.6,340.9504659343397,4.45268328863272,0.752428412437439,red1,QSO,22.9916,22.553408,21.77652,21.187996,20.372192
224603.14+040838.0,341.5131133468392,4.143898818979,0.8542898297309875,red1,QSO,21.646078,21.661886,21.521496,21.23246,20.380442
224638.09+011355.2,341.6587183900846,1.2320198556062327,0.386,red2,QSO,21.377825,21.517782,21.139437,20.819468,20.031845
224906.93+180053.9,342.27890233620025,18.014977178941503,0.34509551525115967,red2,QSO,21.572638,21.425425,20.248724,19.605728,19.117981
225106.81-080107.8,342.778379,-8.018843,0.449759,red2,UNK,21.42362,20.94465,19.883144,19.297955,18.863142
225311.01+004103.2,343.29588719001714,0.6842397143009614,0.7059504389762878,red1,QSO,22.187164,22.19059,21.78233,20.945814,20.75761
225344.90-004732.4,343.4370948232572,-0.7923492528606206,0.8282440900802612,red1,QSO,22.96934,22.213644,21.68011,21.10934,20.548437
225350.31+033129.5,343.45965963610024,3.524873065999237,0.8343055248260498,red1,QSO,22.213816,21.726618,21.669153,21.319332,20.595194
225506.42+213702.6,343.7767678761301,21.6174159006775,0.787,red1,QSO,21.671059,22.083723,21.927288,21.493765,20.835045
225512.60+042656.6,343.8025326783612,4.449075645867097,0.7455586791038513,red1,QSO,22.539837,21.778183,21.592434,21.168839,20.42471
225637.06+002038.2,344.1544203430587,0.34396693572268733,0.8361085057258606,red1,QSO,21.993986,21.425262,21.595657,21.226028,20.47148
225824.86+203224.0,344.6035955208623,20.540001469454545,0.39227575063705444,red2,QSO,20.6874,20.768612,20.289917,19.768694,19.095556
225936.09+242924.9,344.90038766477335,24.49025335233229,0.8240793347358704,red1,QSO,22.515162,21.788567,22.379013,22.25814,20.672852
230024.09+004420.3,345.10038094846516,0.738975781863007,0.819247841835022,red1,QSO,22.672619,22.261759,22.277359,21.519941,20.91458
230158.37+062512.5,345.4932389530498,6.420157627566171,0.31269949674606323,red2,QSO,20.986282,20.936062,20.05906,19.693169,18.947115
230223.86+000848.6,345.5994448161105,0.1468478638083883,0.759,red1,QSO,20.165184,23.565668,22.724976,20.13059,19.855701
230303.93+010236.2,345.7663754762061,1.0434164774482642,0.7007397413253784,red1,QSO,22.38876,21.592852,21.675983,21.18989,20.585253
230308.41+010103.5,345.78505599342486,1.0176403182734899,0.45,red2,QSO,22.063608,21.365034,20.531803,20.043108,19.516777
230507.35-004754.1,346.28066207924525,-0.7983813020858236,0.7630000114440918,red1,QSO,22.864847,22.624067,22.544853,21.980923,21.487873
230543.65+333008.1,346.43188518726214,33.502277517521996,0.7881337404251099,red1,QSO,21.07267,20.566708,21.67403,21.096867,20.17772
230746.44+312328.8,346.94352781990574,31.391334141475483,0.4154897928237915,red2,QSO,21.622553,21.475786,20.786636,20.123436,19.655313
230759.69+220104.2,346.99871471207234,22.017855185252948,0.8634885549545288,red1,QSO,22.066639,21.994516,21.746643,21.30163,20.743698
230818.09+054333.9,347.0753940751387,5.726083643171456,0.8685991168022156,red1,QSO,22.018347,21.348402,21.500011,21.042767,20.372417
230924.77+064335.2,347.35324804789224,6.726468698440695,0.8479616045951843,red1,QSO,22.112644,22.07926,21.949121,21.61564,20.784006
230954.48+345558.9,347.4770321625002,34.93304428033536,0.7693548798561096,red1,QSO,22.372276,21.891275,21.470615,20.737062,20.215172
230958.10+180342.9,347.4921092244575,18.06191935769557,0.816,red1,QSO,20.99407,20.296886,19.412098,19.031559,18.244507
230959.39+190214.5,347.497482805765,19.037387406833762,0.7210834622383118,red1,QSO,21.441568,21.434591,21.483839,20.945637,20.47545
231037.05+333126.0,347.65439269477287,33.52390135409329,0.4547308683395386,red2,QSO,22.191545,21.789795,21.20804,20.63012,20.079075
231058.26-000827.4,347.74277949954967,-0.1409581483485885,0.6821104884147644,red1,QSO,23.685837,23.113874,21.725222,20.915863,20.505404
231123.48+010625.9,347.84784594044106,1.1071987197759243,0.4387178122997284,red2,QSO,22.18386,21.84743,21.545527,21.016943,20.441523
231134.98+041137.8,347.8957505956188,4.193860618342892,0.7246819138526917,red1,QSO,21.53652,21.351223,21.025208,20.620396,19.93033
231225.27-003529.8,348.1053238542255,-0.591621098687878,0.8610336184501648,red1,QSO,22.443514,21.714157,21.539394,20.982538,20.378012
231333.93-005109.8,348.3913845366564,-0.8527421345708781,0.4,red2,UNK,20.702671,20.559425,20.03745,19.639875,19.001955
231536.68-001005.6,348.90287027782375,-0.16822863963549156,0.7507656216621399,red1,QSO,22.260458,22.15732,21.981443,21.294104,20.83924
231622.12-000202.8,349.09220784361713,-0.034134872021682514,0.8023399710655212,red1,QSO,22.403732,21.624378,21.185122,20.754416,20.014336
231626.52-000417.8,349.1105196621892,-0.07162010376899834,0.479,red2,UNK,22.760208,22.07682,21.284649,20.662626,20.123981
231929.90+335737.6,349.87461239939466,33.96045222303929,0.436398983001709,red2,QSO,21.615393,21.653582,20.908306,20.33116,19.818167
231932.06+224847.4,349.88359858836,22.81317292119174,0.729,red1,QSO,21.668133,21.914957,21.774405,21.4907,20.612293
232023.85+234535.4,350.099391444936,23.759833976269245,0.8004702925682068,red1,QSO,20.025303,21.526114,20.931746,20.643509,19.520708
232050.51+001425.4,350.2104700265844,0.2404105709104531,0.7682457566261292,red1,QSO,23.31012,23.046045,22.030617,21.402035,20.778057
232248.68+043543.5,350.7028653643097,4.595419053053786,0.46675828099250793,red2,QSO,22.24854,21.622778,20.311178,19.39688,18.755444
232601.11+005130.3,351.5046424762219,0.8584219476414264,0.7363404631614685,red1,QSO,21.95663,21.569902,21.370274,20.904505,20.272367
232959.81+085222.9,352.4992092711946,8.87302851565766,0.8730693459510803,red1,QSO,22.44478,21.940125,21.539623,20.911127,20.398344
233126.69+253703.4,352.86121350827597,25.617637479670666,0.7602844834327698,red1,QSO,21.893051,21.350279,21.218002,20.80483,20.134317
233200.12+081135.4,353.00051749784507,8.193182399200243,0.6841647624969482,red1,QSO,22.321898,21.992544,21.420671,20.577782,20.204424
233211.20+211100.5,353.04666892816573,21.183497041330725,0.8591871857643127,red1,QSO,22.252174,21.548689,21.797516,21.26357,20.369726
233403.50+285450.8,353.5145867867484,28.91411415274243,0.7216099500656128,red1,QSO,22.129923,21.385021,20.987293,20.375927,19.884161
233404.02+084725.7,353.5167711950555,8.790484801871596,0.38409554958343506,red2,QSO,21.689781,21.096603,19.967186,19.419952,18.85676
233451.53-002320.1,353.7147137189065,-0.38894211005279056,0.467,red2,UNK,22.440063,21.751284,20.957403,20.298283,19.837934
233554.44+271514.5,353.97687076281875,27.25402881255504,0.8339213728904724,red1,QSO,22.065004,21.485596,21.432022,21.035194,20.102463
233644.48+002504.3,354.1853567803942,0.41786790297056475,0.842,red1,QSO,22.718601,22.461996,22.341738,22.11029,20.80092
233738.02+010056.1,354.40842379510593,1.01559399856661,0.708,red1,QSO,22.532942,21.86301,21.899876,21.287186,20.55694
234322.49+315918.1,355.8437224040435,31.98838384943185,0.711984395980835,red1,QSO,23.197208,22.586172,21.80078,21.514666,20.25716
234548.28+031007.6,356.4512027169292,3.168793368021506,0.6852194666862488,red1,QSO,22.020767,21.809027,21.367514,20.71277,20.361452
234631.67+240043.1,356.6319842337784,24.011974758175402,0.40810874104499817,red2,QSO,21.836008,21.229183,20.682281,20.21465,19.631567
234641.03+045545.7,356.6709845960653,4.9293719399216,0.7087395787239075,red1,QSO,19.929707,21.267035,21.037308,21.001991,19.391525
234743.18+010602.5,356.9299377697039,1.1006978505753173,0.754,red1,UNK,22.673712,21.902035,21.877277,21.396156,20.518969
234743.66+020815.6,356.93192173567456,2.1376934131946874,0.7755760550498962,red1,QSO,22.099514,21.492018,21.443771,21.029438,20.42425
234842.40+041635.9,357.1766810864993,4.276648024143885,0.8515443801879883,red1,QSO,22.917452,22.140743,21.566278,21.10154,20.275517
234843.64+304638.5,357.18185108062755,30.777369804699408,0.8709514737129211,red1,QSO,22.12308,21.691643,21.460785,21.033587,20.440653
234908.09+195322.3,357.2837299450674,19.889545686427994,0.8231672644615173,red1,QSO,21.364307,21.367731,21.38122,20.993822,20.280602
234957.77-085633.7,357.490744,-8.942699,0.703674,red1,UNK,21.66231,20.947586,20.485025,20.21037,19.256092
235042.15-010424.9,357.6756453739019,-1.0736054846957441,0.397,red2,UNK,22.348309,21.724255,20.583485,19.991,19.34899
235050.73-002848.5,357.7113948722511,-0.4801556742347237,0.441263,red2,QSO,20.75289,20.546349,20.166332,19.68737,19.139421
235051.11+333645.6,357.71299840401207,33.612681527824975,0.4635920226573944,red2,QSO,22.003181,21.58392,21.130013,20.410574,20.006302
235225.51+353756.8,358.10630053922563,35.63246640800012,0.7399999499320984,red1,QSO,22.251335,21.680376,20.345892,19.542845,18.847603
235233.17+274427.4,358.1382490556489,27.740958949757395,0.745,red1,QSO,21.676434,21.391426,20.945738,20.507181,19.8253
235310.00+331257.6,358.291668022658,33.21600336819034,0.4618871212005615,red2,QSO,22.467552,21.726038,20.431673,19.771254,19.354736
235327.07+063529.6,358.362831107744,6.5915556026166895,0.7313122749328613,red1,QSO,22.534256,22.051212,21.336912,20.69402,20.328638
235349.53+183509.1,358.4563878272983,18.585861463771142,0.40817272663116455,red2,QSO,22.131336,21.66218,20.867832,20.159836,19.771984
235406.50+005221.3,358.52710960472484,0.8725974487546351,0.457,red2,UNK,21.743845,21.235197,20.42244,19.847542,19.397894
235414.98-011845.5,358.5624330374632,-1.3126504159225458,0.40147656202316284,red2,QSO,22.110586,21.616602,21.010235,20.52428,20.008589
235553.92-011425.9,358.97467178858955,-1.240540713338897,0.8367848992347717,red1,QSO,22.947475,22.324814,21.945505,21.505547,20.756853
235603.47+005814.8,359.0144614179532,0.9707993128760973,0.7686166763305664,red1,UNK,22.51748,21.81119,21.342167,20.834879,20.299139
235645.81+002253.7,359.19090559101267,0.38159659793316575,0.863196611404419,red1,QSO,22.930634,22.297419,22.100756,21.810246,20.982962
235724.35+103223.2,359.35149969589895,10.539779332409418,0.7803745269775391,red1,QSO,22.826416,22.225822,20.79789,20.221895,19.67831
235745.59+043855.1,359.4399640903588,4.648664542506953,0.40167760848999023,red2,QSO,21.347666,20.934967,20.479567,19.990307,19.456057
235755.46+263818.6,359.4811133927518,26.638527607386827,0.8340528011322021,red1,QSO,21.452852,20.881844,21.058079,20.608519,19.742447
235842.25+241323.2,359.6760619436623,24.223123093622714,0.4771574139595032,red2,QSO,21.587734,21.31166,21.141523,20.523567,19.970634
235918.49-031025.8,359.82707889231426,-3.1738595447440265,0.86,red1,QSO,21.627888,21.585428,20.89987,20.267393,19.821747
235931.18+335033.0,359.87994498784633,33.84252701749978,0.7714477181434631,red1,QSO,21.981997,21.86117,21.860783,21.587366,20.54692
235940.58-002803.5,359.9190838810991,-0.4676546798764478,0.8599485158920288,red1,QSO,22.960192,22.164343,21.392582,20.804007,20.35045
